#
# There is insufficient memory for the Java Runtime Environment to continue.
# Native memory allocation (malloc) failed to allocate 1414880 bytes. Error detail: Chunk::new
# Possible reasons:
#   The system is out of physical RAM or swap space
#   This process is running with CompressedOops enabled, and the Java Heap may be blocking the growth of the native heap
# Possible solutions:
#   Reduce memory load on the system
#   Increase physical memory or swap space
#   Check if swap backing store is full
#   Decrease Java heap size (-Xmx/-Xms)
#   Decrease number of Java threads
#   Decrease Java thread stack sizes (-Xss)
#   Set larger code cache with -XX:ReservedCodeCacheSize=
#   JVM is running with Zero Based Compressed Oops mode in which the Java heap is
#     placed in the first 32GB address space. The Java Heap base address is the
#     maximum limit for the native heap growth. Please use -XX:HeapBaseMinAddress
#     to set the Java Heap base and to place the Java Heap above 32GB virtual address.
# This output file may be truncated or incomplete.
#
#  Out of Memory Error (arena.cpp:168), pid=21588, tid=1884
#
# JRE version: OpenJDK Runtime Environment Temurin-21.0.11+10 (21.0.11+10) (build 21.0.11+10-LTS)
# Java VM: OpenJDK 64-Bit Server VM Temurin-21.0.11+10 (21.0.11+10-LTS, mixed mode, sharing, tiered, compressed oops, compressed class ptrs, g1 gc, windows-amd64)
# No core dump will be written. Minidumps are not enabled by default on client versions of Windows
#

---------------  S U M M A R Y ------------

Command Line: --add-opens=java.base/java.lang=ALL-UNNAMED --add-opens=java.base/java.lang.invoke=ALL-UNNAMED --add-opens=java.base/java.util=ALL-UNNAMED --add-opens=java.prefs/java.util.prefs=ALL-UNNAMED --add-exports=jdk.compiler/com.sun.tools.javac.api=ALL-UNNAMED --add-exports=jdk.compiler/com.sun.tools.javac.util=ALL-UNNAMED --add-opens=java.base/java.util=ALL-UNNAMED --add-opens=java.prefs/java.util.prefs=ALL-UNNAMED --add-opens=java.base/java.nio.charset=ALL-UNNAMED --add-opens=java.base/java.net=ALL-UNNAMED --add-opens=java.base/java.util.concurrent=ALL-UNNAMED --add-opens=java.base/java.util.concurrent.atomic=ALL-UNNAMED --add-opens=java.xml/javax.xml.namespace=ALL-UNNAMED -XX:MaxMetaspaceSize=256m -XX:HeapBaseMinAddress=4g -XX:CICompilerCount=2 -Xss256k -Xmx1024m -Dfile.encoding=UTF-8 -Duser.country=IN -Duser.language=en -Duser.variant -javaagent:C:\Users\User\.gradle\wrapper\dists\gradle-9.0.0-bin\d6wjpkvcgsg3oed0qlfss3wgl\gradle-9.0.0\lib\agents\gradle-instrumentation-agent-9.0.0.jar org.gradle.launcher.daemon.bootstrap.GradleDaemon 9.0.0

Host: 11th Gen Intel(R) Core(TM) i5-1155G7 @ 2.50GHz, 8 cores, 7G,  Windows 11 , 64 bit Build 26100 (10.0.26100.8521)
Time: Mon Jul  6 00:52:31 2026 India Standard Time elapsed time: 13014.901404 seconds (0d 3h 36m 54s)

---------------  T H R E A D  ---------------

Current thread (0x0000020127b7ce20):  JavaThread "C2 CompilerThread0" daemon [_thread_in_native, id=1884, stack(0x0000003dc1980000,0x0000003dc1a80000) (1024K)]


Current CompileTask:
C2:13014901 29288       4       org.gradle.api.internal.artifacts.ivyservice.resolveengine.graph.builder.DependencyGraphBuilder::performSelectionSerially (119 bytes)

Stack: [0x0000003dc1980000,0x0000003dc1a80000]
Native frames: (J=compiled Java code, j=interpreted, Vv=VM code, C=native code)
V  [jvm.dll+0x6d7e19]
V  [jvm.dll+0x8b5096]
V  [jvm.dll+0x8b764e]
V  [jvm.dll+0x8b7d33]
V  [jvm.dll+0x284596]
V  [jvm.dll+0xc685d]
V  [jvm.dll+0xc6da1]
V  [jvm.dll+0x3bed6b]
V  [jvm.dll+0x38b2b2]
V  [jvm.dll+0x38a6fa]
V  [jvm.dll+0x24c700]
V  [jvm.dll+0x24bce0]
V  [jvm.dll+0x1cb4ae]
V  [jvm.dll+0x25baad]
V  [jvm.dll+0x25a03a]
V  [jvm.dll+0x3f868e]
V  [jvm.dll+0x85fb0d]
V  [jvm.dll+0x6d664d]
C  [ucrtbase.dll+0x2cd30]
C  [KERNEL32.DLL+0x2e957]
C  [ntdll.dll+0x87c1c]


---------------  P R O C E S S  ---------------

Threads class SMR info:
_java_thread_list=0x000002013e765ec0, length=50, elements={
0x000002010f4afc20, 0x0000020127b6a610, 0x0000020127b6e540, 0x0000020127b76ec0,
0x0000020127b788c0, 0x0000020127b79ac0, 0x0000020127b7a650, 0x0000020127b7ce20,
0x0000020127b80750, 0x0000020127e04ee0, 0x0000020127ddac10, 0x000002013b228390,
0x000002013aab9020, 0x0000020127bd7d10, 0x000002013b115cb0, 0x000002013b118410,
0x000002013b117060, 0x000002013c4a81c0, 0x000002013c4a5a60, 0x000002013e7f8950,
0x000002013f06b930, 0x000002013f0691d0, 0x000002013f06b2a0, 0x000002013dc62dd0,
0x000002013db49e00, 0x000002013db4bed0, 0x000002013db4b840, 0x0000020145a97140,
0x0000020145a9cd20, 0x00000201454b24f0, 0x00000201454af070, 0x00000201454b0ab0,
0x00000201454b1140, 0x00000201454b1e60, 0x00000201454b2b80, 0x00000201454af700,
0x00000201454b3210, 0x00000201454afd90, 0x00000201454b6d20, 0x00000201454b38a0,
0x00000201454b73b0, 0x00000201454b4c50, 0x00000201454b5970, 0x00000201454b3f30,
0x00000201454b52e0, 0x00000201454b45c0, 0x00000201454b8df0, 0x00000201454b7a40,
0x00000201454b80d0, 0x00000201454b8760
}

Java Threads: ( => current thread )
  0x000002010f4afc20 JavaThread "main"                              [_thread_blocked, id=16300, stack(0x0000003dc0bb0000,0x0000003dc0bf0000) (256K)]
  0x0000020127b6a610 JavaThread "Reference Handler"          daemon [_thread_blocked, id=1824, stack(0x0000003dc1800000,0x0000003dc1840000) (256K)]
  0x0000020127b6e540 JavaThread "Finalizer"                  daemon [_thread_blocked, id=25896, stack(0x0000003dc1840000,0x0000003dc1880000) (256K)]
  0x0000020127b76ec0 JavaThread "Signal Dispatcher"          daemon [_thread_blocked, id=24512, stack(0x0000003dc1880000,0x0000003dc18c0000) (256K)]
  0x0000020127b788c0 JavaThread "Attach Listener"            daemon [_thread_blocked, id=344, stack(0x0000003dc18c0000,0x0000003dc1900000) (256K)]
  0x0000020127b79ac0 JavaThread "Service Thread"             daemon [_thread_blocked, id=25784, stack(0x0000003dc1900000,0x0000003dc1940000) (256K)]
  0x0000020127b7a650 JavaThread "Monitor Deflation Thread"   daemon [_thread_blocked, id=832, stack(0x0000003dc1940000,0x0000003dc1980000) (256K)]
=>0x0000020127b7ce20 JavaThread "C2 CompilerThread0"         daemon [_thread_in_native, id=1884, stack(0x0000003dc1980000,0x0000003dc1a80000) (1024K)]
  0x0000020127b80750 JavaThread "C1 CompilerThread0"         daemon [_thread_blocked, id=21908, stack(0x0000003dc1a80000,0x0000003dc1b80000) (1024K)]
  0x0000020127e04ee0 JavaThread "Common-Cleaner"             daemon [_thread_blocked, id=6600, stack(0x0000003dc1b80000,0x0000003dc1bc0000) (256K)]
  0x0000020127ddac10 JavaThread "Notification Thread"        daemon [_thread_blocked, id=15536, stack(0x0000003dc1bc0000,0x0000003dc1c00000) (256K)]
  0x000002013b228390 JavaThread "Daemon health stats"               [_thread_blocked, id=26572, stack(0x0000003dc2000000,0x0000003dc2040000) (256K)]
  0x000002013aab9020 JavaThread "Incoming local TCP Connector on port 54131"        [_thread_in_native, id=14088, stack(0x0000003dc2040000,0x0000003dc2080000) (256K)]
  0x0000020127bd7d10 JavaThread "Daemon periodic checks"            [_thread_blocked, id=15452, stack(0x0000003dc2080000,0x0000003dc20c0000) (256K)]
  0x000002013b115cb0 JavaThread "Cache worker for journal cache (C:\Users\User\.gradle\caches\journal-1)"        [_thread_blocked, id=25440, stack(0x0000003dc2280000,0x0000003dc22c0000) (256K)]
  0x000002013b118410 JavaThread "File lock request listener"        [_thread_in_native, id=25044, stack(0x0000003dc22c0000,0x0000003dc2300000) (256K)]
  0x000002013b117060 JavaThread "Cache worker for file hash cache (C:\Users\User\.gradle\caches\9.0.0\fileHashes)"        [_thread_blocked, id=4404, stack(0x0000003dc2300000,0x0000003dc2340000) (256K)]
  0x000002013c4a81c0 JavaThread "Cache worker for file content cache (C:\Users\User\.gradle\caches\9.0.0\fileContent)"        [_thread_blocked, id=18556, stack(0x0000003dc2800000,0x0000003dc2840000) (256K)]
  0x000002013c4a5a60 JavaThread "jar transforms"                    [_thread_blocked, id=11584, stack(0x0000003dc28c0000,0x0000003dc2900000) (256K)]
  0x000002013e7f8950 JavaThread "Memory manager"                    [_thread_blocked, id=19700, stack(0x0000003dc2c00000,0x0000003dc2c40000) (256K)]
  0x000002013f06b930 JavaThread "RMI Scheduler(0)"           daemon [_thread_blocked, id=7536, stack(0x0000003dc1040000,0x0000003dc1080000) (256K)]
  0x000002013f0691d0 JavaThread "RMI TCP Accept-0"           daemon [_thread_in_native, id=20200, stack(0x0000003dc3000000,0x0000003dc3040000) (256K)]
  0x000002013f06b2a0 JavaThread "jar transforms Thread 2"           [_thread_blocked, id=16372, stack(0x0000003dc2980000,0x0000003dc29c0000) (256K)]
  0x000002013dc62dd0 JavaThread "jar transforms Thread 3"           [_thread_blocked, id=23484, stack(0x0000003dc0f40000,0x0000003dc0f80000) (256K)]
  0x000002013db49e00 JavaThread "jar transforms Thread 4"           [_thread_blocked, id=24444, stack(0x0000003dc1080000,0x0000003dc10c0000) (256K)]
  0x000002013db4bed0 JavaThread "jar transforms Thread 5"           [_thread_blocked, id=11900, stack(0x0000003dc2940000,0x0000003dc2980000) (256K)]
  0x000002013db4b840 JavaThread "jar transforms Thread 6"           [_thread_blocked, id=22608, stack(0x0000003dc2e00000,0x0000003dc2e40000) (256K)]
  0x0000020145a97140 JavaThread "jar transforms Thread 7"           [_thread_blocked, id=27048, stack(0x0000003dc0f00000,0x0000003dc0f40000) (256K)]
  0x0000020145a9cd20 JavaThread "jar transforms Thread 8"           [_thread_blocked, id=26416, stack(0x0000003dc2fc0000,0x0000003dc3000000) (256K)]
  0x00000201454b24f0 JavaThread "Daemon Thread 4"                   [_thread_blocked, id=23264, stack(0x0000003dc0f80000,0x0000003dc0fc0000) (256K)]
  0x00000201454af070 JavaThread "Handler for socket connection from /127.0.0.1:54131 to /127.0.0.1:53625"        [_thread_in_native, id=23668, stack(0x0000003dc0fc0000,0x0000003dc1000000) (256K)]
  0x00000201454b0ab0 JavaThread "Cancel handler"                    [_thread_blocked, id=21460, stack(0x0000003dc1000000,0x0000003dc1040000) (256K)]
  0x00000201454b1140 JavaThread "Daemon worker Thread 4"            [_thread_in_Java, id=18952, stack(0x0000003dc10c0000,0x0000003dc1100000) (256K)]
  0x00000201454b1e60 JavaThread "Asynchronous log dispatcher for DefaultDaemonConnection: socket connection from /127.0.0.1:54131 to /127.0.0.1:53625"        [_thread_blocked, id=30784, stack(0x0000003dc20c0000,0x0000003dc2100000) (256K)]
  0x00000201454b2b80 JavaThread "Stdin handler"                     [_thread_blocked, id=28216, stack(0x0000003dc2100000,0x0000003dc2140000) (256K)]
  0x00000201454af700 JavaThread "Daemon client event forwarder"        [_thread_blocked, id=30468, stack(0x0000003dc2140000,0x0000003dc2180000) (256K)]
  0x00000201454b3210 JavaThread "Cache worker for file hash cache (D:\Hinduja\SyncFound\codebase\syncfound-mobile-frontend\android\.gradle\9.0.0\fileHashes)"        [_thread_blocked, id=28044, stack(0x0000003dc2180000,0x0000003dc21c0000) (256K)]
  0x00000201454afd90 JavaThread "Cache worker for Build Output Cleanup Cache (D:\Hinduja\SyncFound\codebase\syncfound-mobile-frontend\android\.gradle\buildOutputCleanup)"        [_thread_blocked, id=11724, stack(0x0000003dc21c0000,0x0000003dc2200000) (256K)]
  0x00000201454b6d20 JavaThread "Cache worker for checksums cache (D:\Hinduja\SyncFound\codebase\syncfound-mobile-frontend\android\.gradle\9.0.0\checksums)"        [_thread_blocked, id=24016, stack(0x0000003dc2200000,0x0000003dc2240000) (256K)]
  0x00000201454b38a0 JavaThread "Cache worker for cache directory md-supplier (C:\Users\User\.gradle\caches\9.0.0\md-supplier)"        [_thread_blocked, id=23160, stack(0x0000003dc2240000,0x0000003dc2280000) (256K)]
  0x00000201454b73b0 JavaThread "Cache worker for cache directory md-rule (C:\Users\User\.gradle\caches\9.0.0\md-rule)"        [_thread_blocked, id=19300, stack(0x0000003dc2740000,0x0000003dc2780000) (256K)]
  0x00000201454b4c50 JavaThread "Exec process Thread 19"            [_thread_blocked, id=29060, stack(0x0000003dc2780000,0x0000003dc27c0000) (256K)]
  0x00000201454b5970 JavaThread "Exec process Thread 20"            [_thread_blocked, id=27792, stack(0x0000003dc27c0000,0x0000003dc2800000) (256K)]
  0x00000201454b3f30 JavaThread "Exec process Thread 21"            [_thread_blocked, id=26988, stack(0x0000003dc2840000,0x0000003dc2880000) (256K)]
  0x00000201454b52e0 JavaThread "Cache worker for Build Output Cleanup Cache (D:\Hinduja\SyncFound\codebase\syncfound-mobile-frontend\node_modules\@react-native\gradle-plugin\.gradle\buildOutputCleanup)"        [_thread_blocked, id=15484, stack(0x0000003dc2880000,0x0000003dc28c0000) (256K)]
  0x00000201454b45c0 JavaThread "Unconstrained build operations"        [_thread_blocked, id=5384, stack(0x0000003dc2900000,0x0000003dc2940000) (256K)]
  0x00000201454b8df0 JavaThread "Unconstrained build operations Thread 2"        [_thread_blocked, id=16344, stack(0x0000003dc29c0000,0x0000003dc2a00000) (256K)]
  0x00000201454b7a40 JavaThread "Cache worker for Build Output Cleanup Cache (D:\Hinduja\SyncFound\codebase\syncfound-mobile-frontend\node_modules\expo-modules-autolinking\android\expo-gradle-plugin\.gradle\buildOutputCleanup)"        [_thread_blocked, id=8044, stack(0x0000003dc2a00000,0x0000003dc2a40000) (256K)]
  0x00000201454b80d0 JavaThread "Unconstrained build operations Thread 3"        [_thread_blocked, id=30416, stack(0x0000003dc2a40000,0x0000003dc2a80000) (256K)]
  0x00000201454b8760 JavaThread "Unconstrained build operations Thread 4"        [_thread_blocked, id=30280, stack(0x0000003dc2a80000,0x0000003dc2ac0000) (256K)]
Total: 50

Other Threads:
  0x0000020127b47310 VMThread "VM Thread"                           [id=9976, stack(0x0000003dc1700000,0x0000003dc1800000) (1024K)]
  0x0000020127b34050 WatcherThread "VM Periodic Task Thread"        [id=4692, stack(0x0000003dc1600000,0x0000003dc1700000) (1024K)]
  0x000002011185f740 WorkerThread "GC Thread#0"                     [id=9608, stack(0x0000003dc1100000,0x0000003dc1200000) (1024K)]
  0x0000020127fcb770 WorkerThread "GC Thread#1"                     [id=1820, stack(0x0000003dc1c00000,0x0000003dc1d00000) (1024K)]
  0x0000020127f78190 WorkerThread "GC Thread#2"                     [id=13872, stack(0x0000003dc1d00000,0x0000003dc1e00000) (1024K)]
  0x000002013a5d2290 WorkerThread "GC Thread#3"                     [id=16240, stack(0x0000003dc1e00000,0x0000003dc1f00000) (1024K)]
  0x000002013aadca30 WorkerThread "GC Thread#4"                     [id=5892, stack(0x0000003dc1f00000,0x0000003dc2000000) (1024K)]
  0x000002013b6ce3d0 WorkerThread "GC Thread#5"                     [id=23968, stack(0x0000003dc2340000,0x0000003dc2440000) (1024K)]
  0x000002013b6cf290 WorkerThread "GC Thread#6"                     [id=15400, stack(0x0000003dc2440000,0x0000003dc2540000) (1024K)]
  0x000002013b6cd8c0 WorkerThread "GC Thread#7"                     [id=25304, stack(0x0000003dc2540000,0x0000003dc2640000) (1024K)]
  0x0000020111869650 ConcurrentGCThread "G1 Main Marker"            [id=17948, stack(0x0000003dc1200000,0x0000003dc1300000) (1024K)]
  0x000002011186a070 WorkerThread "G1 Conc#0"                       [id=15724, stack(0x0000003dc1300000,0x0000003dc1400000) (1024K)]
  0x000002013de0c5b0 WorkerThread "G1 Conc#1"                       [id=180, stack(0x0000003dc2640000,0x0000003dc2740000) (1024K)]
  0x00000201118de640 ConcurrentGCThread "G1 Refine#0"               [id=10572, stack(0x0000003dc1400000,0x0000003dc1500000) (1024K)]
  0x0000020127a074c0 ConcurrentGCThread "G1 Service"                [id=23464, stack(0x0000003dc1500000,0x0000003dc1600000) (1024K)]
Total: 15

Threads with active compile tasks:
C2 CompilerThread0  13015033 29288       4       org.gradle.api.internal.artifacts.ivyservice.resolveengine.graph.builder.DependencyGraphBuilder::performSelectionSerially (119 bytes)
Total: 1

VM state: not at safepoint (normal execution)

VM Mutex/Monitor currently owned by a thread: None

Heap address: 0x0000000100000000, size: 1024 MB, Compressed Oops mode: Zero based, Oop shift amount: 3

CDS archive(s) mapped at: [0x0000020128000000-0x0000020128ba0000-0x0000020128ba0000), size 12189696, SharedBaseAddress: 0x0000020128000000, ArchiveRelocationMode: 1.
Compressed class space mapped at: 0x0000020129000000-0x0000020136000000, reserved size: 218103808
Narrow klass base: 0x0000020128000000, Narrow klass shift: 0, Narrow klass range: 0x100000000

GC Precious Log:
 CardTable entry size: 512
 Card Set container configuration: InlinePtr #cards 5 size 8 Array Of Cards #cards 12 size 40 Howl #buckets 4 coarsen threshold 1843 Howl Bitmap #cards 512 size 80 coarsen threshold 460 Card regions per heap region 1 cards per card region 2048
 CPUs: 8 total, 8 available
 Memory: 7941M
 Large Page Support: Disabled
 NUMA Support: Disabled
 Compressed Oops: Enabled (Zero based)
 Heap Region Size: 1M
 Heap Min Capacity: 8M
 Heap Initial Capacity: 126M
 Heap Max Capacity: 1G
 Pre-touch: Disabled
 Parallel Workers: 8
 Concurrent Workers: 2
 Concurrent Refinement Workers: 8
 Periodic GC: Disabled

Heap:
 garbage-first heap   total 521216K, used 339177K [0x0000000100000000, 0x0000000140000000)
  region size 1024K, 129 young (132096K), 0 survivors (0K)
 Metaspace       used 142231K, committed 145024K, reserved 344064K
  class space    used 19551K, committed 21184K, reserved 212992K

Heap Regions: E=young(eden), S=young(survivor), O=old, HS=humongous(starts), HC=humongous(continues), CS=collection set, F=free, TAMS=top-at-mark-start, PB=parsable bottom
|   0|0x0000000100000000, 0x0000000100100000, 0x0000000100100000|100%|HS|  |TAMS 0x0000000100000000| PB 0x0000000100000000| Untracked 
|   1|0x0000000100100000, 0x0000000100200000, 0x0000000100200000|100%|HC|  |TAMS 0x0000000100100000| PB 0x0000000100100000| Untracked 
|   2|0x0000000100200000, 0x0000000100300000, 0x0000000100300000|100%|HC|  |TAMS 0x0000000100200000| PB 0x0000000100200000| Untracked 
|   3|0x0000000100300000, 0x0000000100400000, 0x0000000100400000|100%| O|  |TAMS 0x0000000100300000| PB 0x0000000100300000| Untracked 
|   4|0x0000000100400000, 0x00000001004f1860, 0x0000000100500000| 94%| O|  |TAMS 0x0000000100400000| PB 0x0000000100400000| Untracked 
|   5|0x0000000100500000, 0x00000001005fffe0, 0x0000000100600000| 99%| O|  |TAMS 0x0000000100500000| PB 0x0000000100500000| Untracked 
|   6|0x0000000100600000, 0x0000000100700000, 0x0000000100700000|100%|HS|  |TAMS 0x0000000100600000| PB 0x0000000100600000| Untracked 
|   7|0x0000000100700000, 0x00000001007ffff8, 0x0000000100800000| 99%| O|  |TAMS 0x0000000100700000| PB 0x0000000100700000| Untracked 
|   8|0x0000000100800000, 0x00000001008ffee0, 0x0000000100900000| 99%| O|  |TAMS 0x0000000100800000| PB 0x0000000100800000| Untracked 
|   9|0x0000000100900000, 0x0000000100a00000, 0x0000000100a00000|100%| O|  |TAMS 0x0000000100900000| PB 0x0000000100900000| Untracked 
|  10|0x0000000100a00000, 0x0000000100b00000, 0x0000000100b00000|100%| O|  |TAMS 0x0000000100a00000| PB 0x0000000100a00000| Untracked 
|  11|0x0000000100b00000, 0x0000000100c00000, 0x0000000100c00000|100%| O|  |TAMS 0x0000000100b00000| PB 0x0000000100b00000| Untracked 
|  12|0x0000000100c00000, 0x0000000100cfffc0, 0x0000000100d00000| 99%| O|  |TAMS 0x0000000100c00000| PB 0x0000000100c00000| Untracked 
|  13|0x0000000100d00000, 0x0000000100dfffb8, 0x0000000100e00000| 99%| O|  |TAMS 0x0000000100d00000| PB 0x0000000100d00000| Untracked 
|  14|0x0000000100e00000, 0x0000000100efffe8, 0x0000000100f00000| 99%| O|  |TAMS 0x0000000100e00000| PB 0x0000000100e00000| Untracked 
|  15|0x0000000100f00000, 0x0000000100ffffd8, 0x0000000101000000| 99%| O|  |TAMS 0x0000000100f00000| PB 0x0000000100f00000| Untracked 
|  16|0x0000000101000000, 0x00000001010ffd30, 0x0000000101100000| 99%| O|  |TAMS 0x0000000101000000| PB 0x0000000101000000| Untracked 
|  17|0x0000000101100000, 0x0000000101200000, 0x0000000101200000|100%| O|  |TAMS 0x0000000101100000| PB 0x0000000101100000| Untracked 
|  18|0x0000000101200000, 0x00000001012ffff0, 0x0000000101300000| 99%| O|  |TAMS 0x0000000101200000| PB 0x0000000101200000| Untracked 
|  19|0x0000000101300000, 0x0000000101400000, 0x0000000101400000|100%| O|  |TAMS 0x0000000101300000| PB 0x0000000101300000| Untracked 
|  20|0x0000000101400000, 0x00000001014fffe0, 0x0000000101500000| 99%| O|  |TAMS 0x0000000101400000| PB 0x0000000101400000| Untracked 
|  21|0x0000000101500000, 0x00000001015ffff0, 0x0000000101600000| 99%| O|  |TAMS 0x0000000101500000| PB 0x0000000101500000| Untracked 
|  22|0x0000000101600000, 0x00000001016fffc8, 0x0000000101700000| 99%| O|  |TAMS 0x0000000101600000| PB 0x0000000101600000| Untracked 
|  23|0x0000000101700000, 0x00000001017fffb8, 0x0000000101800000| 99%| O|  |TAMS 0x0000000101700000| PB 0x0000000101700000| Untracked 
|  24|0x0000000101800000, 0x00000001018fff78, 0x0000000101900000| 99%| O|  |TAMS 0x0000000101800000| PB 0x0000000101800000| Untracked 
|  25|0x0000000101900000, 0x00000001019fffb0, 0x0000000101a00000| 99%| O|  |TAMS 0x0000000101900000| PB 0x0000000101900000| Untracked 
|  26|0x0000000101a00000, 0x0000000101affff8, 0x0000000101b00000| 99%| O|  |TAMS 0x0000000101a00000| PB 0x0000000101a00000| Untracked 
|  27|0x0000000101b00000, 0x0000000101bfffe8, 0x0000000101c00000| 99%| O|  |TAMS 0x0000000101b00000| PB 0x0000000101b00000| Untracked 
|  28|0x0000000101c00000, 0x0000000101cffff0, 0x0000000101d00000| 99%| O|  |TAMS 0x0000000101c00000| PB 0x0000000101c00000| Untracked 
|  29|0x0000000101d00000, 0x0000000101dfe170, 0x0000000101e00000| 99%| O|  |TAMS 0x0000000101d00000| PB 0x0000000101d00000| Untracked 
|  30|0x0000000101e00000, 0x0000000101efffe8, 0x0000000101f00000| 99%| O|  |TAMS 0x0000000101e00000| PB 0x0000000101e00000| Untracked 
|  31|0x0000000101f00000, 0x0000000101ffffe0, 0x0000000102000000| 99%| O|  |TAMS 0x0000000101f00000| PB 0x0000000101f00000| Untracked 
|  32|0x0000000102000000, 0x00000001020ffff0, 0x0000000102100000| 99%| O|  |TAMS 0x0000000102000000| PB 0x0000000102000000| Untracked 
|  33|0x0000000102100000, 0x0000000102200000, 0x0000000102200000|100%| O|  |TAMS 0x0000000102100000| PB 0x0000000102100000| Untracked 
|  34|0x0000000102200000, 0x00000001022fffe8, 0x0000000102300000| 99%| O|  |TAMS 0x0000000102200000| PB 0x0000000102200000| Untracked 
|  35|0x0000000102300000, 0x00000001023ffff8, 0x0000000102400000| 99%| O|  |TAMS 0x0000000102300000| PB 0x0000000102300000| Untracked 
|  36|0x0000000102400000, 0x00000001024ffff8, 0x0000000102500000| 99%| O|  |TAMS 0x0000000102400000| PB 0x0000000102400000| Untracked 
|  37|0x0000000102500000, 0x00000001025fffd8, 0x0000000102600000| 99%| O|  |TAMS 0x0000000102500000| PB 0x0000000102500000| Untracked 
|  38|0x0000000102600000, 0x00000001026fffe0, 0x0000000102700000| 99%| O|  |TAMS 0x0000000102600000| PB 0x0000000102600000| Untracked 
|  39|0x0000000102700000, 0x00000001027fffd8, 0x0000000102800000| 99%| O|  |TAMS 0x0000000102700000| PB 0x0000000102700000| Untracked 
|  40|0x0000000102800000, 0x00000001028ffff8, 0x0000000102900000| 99%| O|  |TAMS 0x0000000102800000| PB 0x0000000102800000| Untracked 
|  41|0x0000000102900000, 0x0000000102a00000, 0x0000000102a00000|100%|HS|  |TAMS 0x0000000102900000| PB 0x0000000102900000| Untracked 
|  42|0x0000000102a00000, 0x0000000102b00000, 0x0000000102b00000|100%|HC|  |TAMS 0x0000000102a00000| PB 0x0000000102a00000| Untracked 
|  43|0x0000000102b00000, 0x0000000102c00000, 0x0000000102c00000|100%|HC|  |TAMS 0x0000000102b00000| PB 0x0000000102b00000| Untracked 
|  44|0x0000000102c00000, 0x0000000102cfffc8, 0x0000000102d00000| 99%| O|  |TAMS 0x0000000102c00000| PB 0x0000000102c00000| Untracked 
|  45|0x0000000102d00000, 0x0000000102dffff8, 0x0000000102e00000| 99%| O|  |TAMS 0x0000000102d00000| PB 0x0000000102d00000| Untracked 
|  46|0x0000000102e00000, 0x0000000102efffe8, 0x0000000102f00000| 99%| O|  |TAMS 0x0000000102e00000| PB 0x0000000102e00000| Untracked 
|  47|0x0000000102f00000, 0x0000000102ff3c18, 0x0000000103000000| 95%| O|  |TAMS 0x0000000102f00000| PB 0x0000000102f00000| Untracked 
|  48|0x0000000103000000, 0x00000001030ffff0, 0x0000000103100000| 99%| O|  |TAMS 0x0000000103000000| PB 0x0000000103000000| Untracked 
|  49|0x0000000103100000, 0x00000001031fffc0, 0x0000000103200000| 99%| O|  |TAMS 0x0000000103100000| PB 0x0000000103100000| Untracked 
|  50|0x0000000103200000, 0x0000000103300000, 0x0000000103300000|100%|HS|  |TAMS 0x0000000103200000| PB 0x0000000103200000| Untracked 
|  51|0x0000000103300000, 0x0000000103400000, 0x0000000103400000|100%|HC|  |TAMS 0x0000000103300000| PB 0x0000000103300000| Untracked 
|  52|0x0000000103400000, 0x0000000103500000, 0x0000000103500000|100%|HC|  |TAMS 0x0000000103400000| PB 0x0000000103400000| Untracked 
|  53|0x0000000103500000, 0x0000000103600000, 0x0000000103600000|100%| O|  |TAMS 0x0000000103500000| PB 0x0000000103500000| Untracked 
|  54|0x0000000103600000, 0x00000001036fffe8, 0x0000000103700000| 99%| O|  |TAMS 0x0000000103600000| PB 0x0000000103600000| Untracked 
|  55|0x0000000103700000, 0x00000001037fd8e8, 0x0000000103800000| 99%| O|  |TAMS 0x0000000103700000| PB 0x0000000103700000| Untracked 
|  56|0x0000000103800000, 0x00000001038f80f8, 0x0000000103900000| 96%| O|  |TAMS 0x0000000103800000| PB 0x0000000103800000| Untracked 
|  57|0x0000000103900000, 0x00000001039fff98, 0x0000000103a00000| 99%| O|  |TAMS 0x0000000103900000| PB 0x0000000103900000| Untracked 
|  58|0x0000000103a00000, 0x0000000103affff0, 0x0000000103b00000| 99%| O|  |TAMS 0x0000000103a00000| PB 0x0000000103a00000| Untracked 
|  59|0x0000000103b00000, 0x0000000103bfffe0, 0x0000000103c00000| 99%| O|  |TAMS 0x0000000103b00000| PB 0x0000000103b00000| Untracked 
|  60|0x0000000103c00000, 0x0000000103d00000, 0x0000000103d00000|100%| O|  |TAMS 0x0000000103c00000| PB 0x0000000103c00000| Untracked 
|  61|0x0000000103d00000, 0x0000000103dfff48, 0x0000000103e00000| 99%| O|  |TAMS 0x0000000103d00000| PB 0x0000000103d00000| Untracked 
|  62|0x0000000103e00000, 0x0000000103efffc0, 0x0000000103f00000| 99%| O|  |TAMS 0x0000000103e00000| PB 0x0000000103e00000| Untracked 
|  63|0x0000000103f00000, 0x0000000103ff81f8, 0x0000000104000000| 96%| O|  |TAMS 0x0000000103f00000| PB 0x0000000103f00000| Untracked 
|  64|0x0000000104000000, 0x00000001040fffd0, 0x0000000104100000| 99%| O|  |TAMS 0x0000000104000000| PB 0x0000000104000000| Untracked 
|  65|0x0000000104100000, 0x00000001041fffd8, 0x0000000104200000| 99%| O|  |TAMS 0x0000000104100000| PB 0x0000000104100000| Untracked 
|  66|0x0000000104200000, 0x00000001042ffff8, 0x0000000104300000| 99%| O|  |TAMS 0x0000000104200000| PB 0x0000000104200000| Untracked 
|  67|0x0000000104300000, 0x00000001043fffd8, 0x0000000104400000| 99%| O|  |TAMS 0x0000000104300000| PB 0x0000000104300000| Untracked 
|  68|0x0000000104400000, 0x0000000104500000, 0x0000000104500000|100%| O|  |TAMS 0x0000000104400000| PB 0x0000000104400000| Untracked 
|  69|0x0000000104500000, 0x00000001045fffe8, 0x0000000104600000| 99%| O|  |TAMS 0x0000000104500000| PB 0x0000000104500000| Untracked 
|  70|0x0000000104600000, 0x00000001046fff90, 0x0000000104700000| 99%| O|  |TAMS 0x0000000104600000| PB 0x0000000104600000| Untracked 
|  71|0x0000000104700000, 0x0000000104800000, 0x0000000104800000|100%| O|  |TAMS 0x0000000104700000| PB 0x0000000104700000| Untracked 
|  72|0x0000000104800000, 0x00000001048ffff0, 0x0000000104900000| 99%| O|  |TAMS 0x0000000104800000| PB 0x0000000104800000| Untracked 
|  73|0x0000000104900000, 0x0000000104a00000, 0x0000000104a00000|100%| O|  |TAMS 0x0000000104900000| PB 0x0000000104900000| Untracked 
|  74|0x0000000104a00000, 0x0000000104accf48, 0x0000000104b00000| 80%| O|  |TAMS 0x0000000104a00000| PB 0x0000000104a00000| Untracked 
|  75|0x0000000104b00000, 0x0000000104bffff0, 0x0000000104c00000| 99%| O|  |TAMS 0x0000000104b00000| PB 0x0000000104b00000| Untracked 
|  76|0x0000000104c00000, 0x0000000104cfffe0, 0x0000000104d00000| 99%| O|  |TAMS 0x0000000104c00000| PB 0x0000000104c00000| Untracked 
|  77|0x0000000104d00000, 0x0000000104dffff0, 0x0000000104e00000| 99%| O|  |TAMS 0x0000000104d00000| PB 0x0000000104d00000| Untracked 
|  78|0x0000000104e00000, 0x0000000104effff0, 0x0000000104f00000| 99%| O|  |TAMS 0x0000000104e00000| PB 0x0000000104e00000| Untracked 
|  79|0x0000000104f00000, 0x0000000105000000, 0x0000000105000000|100%| O|  |TAMS 0x0000000104f00000| PB 0x0000000104f00000| Untracked 
|  80|0x0000000105000000, 0x00000001050ffff0, 0x0000000105100000| 99%| O|  |TAMS 0x0000000105000000| PB 0x0000000105000000| Untracked 
|  81|0x0000000105100000, 0x0000000105200000, 0x0000000105200000|100%|HS|  |TAMS 0x0000000105100000| PB 0x0000000105100000| Untracked 
|  82|0x0000000105200000, 0x0000000105300000, 0x0000000105300000|100%|HS|  |TAMS 0x0000000105200000| PB 0x0000000105200000| Untracked 
|  83|0x0000000105300000, 0x00000001053fe920, 0x0000000105400000| 99%| O|  |TAMS 0x0000000105300000| PB 0x0000000105300000| Untracked 
|  84|0x0000000105400000, 0x00000001054ffff8, 0x0000000105500000| 99%| O|  |TAMS 0x0000000105400000| PB 0x0000000105400000| Untracked 
|  85|0x0000000105500000, 0x00000001055ffff8, 0x0000000105600000| 99%| O|  |TAMS 0x0000000105500000| PB 0x0000000105500000| Untracked 
|  86|0x0000000105600000, 0x00000001056ffff0, 0x0000000105700000| 99%| O|  |TAMS 0x0000000105600000| PB 0x0000000105600000| Untracked 
|  87|0x0000000105700000, 0x0000000105800000, 0x0000000105800000|100%|HS|  |TAMS 0x0000000105700000| PB 0x0000000105700000| Untracked 
|  88|0x0000000105800000, 0x00000001058fffe8, 0x0000000105900000| 99%| O|  |TAMS 0x0000000105800000| PB 0x0000000105800000| Untracked 
|  89|0x0000000105900000, 0x0000000105a00000, 0x0000000105a00000|100%| O|  |TAMS 0x0000000105900000| PB 0x0000000105900000| Untracked 
|  90|0x0000000105a00000, 0x0000000105affff8, 0x0000000105b00000| 99%| O|  |TAMS 0x0000000105a00000| PB 0x0000000105a00000| Untracked 
|  91|0x0000000105b00000, 0x0000000105c00000, 0x0000000105c00000|100%|HS|  |TAMS 0x0000000105b00000| PB 0x0000000105b00000| Untracked 
|  92|0x0000000105c00000, 0x0000000105ce2038, 0x0000000105d00000| 88%| O|  |TAMS 0x0000000105c00000| PB 0x0000000105c00000| Untracked 
|  93|0x0000000105d00000, 0x0000000105dffff8, 0x0000000105e00000| 99%| O|  |TAMS 0x0000000105d00000| PB 0x0000000105d00000| Untracked 
|  94|0x0000000105e00000, 0x0000000105effff8, 0x0000000105f00000| 99%| O|  |TAMS 0x0000000105e00000| PB 0x0000000105e00000| Untracked 
|  95|0x0000000105f00000, 0x0000000106000000, 0x0000000106000000|100%|HS|  |TAMS 0x0000000105f00000| PB 0x0000000105f00000| Untracked 
|  96|0x0000000106000000, 0x0000000106100000, 0x0000000106100000|100%|HS|  |TAMS 0x0000000106000000| PB 0x0000000106000000| Untracked 
|  97|0x0000000106100000, 0x0000000106200000, 0x0000000106200000|100%|HS|  |TAMS 0x0000000106100000| PB 0x0000000106100000| Untracked 
|  98|0x0000000106200000, 0x00000001062fffd8, 0x0000000106300000| 99%| O|  |TAMS 0x0000000106200000| PB 0x0000000106200000| Untracked 
|  99|0x0000000106300000, 0x0000000106400000, 0x0000000106400000|100%| O|  |TAMS 0x0000000106300000| PB 0x0000000106300000| Untracked 
| 100|0x0000000106400000, 0x00000001064ffff8, 0x0000000106500000| 99%| O|  |TAMS 0x0000000106400000| PB 0x0000000106400000| Untracked 
| 101|0x0000000106500000, 0x00000001065f0e08, 0x0000000106600000| 94%| O|  |TAMS 0x0000000106500000| PB 0x0000000106500000| Untracked 
| 102|0x0000000106600000, 0x00000001066ffff8, 0x0000000106700000| 99%| O|  |TAMS 0x0000000106600000| PB 0x0000000106600000| Untracked 
| 103|0x0000000106700000, 0x00000001067fffe8, 0x0000000106800000| 99%| O|  |TAMS 0x0000000106700000| PB 0x0000000106700000| Untracked 
| 104|0x0000000106800000, 0x00000001068ffff8, 0x0000000106900000| 99%| O|  |TAMS 0x0000000106800000| PB 0x0000000106800000| Untracked 
| 105|0x0000000106900000, 0x00000001069fffe0, 0x0000000106a00000| 99%| O|  |TAMS 0x0000000106900000| PB 0x0000000106900000| Untracked 
| 106|0x0000000106a00000, 0x0000000106b00000, 0x0000000106b00000|100%| O|  |TAMS 0x0000000106a00000| PB 0x0000000106a00000| Untracked 
| 107|0x0000000106b00000, 0x0000000106bfffc0, 0x0000000106c00000| 99%| O|  |TAMS 0x0000000106b00000| PB 0x0000000106b00000| Untracked 
| 108|0x0000000106c00000, 0x0000000106cffff0, 0x0000000106d00000| 99%| O|  |TAMS 0x0000000106c00000| PB 0x0000000106c00000| Untracked 
| 109|0x0000000106d00000, 0x0000000106dfff78, 0x0000000106e00000| 99%| O|  |TAMS 0x0000000106d00000| PB 0x0000000106d00000| Untracked 
| 110|0x0000000106e00000, 0x0000000106efffe8, 0x0000000106f00000| 99%| O|  |TAMS 0x0000000106e00000| PB 0x0000000106e00000| Untracked 
| 111|0x0000000106f00000, 0x0000000107000000, 0x0000000107000000|100%| O|  |TAMS 0x0000000106f00000| PB 0x0000000106f00000| Untracked 
| 112|0x0000000107000000, 0x0000000107100000, 0x0000000107100000|100%|HS|  |TAMS 0x0000000107000000| PB 0x0000000107000000| Untracked 
| 113|0x0000000107100000, 0x0000000107200000, 0x0000000107200000|100%|HC|  |TAMS 0x0000000107100000| PB 0x0000000107100000| Untracked 
| 114|0x0000000107200000, 0x0000000107300000, 0x0000000107300000|100%|HC|  |TAMS 0x0000000107200000| PB 0x0000000107200000| Untracked 
| 115|0x0000000107300000, 0x00000001073fffe8, 0x0000000107400000| 99%| O|  |TAMS 0x0000000107300000| PB 0x0000000107300000| Untracked 
| 116|0x0000000107400000, 0x00000001074fffe8, 0x0000000107500000| 99%| O|  |TAMS 0x0000000107400000| PB 0x0000000107400000| Untracked 
| 117|0x0000000107500000, 0x00000001075fffe8, 0x0000000107600000| 99%| O|  |TAMS 0x0000000107500000| PB 0x0000000107500000| Untracked 
| 118|0x0000000107600000, 0x00000001076fffd8, 0x0000000107700000| 99%| O|  |TAMS 0x0000000107600000| PB 0x0000000107600000| Untracked 
| 119|0x0000000107700000, 0x00000001077ffab0, 0x0000000107800000| 99%| O|  |TAMS 0x0000000107700000| PB 0x0000000107700000| Untracked 
| 120|0x0000000107800000, 0x00000001078fffd0, 0x0000000107900000| 99%| O|  |TAMS 0x0000000107800000| PB 0x0000000107800000| Untracked 
| 121|0x0000000107900000, 0x00000001079ffff8, 0x0000000107a00000| 99%| O|  |TAMS 0x0000000107900000| PB 0x0000000107900000| Untracked 
| 122|0x0000000107a00000, 0x0000000107affff8, 0x0000000107b00000| 99%| O|  |TAMS 0x0000000107a00000| PB 0x0000000107a00000| Untracked 
| 123|0x0000000107b00000, 0x0000000107bfffc8, 0x0000000107c00000| 99%| O|  |TAMS 0x0000000107b00000| PB 0x0000000107b00000| Untracked 
| 124|0x0000000107c00000, 0x0000000107cffff8, 0x0000000107d00000| 99%| O|  |TAMS 0x0000000107c00000| PB 0x0000000107c00000| Untracked 
| 125|0x0000000107d00000, 0x0000000107dffff0, 0x0000000107e00000| 99%| O|  |TAMS 0x0000000107d00000| PB 0x0000000107d00000| Untracked 
| 126|0x0000000107e00000, 0x0000000107efffe8, 0x0000000107f00000| 99%| O|  |TAMS 0x0000000107e00000| PB 0x0000000107e00000| Untracked 
| 127|0x0000000107f00000, 0x0000000107fffff0, 0x0000000108000000| 99%| O|  |TAMS 0x0000000107f00000| PB 0x0000000107f00000| Untracked 
| 128|0x0000000108000000, 0x0000000108100000, 0x0000000108100000|100%| O|  |TAMS 0x0000000108000000| PB 0x0000000108000000| Untracked 
| 129|0x0000000108100000, 0x00000001081ffff0, 0x0000000108200000| 99%| O|  |TAMS 0x0000000108100000| PB 0x0000000108100000| Untracked 
| 130|0x0000000108200000, 0x00000001082fffd8, 0x0000000108300000| 99%| O|  |TAMS 0x0000000108200000| PB 0x0000000108200000| Untracked 
| 131|0x0000000108300000, 0x00000001083ffff8, 0x0000000108400000| 99%| O|  |TAMS 0x0000000108300000| PB 0x0000000108300000| Untracked 
| 132|0x0000000108400000, 0x00000001084ffff0, 0x0000000108500000| 99%| O|  |TAMS 0x0000000108400000| PB 0x0000000108400000| Untracked 
| 133|0x0000000108500000, 0x00000001085ffff0, 0x0000000108600000| 99%| O|  |TAMS 0x0000000108500000| PB 0x0000000108500000| Untracked 
| 134|0x0000000108600000, 0x00000001086f78b0, 0x0000000108700000| 96%| O|  |TAMS 0x0000000108600000| PB 0x0000000108600000| Untracked 
| 135|0x0000000108700000, 0x00000001087ffff8, 0x0000000108800000| 99%| O|  |TAMS 0x0000000108700000| PB 0x0000000108700000| Untracked 
| 136|0x0000000108800000, 0x00000001088ffff0, 0x0000000108900000| 99%| O|  |TAMS 0x0000000108800000| PB 0x0000000108800000| Untracked 
| 137|0x0000000108900000, 0x00000001089ffff8, 0x0000000108a00000| 99%| O|  |TAMS 0x0000000108900000| PB 0x0000000108900000| Untracked 
| 138|0x0000000108a00000, 0x0000000108affff0, 0x0000000108b00000| 99%| O|  |TAMS 0x0000000108a00000| PB 0x0000000108a00000| Untracked 
| 139|0x0000000108b00000, 0x0000000108bfffd0, 0x0000000108c00000| 99%| O|  |TAMS 0x0000000108b00000| PB 0x0000000108b00000| Untracked 
| 140|0x0000000108c00000, 0x0000000108cfff88, 0x0000000108d00000| 99%| O|  |TAMS 0x0000000108c00000| PB 0x0000000108c00000| Untracked 
| 141|0x0000000108d00000, 0x0000000108e00000, 0x0000000108e00000|100%| O|  |TAMS 0x0000000108d00000| PB 0x0000000108d00000| Untracked 
| 142|0x0000000108e00000, 0x0000000108efffd8, 0x0000000108f00000| 99%| O|  |TAMS 0x0000000108e00000| PB 0x0000000108e00000| Untracked 
| 143|0x0000000108f00000, 0x0000000108ffffe0, 0x0000000109000000| 99%| O|  |TAMS 0x0000000108f00000| PB 0x0000000108f00000| Untracked 
| 144|0x0000000109000000, 0x0000000109100000, 0x0000000109100000|100%| O|  |TAMS 0x0000000109000000| PB 0x0000000109000000| Untracked 
| 145|0x0000000109100000, 0x00000001091ffff0, 0x0000000109200000| 99%| O|  |TAMS 0x0000000109100000| PB 0x0000000109100000| Untracked 
| 146|0x0000000109200000, 0x00000001092fffc0, 0x0000000109300000| 99%| O|  |TAMS 0x0000000109200000| PB 0x0000000109200000| Untracked 
| 147|0x0000000109300000, 0x00000001093ffff8, 0x0000000109400000| 99%| O|  |TAMS 0x0000000109300000| PB 0x0000000109300000| Untracked 
| 148|0x0000000109400000, 0x00000001094ffff8, 0x0000000109500000| 99%| O|  |TAMS 0x0000000109400000| PB 0x0000000109400000| Untracked 
| 149|0x0000000109500000, 0x0000000109600000, 0x0000000109600000|100%| O|  |TAMS 0x0000000109500000| PB 0x0000000109500000| Untracked 
| 150|0x0000000109600000, 0x00000001096ffff8, 0x0000000109700000| 99%| O|  |TAMS 0x0000000109600000| PB 0x0000000109600000| Untracked 
| 151|0x0000000109700000, 0x0000000109800000, 0x0000000109800000|100%| O|  |TAMS 0x0000000109700000| PB 0x0000000109700000| Untracked 
| 152|0x0000000109800000, 0x00000001098e0170, 0x0000000109900000| 87%| O|  |TAMS 0x0000000109800000| PB 0x0000000109800000| Untracked 
| 153|0x0000000109900000, 0x00000001099fffe8, 0x0000000109a00000| 99%| O|  |TAMS 0x0000000109900000| PB 0x0000000109900000| Untracked 
| 154|0x0000000109a00000, 0x0000000109affff8, 0x0000000109b00000| 99%| O|  |TAMS 0x0000000109a00000| PB 0x0000000109a00000| Untracked 
| 155|0x0000000109b00000, 0x0000000109bffff8, 0x0000000109c00000| 99%| O|  |TAMS 0x0000000109b00000| PB 0x0000000109b00000| Untracked 
| 156|0x0000000109c00000, 0x0000000109d00000, 0x0000000109d00000|100%| O|  |TAMS 0x0000000109c00000| PB 0x0000000109c00000| Untracked 
| 157|0x0000000109d00000, 0x0000000109dffff8, 0x0000000109e00000| 99%| O|  |TAMS 0x0000000109d00000| PB 0x0000000109d00000| Untracked 
| 158|0x0000000109e00000, 0x0000000109ef77c8, 0x0000000109f00000| 96%| O|  |TAMS 0x0000000109e00000| PB 0x0000000109e00000| Untracked 
| 159|0x0000000109f00000, 0x0000000109f63370, 0x000000010a000000| 38%| O|  |TAMS 0x0000000109f00000| PB 0x0000000109f00000| Untracked 
| 160|0x000000010a000000, 0x000000010a000000, 0x000000010a100000|  0%| F|  |TAMS 0x000000010a000000| PB 0x000000010a000000| Untracked 
| 161|0x000000010a100000, 0x000000010a1ffff0, 0x000000010a200000| 99%| O|  |TAMS 0x000000010a100000| PB 0x000000010a100000| Untracked 
| 162|0x000000010a200000, 0x000000010a25efd0, 0x000000010a300000| 37%| O|  |TAMS 0x000000010a200000| PB 0x000000010a200000| Untracked 
| 163|0x000000010a300000, 0x000000010a3ffff8, 0x000000010a400000| 99%| O|  |TAMS 0x000000010a300000| PB 0x000000010a300000| Untracked 
| 164|0x000000010a400000, 0x000000010a4fffe0, 0x000000010a500000| 99%| O|  |TAMS 0x000000010a400000| PB 0x000000010a400000| Untracked 
| 165|0x000000010a500000, 0x000000010a5d72c0, 0x000000010a600000| 84%| O|  |TAMS 0x000000010a500000| PB 0x000000010a500000| Untracked 
| 166|0x000000010a600000, 0x000000010a700000, 0x000000010a700000|100%| O|  |TAMS 0x000000010a600000| PB 0x000000010a600000| Untracked 
| 167|0x000000010a700000, 0x000000010a800000, 0x000000010a800000|100%|HS|  |TAMS 0x000000010a700000| PB 0x000000010a700000| Untracked 
| 168|0x000000010a800000, 0x000000010a900000, 0x000000010a900000|100%|HS|  |TAMS 0x000000010a800000| PB 0x000000010a800000| Untracked 
| 169|0x000000010a900000, 0x000000010aa00000, 0x000000010aa00000|100%| O|  |TAMS 0x000000010a900000| PB 0x000000010a900000| Untracked 
| 170|0x000000010aa00000, 0x000000010ab00000, 0x000000010ab00000|100%|HS|  |TAMS 0x000000010aa00000| PB 0x000000010aa00000| Untracked 
| 171|0x000000010ab00000, 0x000000010ac00000, 0x000000010ac00000|100%|HC|  |TAMS 0x000000010ab00000| PB 0x000000010ab00000| Untracked 
| 172|0x000000010ac00000, 0x000000010ad00000, 0x000000010ad00000|100%| O|  |TAMS 0x000000010ac00000| PB 0x000000010ac00000| Untracked 
| 173|0x000000010ad00000, 0x000000010ad00000, 0x000000010ae00000|  0%| F|  |TAMS 0x000000010ad00000| PB 0x000000010ad00000| Untracked 
| 174|0x000000010ae00000, 0x000000010ae00000, 0x000000010af00000|  0%| F|  |TAMS 0x000000010ae00000| PB 0x000000010ae00000| Untracked 
| 175|0x000000010af00000, 0x000000010afffff0, 0x000000010b000000| 99%| O|  |TAMS 0x000000010af00000| PB 0x000000010af00000| Untracked 
| 176|0x000000010b000000, 0x000000010b000000, 0x000000010b100000|  0%| F|  |TAMS 0x000000010b000000| PB 0x000000010b000000| Untracked 
| 177|0x000000010b100000, 0x000000010b1ffff0, 0x000000010b200000| 99%| O|  |TAMS 0x000000010b100000| PB 0x000000010b100000| Untracked 
| 178|0x000000010b200000, 0x000000010b2ffff8, 0x000000010b300000| 99%| O|  |TAMS 0x000000010b200000| PB 0x000000010b200000| Untracked 
| 179|0x000000010b300000, 0x000000010b300000, 0x000000010b400000|  0%| F|  |TAMS 0x000000010b300000| PB 0x000000010b300000| Untracked 
| 180|0x000000010b400000, 0x000000010b500000, 0x000000010b500000|100%| O|  |TAMS 0x000000010b400000| PB 0x000000010b400000| Untracked 
| 181|0x000000010b500000, 0x000000010b600000, 0x000000010b600000|100%| O|  |TAMS 0x000000010b500000| PB 0x000000010b500000| Untracked 
| 182|0x000000010b600000, 0x000000010b700000, 0x000000010b700000|100%| O|  |TAMS 0x000000010b600000| PB 0x000000010b600000| Untracked 
| 183|0x000000010b700000, 0x000000010b800000, 0x000000010b800000|100%|HS|  |TAMS 0x000000010b700000| PB 0x000000010b700000| Untracked 
| 184|0x000000010b800000, 0x000000010b900000, 0x000000010b900000|100%|HS|  |TAMS 0x000000010b800000| PB 0x000000010b800000| Untracked 
| 185|0x000000010b900000, 0x000000010ba00000, 0x000000010ba00000|100%|HS|  |TAMS 0x000000010b900000| PB 0x000000010b900000| Untracked 
| 186|0x000000010ba00000, 0x000000010bb00000, 0x000000010bb00000|100%| O|  |TAMS 0x000000010ba00000| PB 0x000000010ba00000| Untracked 
| 187|0x000000010bb00000, 0x000000010bc00000, 0x000000010bc00000|100%|HS|  |TAMS 0x000000010bb00000| PB 0x000000010bb00000| Untracked 
| 188|0x000000010bc00000, 0x000000010bc00000, 0x000000010bd00000|  0%| F|  |TAMS 0x000000010bc00000| PB 0x000000010bc00000| Untracked 
| 189|0x000000010bd00000, 0x000000010bd00000, 0x000000010be00000|  0%| F|  |TAMS 0x000000010bd00000| PB 0x000000010bd00000| Untracked 
| 190|0x000000010be00000, 0x000000010beffff0, 0x000000010bf00000| 99%| O|  |TAMS 0x000000010be00000| PB 0x000000010be00000| Untracked 
| 191|0x000000010bf00000, 0x000000010bf00000, 0x000000010c000000|  0%| F|  |TAMS 0x000000010bf00000| PB 0x000000010bf00000| Untracked 
| 192|0x000000010c000000, 0x000000010c0fada0, 0x000000010c100000| 97%| O|  |TAMS 0x000000010c000000| PB 0x000000010c000000| Untracked 
| 193|0x000000010c100000, 0x000000010c109408, 0x000000010c200000|  3%| O|  |TAMS 0x000000010c100000| PB 0x000000010c100000| Untracked 
| 194|0x000000010c200000, 0x000000010c200000, 0x000000010c300000|  0%| F|  |TAMS 0x000000010c200000| PB 0x000000010c200000| Untracked 
| 195|0x000000010c300000, 0x000000010c359bc8, 0x000000010c400000| 35%| O|  |TAMS 0x000000010c300000| PB 0x000000010c300000| Untracked 
| 196|0x000000010c400000, 0x000000010c400000, 0x000000010c500000|  0%| F|  |TAMS 0x000000010c400000| PB 0x000000010c400000| Untracked 
| 197|0x000000010c500000, 0x000000010c500000, 0x000000010c600000|  0%| F|  |TAMS 0x000000010c500000| PB 0x000000010c500000| Untracked 
| 198|0x000000010c600000, 0x000000010c605fe8, 0x000000010c700000|  2%| O|  |TAMS 0x000000010c600000| PB 0x000000010c600000| Untracked 
| 199|0x000000010c700000, 0x000000010c700000, 0x000000010c800000|  0%| F|  |TAMS 0x000000010c700000| PB 0x000000010c700000| Untracked 
| 200|0x000000010c800000, 0x000000010c800000, 0x000000010c900000|  0%| F|  |TAMS 0x000000010c800000| PB 0x000000010c800000| Untracked 
| 201|0x000000010c900000, 0x000000010c900000, 0x000000010ca00000|  0%| F|  |TAMS 0x000000010c900000| PB 0x000000010c900000| Untracked 
| 202|0x000000010ca00000, 0x000000010ca00000, 0x000000010cb00000|  0%| F|  |TAMS 0x000000010ca00000| PB 0x000000010ca00000| Untracked 
| 203|0x000000010cb00000, 0x000000010cb00000, 0x000000010cc00000|  0%| F|  |TAMS 0x000000010cb00000| PB 0x000000010cb00000| Untracked 
| 204|0x000000010cc00000, 0x000000010cc00000, 0x000000010cd00000|  0%| F|  |TAMS 0x000000010cc00000| PB 0x000000010cc00000| Untracked 
| 205|0x000000010cd00000, 0x000000010cd00000, 0x000000010ce00000|  0%| F|  |TAMS 0x000000010cd00000| PB 0x000000010cd00000| Untracked 
| 206|0x000000010ce00000, 0x000000010ce00000, 0x000000010cf00000|  0%| F|  |TAMS 0x000000010ce00000| PB 0x000000010ce00000| Untracked 
| 207|0x000000010cf00000, 0x000000010cf00000, 0x000000010d000000|  0%| F|  |TAMS 0x000000010cf00000| PB 0x000000010cf00000| Untracked 
| 208|0x000000010d000000, 0x000000010d000000, 0x000000010d100000|  0%| F|  |TAMS 0x000000010d000000| PB 0x000000010d000000| Untracked 
| 209|0x000000010d100000, 0x000000010d200000, 0x000000010d200000|100%| O|  |TAMS 0x000000010d100000| PB 0x000000010d100000| Untracked 
| 210|0x000000010d200000, 0x000000010d200000, 0x000000010d300000|  0%| F|  |TAMS 0x000000010d200000| PB 0x000000010d200000| Untracked 
| 211|0x000000010d300000, 0x000000010d300000, 0x000000010d400000|  0%| F|  |TAMS 0x000000010d300000| PB 0x000000010d300000| Untracked 
| 212|0x000000010d400000, 0x000000010d400000, 0x000000010d500000|  0%| F|  |TAMS 0x000000010d400000| PB 0x000000010d400000| Untracked 
| 213|0x000000010d500000, 0x000000010d500000, 0x000000010d600000|  0%| F|  |TAMS 0x000000010d500000| PB 0x000000010d500000| Untracked 
| 214|0x000000010d600000, 0x000000010d600000, 0x000000010d700000|  0%| F|  |TAMS 0x000000010d600000| PB 0x000000010d600000| Untracked 
| 215|0x000000010d700000, 0x000000010d700000, 0x000000010d800000|  0%| F|  |TAMS 0x000000010d700000| PB 0x000000010d700000| Untracked 
| 216|0x000000010d800000, 0x000000010d800000, 0x000000010d900000|  0%| F|  |TAMS 0x000000010d800000| PB 0x000000010d800000| Untracked 
| 217|0x000000010d900000, 0x000000010d900000, 0x000000010da00000|  0%| F|  |TAMS 0x000000010d900000| PB 0x000000010d900000| Untracked 
| 218|0x000000010da00000, 0x000000010da00000, 0x000000010db00000|  0%| F|  |TAMS 0x000000010da00000| PB 0x000000010da00000| Untracked 
| 219|0x000000010db00000, 0x000000010db00000, 0x000000010dc00000|  0%| F|  |TAMS 0x000000010db00000| PB 0x000000010db00000| Untracked 
| 220|0x000000010dc00000, 0x000000010dc00000, 0x000000010dd00000|  0%| F|  |TAMS 0x000000010dc00000| PB 0x000000010dc00000| Untracked 
| 221|0x000000010dd00000, 0x000000010dd00000, 0x000000010de00000|  0%| F|  |TAMS 0x000000010dd00000| PB 0x000000010dd00000| Untracked 
| 222|0x000000010de00000, 0x000000010de00000, 0x000000010df00000|  0%| F|  |TAMS 0x000000010de00000| PB 0x000000010de00000| Untracked 
| 223|0x000000010df00000, 0x000000010df00000, 0x000000010e000000|  0%| F|  |TAMS 0x000000010df00000| PB 0x000000010df00000| Untracked 
| 224|0x000000010e000000, 0x000000010e000000, 0x000000010e100000|  0%| F|  |TAMS 0x000000010e000000| PB 0x000000010e000000| Untracked 
| 225|0x000000010e100000, 0x000000010e100000, 0x000000010e200000|  0%| F|  |TAMS 0x000000010e100000| PB 0x000000010e100000| Untracked 
| 226|0x000000010e200000, 0x000000010e200000, 0x000000010e300000|  0%| F|  |TAMS 0x000000010e200000| PB 0x000000010e200000| Untracked 
| 227|0x000000010e300000, 0x000000010e300000, 0x000000010e400000|  0%| F|  |TAMS 0x000000010e300000| PB 0x000000010e300000| Untracked 
| 228|0x000000010e400000, 0x000000010e400000, 0x000000010e500000|  0%| F|  |TAMS 0x000000010e400000| PB 0x000000010e400000| Untracked 
| 229|0x000000010e500000, 0x000000010e500000, 0x000000010e600000|  0%| F|  |TAMS 0x000000010e500000| PB 0x000000010e500000| Untracked 
| 230|0x000000010e600000, 0x000000010e600000, 0x000000010e700000|  0%| F|  |TAMS 0x000000010e600000| PB 0x000000010e600000| Untracked 
| 231|0x000000010e700000, 0x000000010e700000, 0x000000010e800000|  0%| F|  |TAMS 0x000000010e700000| PB 0x000000010e700000| Untracked 
| 232|0x000000010e800000, 0x000000010e800000, 0x000000010e900000|  0%| F|  |TAMS 0x000000010e800000| PB 0x000000010e800000| Untracked 
| 233|0x000000010e900000, 0x000000010ea00000, 0x000000010ea00000|100%| O|  |TAMS 0x000000010e900000| PB 0x000000010e900000| Untracked 
| 234|0x000000010ea00000, 0x000000010ea00000, 0x000000010eb00000|  0%| F|  |TAMS 0x000000010ea00000| PB 0x000000010ea00000| Untracked 
| 235|0x000000010eb00000, 0x000000010eb00000, 0x000000010ec00000|  0%| F|  |TAMS 0x000000010eb00000| PB 0x000000010eb00000| Untracked 
| 236|0x000000010ec00000, 0x000000010ec00000, 0x000000010ed00000|  0%| F|  |TAMS 0x000000010ec00000| PB 0x000000010ec00000| Untracked 
| 237|0x000000010ed00000, 0x000000010ed00000, 0x000000010ee00000|  0%| F|  |TAMS 0x000000010ed00000| PB 0x000000010ed00000| Untracked 
| 238|0x000000010ee00000, 0x000000010ee00000, 0x000000010ef00000|  0%| F|  |TAMS 0x000000010ee00000| PB 0x000000010ee00000| Untracked 
| 239|0x000000010ef00000, 0x000000010ef00000, 0x000000010f000000|  0%| F|  |TAMS 0x000000010ef00000| PB 0x000000010ef00000| Untracked 
| 240|0x000000010f000000, 0x000000010f000000, 0x000000010f100000|  0%| F|  |TAMS 0x000000010f000000| PB 0x000000010f000000| Untracked 
| 241|0x000000010f100000, 0x000000010f100000, 0x000000010f200000|  0%| F|  |TAMS 0x000000010f100000| PB 0x000000010f100000| Untracked 
| 242|0x000000010f200000, 0x000000010f200000, 0x000000010f300000|  0%| F|  |TAMS 0x000000010f200000| PB 0x000000010f200000| Untracked 
| 243|0x000000010f300000, 0x000000010f300000, 0x000000010f400000|  0%| F|  |TAMS 0x000000010f300000| PB 0x000000010f300000| Untracked 
| 244|0x000000010f400000, 0x000000010f400000, 0x000000010f500000|  0%| F|  |TAMS 0x000000010f400000| PB 0x000000010f400000| Untracked 
| 245|0x000000010f500000, 0x000000010f500000, 0x000000010f600000|  0%| F|  |TAMS 0x000000010f500000| PB 0x000000010f500000| Untracked 
| 246|0x000000010f600000, 0x000000010f600000, 0x000000010f700000|  0%| F|  |TAMS 0x000000010f600000| PB 0x000000010f600000| Untracked 
| 247|0x000000010f700000, 0x000000010f700000, 0x000000010f800000|  0%| F|  |TAMS 0x000000010f700000| PB 0x000000010f700000| Untracked 
| 248|0x000000010f800000, 0x000000010f800000, 0x000000010f900000|  0%| F|  |TAMS 0x000000010f800000| PB 0x000000010f800000| Untracked 
| 249|0x000000010f900000, 0x000000010f900000, 0x000000010fa00000|  0%| F|  |TAMS 0x000000010f900000| PB 0x000000010f900000| Untracked 
| 250|0x000000010fa00000, 0x000000010fa00000, 0x000000010fb00000|  0%| F|  |TAMS 0x000000010fa00000| PB 0x000000010fa00000| Untracked 
| 251|0x000000010fb00000, 0x000000010fb00000, 0x000000010fc00000|  0%| F|  |TAMS 0x000000010fb00000| PB 0x000000010fb00000| Untracked 
| 252|0x000000010fc00000, 0x000000010fc00000, 0x000000010fd00000|  0%| F|  |TAMS 0x000000010fc00000| PB 0x000000010fc00000| Untracked 
| 253|0x000000010fd00000, 0x000000010fd00000, 0x000000010fe00000|  0%| F|  |TAMS 0x000000010fd00000| PB 0x000000010fd00000| Untracked 
| 254|0x000000010fe00000, 0x000000010fe00000, 0x000000010ff00000|  0%| F|  |TAMS 0x000000010fe00000| PB 0x000000010fe00000| Untracked 
| 255|0x000000010ff00000, 0x000000010ff00000, 0x0000000110000000|  0%| F|  |TAMS 0x000000010ff00000| PB 0x000000010ff00000| Untracked 
| 256|0x0000000110000000, 0x0000000110000000, 0x0000000110100000|  0%| F|  |TAMS 0x0000000110000000| PB 0x0000000110000000| Untracked 
| 257|0x0000000110100000, 0x0000000110100000, 0x0000000110200000|  0%| F|  |TAMS 0x0000000110100000| PB 0x0000000110100000| Untracked 
| 258|0x0000000110200000, 0x0000000110300000, 0x0000000110300000|100%| O|  |TAMS 0x0000000110200000| PB 0x0000000110200000| Untracked 
| 259|0x0000000110300000, 0x0000000110400000, 0x0000000110400000|100%| O|  |TAMS 0x0000000110300000| PB 0x0000000110300000| Untracked 
| 260|0x0000000110400000, 0x0000000110400000, 0x0000000110500000|  0%| F|  |TAMS 0x0000000110400000| PB 0x0000000110400000| Untracked 
| 261|0x0000000110500000, 0x0000000110500000, 0x0000000110600000|  0%| F|  |TAMS 0x0000000110500000| PB 0x0000000110500000| Untracked 
| 262|0x0000000110600000, 0x0000000110600000, 0x0000000110700000|  0%| F|  |TAMS 0x0000000110600000| PB 0x0000000110600000| Untracked 
| 263|0x0000000110700000, 0x0000000110700000, 0x0000000110800000|  0%| F|  |TAMS 0x0000000110700000| PB 0x0000000110700000| Untracked 
| 264|0x0000000110800000, 0x0000000110800000, 0x0000000110900000|  0%| F|  |TAMS 0x0000000110800000| PB 0x0000000110800000| Untracked 
| 265|0x0000000110900000, 0x0000000110900000, 0x0000000110a00000|  0%| F|  |TAMS 0x0000000110900000| PB 0x0000000110900000| Untracked 
| 266|0x0000000110a00000, 0x0000000110a00000, 0x0000000110b00000|  0%| F|  |TAMS 0x0000000110a00000| PB 0x0000000110a00000| Untracked 
| 267|0x0000000110b00000, 0x0000000110b00000, 0x0000000110c00000|  0%| F|  |TAMS 0x0000000110b00000| PB 0x0000000110b00000| Untracked 
| 268|0x0000000110c00000, 0x0000000110c00000, 0x0000000110d00000|  0%| F|  |TAMS 0x0000000110c00000| PB 0x0000000110c00000| Untracked 
| 269|0x0000000110d00000, 0x0000000110d00000, 0x0000000110e00000|  0%| F|  |TAMS 0x0000000110d00000| PB 0x0000000110d00000| Untracked 
| 270|0x0000000110e00000, 0x0000000110e00000, 0x0000000110f00000|  0%| F|  |TAMS 0x0000000110e00000| PB 0x0000000110e00000| Untracked 
| 271|0x0000000110f00000, 0x0000000111000000, 0x0000000111000000|100%| O|  |TAMS 0x0000000110f00000| PB 0x0000000110f00000| Untracked 
| 272|0x0000000111000000, 0x0000000111100000, 0x0000000111100000|100%| O|  |TAMS 0x0000000111000000| PB 0x0000000111000000| Untracked 
| 273|0x0000000111100000, 0x0000000111100000, 0x0000000111200000|  0%| F|  |TAMS 0x0000000111100000| PB 0x0000000111100000| Untracked 
| 274|0x0000000111200000, 0x0000000111200000, 0x0000000111300000|  0%| F|  |TAMS 0x0000000111200000| PB 0x0000000111200000| Untracked 
| 275|0x0000000111300000, 0x0000000111300000, 0x0000000111400000|  0%| F|  |TAMS 0x0000000111300000| PB 0x0000000111300000| Untracked 
| 276|0x0000000111400000, 0x0000000111400000, 0x0000000111500000|  0%| F|  |TAMS 0x0000000111400000| PB 0x0000000111400000| Untracked 
| 277|0x0000000111500000, 0x0000000111500000, 0x0000000111600000|  0%| F|  |TAMS 0x0000000111500000| PB 0x0000000111500000| Untracked 
| 278|0x0000000111600000, 0x0000000111600000, 0x0000000111700000|  0%| F|  |TAMS 0x0000000111600000| PB 0x0000000111600000| Untracked 
| 279|0x0000000111700000, 0x0000000111800000, 0x0000000111800000|100%| O|  |TAMS 0x0000000111700000| PB 0x0000000111700000| Untracked 
| 280|0x0000000111800000, 0x0000000111900000, 0x0000000111900000|100%| O|  |TAMS 0x0000000111800000| PB 0x0000000111800000| Untracked 
| 281|0x0000000111900000, 0x0000000111a00000, 0x0000000111a00000|100%| O|  |TAMS 0x0000000111900000| PB 0x0000000111900000| Untracked 
| 282|0x0000000111a00000, 0x0000000111a00000, 0x0000000111b00000|  0%| F|  |TAMS 0x0000000111a00000| PB 0x0000000111a00000| Untracked 
| 283|0x0000000111b00000, 0x0000000111b00000, 0x0000000111c00000|  0%| F|  |TAMS 0x0000000111b00000| PB 0x0000000111b00000| Untracked 
| 284|0x0000000111c00000, 0x0000000111c00000, 0x0000000111d00000|  0%| F|  |TAMS 0x0000000111c00000| PB 0x0000000111c00000| Untracked 
| 285|0x0000000111d00000, 0x0000000111d00000, 0x0000000111e00000|  0%| F|  |TAMS 0x0000000111d00000| PB 0x0000000111d00000| Untracked 
| 286|0x0000000111e00000, 0x0000000111e00000, 0x0000000111f00000|  0%| F|  |TAMS 0x0000000111e00000| PB 0x0000000111e00000| Untracked 
| 287|0x0000000111f00000, 0x0000000111f00000, 0x0000000112000000|  0%| F|  |TAMS 0x0000000111f00000| PB 0x0000000111f00000| Untracked 
| 288|0x0000000112000000, 0x0000000112000000, 0x0000000112100000|  0%| F|  |TAMS 0x0000000112000000| PB 0x0000000112000000| Untracked 
| 289|0x0000000112100000, 0x0000000112100000, 0x0000000112200000|  0%| F|  |TAMS 0x0000000112100000| PB 0x0000000112100000| Untracked 
| 290|0x0000000112200000, 0x0000000112200000, 0x0000000112300000|  0%| F|  |TAMS 0x0000000112200000| PB 0x0000000112200000| Untracked 
| 291|0x0000000112300000, 0x0000000112300000, 0x0000000112400000|  0%| F|  |TAMS 0x0000000112300000| PB 0x0000000112300000| Untracked 
| 292|0x0000000112400000, 0x0000000112400000, 0x0000000112500000|  0%| F|  |TAMS 0x0000000112400000| PB 0x0000000112400000| Untracked 
| 293|0x0000000112500000, 0x0000000112500000, 0x0000000112600000|  0%| F|  |TAMS 0x0000000112500000| PB 0x0000000112500000| Untracked 
| 294|0x0000000112600000, 0x0000000112600000, 0x0000000112700000|  0%| F|  |TAMS 0x0000000112600000| PB 0x0000000112600000| Untracked 
| 295|0x0000000112700000, 0x0000000112700000, 0x0000000112800000|  0%| F|  |TAMS 0x0000000112700000| PB 0x0000000112700000| Untracked 
| 296|0x0000000112800000, 0x0000000112800000, 0x0000000112900000|  0%| F|  |TAMS 0x0000000112800000| PB 0x0000000112800000| Untracked 
| 297|0x0000000112900000, 0x0000000112900000, 0x0000000112a00000|  0%| F|  |TAMS 0x0000000112900000| PB 0x0000000112900000| Untracked 
| 298|0x0000000112a00000, 0x0000000112a00000, 0x0000000112b00000|  0%| F|  |TAMS 0x0000000112a00000| PB 0x0000000112a00000| Untracked 
| 299|0x0000000112b00000, 0x0000000112b00000, 0x0000000112c00000|  0%| F|  |TAMS 0x0000000112b00000| PB 0x0000000112b00000| Untracked 
| 300|0x0000000112c00000, 0x0000000112c00000, 0x0000000112d00000|  0%| F|  |TAMS 0x0000000112c00000| PB 0x0000000112c00000| Untracked 
| 301|0x0000000112d00000, 0x0000000112d00000, 0x0000000112e00000|  0%| F|  |TAMS 0x0000000112d00000| PB 0x0000000112d00000| Untracked 
| 302|0x0000000112e00000, 0x0000000112e00000, 0x0000000112f00000|  0%| F|  |TAMS 0x0000000112e00000| PB 0x0000000112e00000| Untracked 
| 303|0x0000000112f00000, 0x0000000112f00000, 0x0000000113000000|  0%| F|  |TAMS 0x0000000112f00000| PB 0x0000000112f00000| Untracked 
| 304|0x0000000113000000, 0x0000000113000000, 0x0000000113100000|  0%| F|  |TAMS 0x0000000113000000| PB 0x0000000113000000| Untracked 
| 305|0x0000000113100000, 0x0000000113200000, 0x0000000113200000|100%| O|  |TAMS 0x0000000113100000| PB 0x0000000113100000| Untracked 
| 306|0x0000000113200000, 0x0000000113300000, 0x0000000113300000|100%| O|  |TAMS 0x0000000113200000| PB 0x0000000113200000| Untracked 
| 307|0x0000000113300000, 0x0000000113400000, 0x0000000113400000|100%| O|  |TAMS 0x0000000113300000| PB 0x0000000113300000| Untracked 
| 308|0x0000000113400000, 0x0000000113400000, 0x0000000113500000|  0%| F|  |TAMS 0x0000000113400000| PB 0x0000000113400000| Untracked 
| 309|0x0000000113500000, 0x0000000113600000, 0x0000000113600000|100%| O|  |TAMS 0x0000000113500000| PB 0x0000000113500000| Untracked 
| 310|0x0000000113600000, 0x0000000113600000, 0x0000000113700000|  0%| F|  |TAMS 0x0000000113600000| PB 0x0000000113600000| Untracked 
| 311|0x0000000113700000, 0x0000000113700000, 0x0000000113800000|  0%| F|  |TAMS 0x0000000113700000| PB 0x0000000113700000| Untracked 
| 312|0x0000000113800000, 0x0000000113800000, 0x0000000113900000|  0%| F|  |TAMS 0x0000000113800000| PB 0x0000000113800000| Untracked 
| 313|0x0000000113900000, 0x0000000113900000, 0x0000000113a00000|  0%| F|  |TAMS 0x0000000113900000| PB 0x0000000113900000| Untracked 
| 314|0x0000000113a00000, 0x0000000113a00000, 0x0000000113b00000|  0%| F|  |TAMS 0x0000000113a00000| PB 0x0000000113a00000| Untracked 
| 315|0x0000000113b00000, 0x0000000113b00000, 0x0000000113c00000|  0%| F|  |TAMS 0x0000000113b00000| PB 0x0000000113b00000| Untracked 
| 316|0x0000000113c00000, 0x0000000113c00000, 0x0000000113d00000|  0%| F|  |TAMS 0x0000000113c00000| PB 0x0000000113c00000| Untracked 
| 317|0x0000000113d00000, 0x0000000113d00000, 0x0000000113e00000|  0%| F|  |TAMS 0x0000000113d00000| PB 0x0000000113d00000| Untracked 
| 318|0x0000000113e00000, 0x0000000113e00000, 0x0000000113f00000|  0%| F|  |TAMS 0x0000000113e00000| PB 0x0000000113e00000| Untracked 
| 319|0x0000000113f00000, 0x0000000113f00000, 0x0000000114000000|  0%| F|  |TAMS 0x0000000113f00000| PB 0x0000000113f00000| Untracked 
| 320|0x0000000114000000, 0x0000000114100000, 0x0000000114100000|100%| O|  |TAMS 0x0000000114000000| PB 0x0000000114000000| Untracked 
| 321|0x0000000114100000, 0x0000000114100000, 0x0000000114200000|  0%| F|  |TAMS 0x0000000114100000| PB 0x0000000114100000| Untracked 
| 322|0x0000000114200000, 0x0000000114200000, 0x0000000114300000|  0%| F|  |TAMS 0x0000000114200000| PB 0x0000000114200000| Untracked 
| 323|0x0000000114300000, 0x0000000114300000, 0x0000000114400000|  0%| F|  |TAMS 0x0000000114300000| PB 0x0000000114300000| Untracked 
| 324|0x0000000114400000, 0x0000000114400000, 0x0000000114500000|  0%| F|  |TAMS 0x0000000114400000| PB 0x0000000114400000| Untracked 
| 325|0x0000000114500000, 0x0000000114500000, 0x0000000114600000|  0%| F|  |TAMS 0x0000000114500000| PB 0x0000000114500000| Untracked 
| 326|0x0000000114600000, 0x0000000114600000, 0x0000000114700000|  0%| F|  |TAMS 0x0000000114600000| PB 0x0000000114600000| Untracked 
| 327|0x0000000114700000, 0x0000000114700000, 0x0000000114800000|  0%| F|  |TAMS 0x0000000114700000| PB 0x0000000114700000| Untracked 
| 328|0x0000000114800000, 0x0000000114900000, 0x0000000114900000|100%| O|  |TAMS 0x0000000114800000| PB 0x0000000114800000| Untracked 
| 329|0x0000000114900000, 0x0000000114a00000, 0x0000000114a00000|100%| O|  |TAMS 0x0000000114900000| PB 0x0000000114900000| Untracked 
| 330|0x0000000114a00000, 0x0000000114a00000, 0x0000000114b00000|  0%| F|  |TAMS 0x0000000114a00000| PB 0x0000000114a00000| Untracked 
| 331|0x0000000114b00000, 0x0000000114c00000, 0x0000000114c00000|100%| O|  |TAMS 0x0000000114b00000| PB 0x0000000114b00000| Untracked 
| 332|0x0000000114c00000, 0x0000000114c00000, 0x0000000114d00000|  0%| F|  |TAMS 0x0000000114c00000| PB 0x0000000114c00000| Untracked 
| 333|0x0000000114d00000, 0x0000000114e00000, 0x0000000114e00000|100%| O|  |TAMS 0x0000000114d00000| PB 0x0000000114d00000| Untracked 
| 334|0x0000000114e00000, 0x0000000114e00000, 0x0000000114f00000|  0%| F|  |TAMS 0x0000000114e00000| PB 0x0000000114e00000| Untracked 
| 335|0x0000000114f00000, 0x0000000114f00000, 0x0000000115000000|  0%| F|  |TAMS 0x0000000114f00000| PB 0x0000000114f00000| Untracked 
| 336|0x0000000115000000, 0x0000000115000000, 0x0000000115100000|  0%| F|  |TAMS 0x0000000115000000| PB 0x0000000115000000| Untracked 
| 337|0x0000000115100000, 0x0000000115100000, 0x0000000115200000|  0%| F|  |TAMS 0x0000000115100000| PB 0x0000000115100000| Untracked 
| 338|0x0000000115200000, 0x0000000115200000, 0x0000000115300000|  0%| F|  |TAMS 0x0000000115200000| PB 0x0000000115200000| Untracked 
| 339|0x0000000115300000, 0x0000000115300000, 0x0000000115400000|  0%| F|  |TAMS 0x0000000115300000| PB 0x0000000115300000| Untracked 
| 340|0x0000000115400000, 0x0000000115500000, 0x0000000115500000|100%| O|  |TAMS 0x0000000115400000| PB 0x0000000115400000| Untracked 
| 341|0x0000000115500000, 0x0000000115500000, 0x0000000115600000|  0%| F|  |TAMS 0x0000000115500000| PB 0x0000000115500000| Untracked 
| 342|0x0000000115600000, 0x0000000115700000, 0x0000000115700000|100%| O|  |TAMS 0x0000000115600000| PB 0x0000000115600000| Untracked 
| 343|0x0000000115700000, 0x0000000115700000, 0x0000000115800000|  0%| F|  |TAMS 0x0000000115700000| PB 0x0000000115700000| Untracked 
| 344|0x0000000115800000, 0x0000000115800000, 0x0000000115900000|  0%| F|  |TAMS 0x0000000115800000| PB 0x0000000115800000| Untracked 
| 345|0x0000000115900000, 0x0000000115900000, 0x0000000115a00000|  0%| F|  |TAMS 0x0000000115900000| PB 0x0000000115900000| Untracked 
| 346|0x0000000115a00000, 0x0000000115a00000, 0x0000000115b00000|  0%| F|  |TAMS 0x0000000115a00000| PB 0x0000000115a00000| Untracked 
| 347|0x0000000115b00000, 0x0000000115b00000, 0x0000000115c00000|  0%| F|  |TAMS 0x0000000115b00000| PB 0x0000000115b00000| Untracked 
| 348|0x0000000115c00000, 0x0000000115c00000, 0x0000000115d00000|  0%| F|  |TAMS 0x0000000115c00000| PB 0x0000000115c00000| Untracked 
| 349|0x0000000115d00000, 0x0000000115d00000, 0x0000000115e00000|  0%| F|  |TAMS 0x0000000115d00000| PB 0x0000000115d00000| Untracked 
| 350|0x0000000115e00000, 0x0000000115e00000, 0x0000000115f00000|  0%| F|  |TAMS 0x0000000115e00000| PB 0x0000000115e00000| Untracked 
| 351|0x0000000115f00000, 0x0000000115f00000, 0x0000000116000000|  0%| F|  |TAMS 0x0000000115f00000| PB 0x0000000115f00000| Untracked 
| 352|0x0000000116000000, 0x0000000116000000, 0x0000000116100000|  0%| F|  |TAMS 0x0000000116000000| PB 0x0000000116000000| Untracked 
| 353|0x0000000116100000, 0x0000000116100000, 0x0000000116200000|  0%| F|  |TAMS 0x0000000116100000| PB 0x0000000116100000| Untracked 
| 354|0x0000000116200000, 0x0000000116200000, 0x0000000116300000|  0%| F|  |TAMS 0x0000000116200000| PB 0x0000000116200000| Untracked 
| 355|0x0000000116300000, 0x0000000116300000, 0x0000000116400000|  0%| F|  |TAMS 0x0000000116300000| PB 0x0000000116300000| Untracked 
| 356|0x0000000116400000, 0x0000000116400000, 0x0000000116500000|  0%| F|  |TAMS 0x0000000116400000| PB 0x0000000116400000| Untracked 
| 357|0x0000000116500000, 0x0000000116500000, 0x0000000116600000|  0%| F|  |TAMS 0x0000000116500000| PB 0x0000000116500000| Untracked 
| 358|0x0000000116600000, 0x0000000116600000, 0x0000000116700000|  0%| F|  |TAMS 0x0000000116600000| PB 0x0000000116600000| Untracked 
| 359|0x0000000116700000, 0x0000000116700000, 0x0000000116800000|  0%| F|  |TAMS 0x0000000116700000| PB 0x0000000116700000| Untracked 
| 360|0x0000000116800000, 0x0000000116800000, 0x0000000116900000|  0%| F|  |TAMS 0x0000000116800000| PB 0x0000000116800000| Untracked 
| 361|0x0000000116900000, 0x0000000116900000, 0x0000000116a00000|  0%| F|  |TAMS 0x0000000116900000| PB 0x0000000116900000| Untracked 
| 362|0x0000000116a00000, 0x0000000116a00000, 0x0000000116b00000|  0%| F|  |TAMS 0x0000000116a00000| PB 0x0000000116a00000| Untracked 
| 363|0x0000000116b00000, 0x0000000116b00000, 0x0000000116c00000|  0%| F|  |TAMS 0x0000000116b00000| PB 0x0000000116b00000| Untracked 
| 364|0x0000000116c00000, 0x0000000116c00000, 0x0000000116d00000|  0%| F|  |TAMS 0x0000000116c00000| PB 0x0000000116c00000| Untracked 
| 365|0x0000000116d00000, 0x0000000116d00000, 0x0000000116e00000|  0%| F|  |TAMS 0x0000000116d00000| PB 0x0000000116d00000| Untracked 
| 366|0x0000000116e00000, 0x0000000116e00000, 0x0000000116f00000|  0%| F|  |TAMS 0x0000000116e00000| PB 0x0000000116e00000| Untracked 
| 367|0x0000000116f00000, 0x0000000116f00000, 0x0000000117000000|  0%| F|  |TAMS 0x0000000116f00000| PB 0x0000000116f00000| Untracked 
| 368|0x0000000117000000, 0x0000000117000000, 0x0000000117100000|  0%| F|  |TAMS 0x0000000117000000| PB 0x0000000117000000| Untracked 
| 369|0x0000000117100000, 0x0000000117100000, 0x0000000117200000|  0%| F|  |TAMS 0x0000000117100000| PB 0x0000000117100000| Untracked 
| 370|0x0000000117200000, 0x0000000117200000, 0x0000000117300000|  0%| F|  |TAMS 0x0000000117200000| PB 0x0000000117200000| Untracked 
| 371|0x0000000117300000, 0x0000000117300000, 0x0000000117400000|  0%| F|  |TAMS 0x0000000117300000| PB 0x0000000117300000| Untracked 
| 372|0x0000000117400000, 0x0000000117400000, 0x0000000117500000|  0%| F|  |TAMS 0x0000000117400000| PB 0x0000000117400000| Untracked 
| 373|0x0000000117500000, 0x0000000117500000, 0x0000000117600000|  0%| F|  |TAMS 0x0000000117500000| PB 0x0000000117500000| Untracked 
| 374|0x0000000117600000, 0x0000000117600000, 0x0000000117700000|  0%| F|  |TAMS 0x0000000117600000| PB 0x0000000117600000| Untracked 
| 375|0x0000000117700000, 0x0000000117700000, 0x0000000117800000|  0%| F|  |TAMS 0x0000000117700000| PB 0x0000000117700000| Untracked 
| 376|0x0000000117800000, 0x0000000117800000, 0x0000000117900000|  0%| F|  |TAMS 0x0000000117800000| PB 0x0000000117800000| Untracked 
| 377|0x0000000117900000, 0x0000000117900000, 0x0000000117a00000|  0%| F|  |TAMS 0x0000000117900000| PB 0x0000000117900000| Untracked 
| 378|0x0000000117a00000, 0x0000000117a00000, 0x0000000117b00000|  0%| F|  |TAMS 0x0000000117a00000| PB 0x0000000117a00000| Untracked 
| 379|0x0000000117b00000, 0x0000000117b00000, 0x0000000117c00000|  0%| F|  |TAMS 0x0000000117b00000| PB 0x0000000117b00000| Untracked 
| 380|0x0000000117c00000, 0x0000000117d00000, 0x0000000117d00000|100%| E|  |TAMS 0x0000000117c00000| PB 0x0000000117c00000| Complete 
| 381|0x0000000117d00000, 0x0000000117e00000, 0x0000000117e00000|100%| E|CS|TAMS 0x0000000117d00000| PB 0x0000000117d00000| Complete 
| 382|0x0000000117e00000, 0x0000000117f00000, 0x0000000117f00000|100%| E|CS|TAMS 0x0000000117e00000| PB 0x0000000117e00000| Complete 
| 383|0x0000000117f00000, 0x0000000118000000, 0x0000000118000000|100%| E|CS|TAMS 0x0000000117f00000| PB 0x0000000117f00000| Complete 
| 384|0x0000000118000000, 0x0000000118100000, 0x0000000118100000|100%| E|CS|TAMS 0x0000000118000000| PB 0x0000000118000000| Complete 
| 385|0x0000000118100000, 0x0000000118200000, 0x0000000118200000|100%| E|CS|TAMS 0x0000000118100000| PB 0x0000000118100000| Complete 
| 386|0x0000000118200000, 0x0000000118300000, 0x0000000118300000|100%| E|CS|TAMS 0x0000000118200000| PB 0x0000000118200000| Complete 
| 387|0x0000000118300000, 0x0000000118400000, 0x0000000118400000|100%| E|CS|TAMS 0x0000000118300000| PB 0x0000000118300000| Complete 
| 388|0x0000000118400000, 0x0000000118500000, 0x0000000118500000|100%| E|CS|TAMS 0x0000000118400000| PB 0x0000000118400000| Complete 
| 389|0x0000000118500000, 0x0000000118600000, 0x0000000118600000|100%| E|CS|TAMS 0x0000000118500000| PB 0x0000000118500000| Complete 
| 390|0x0000000118600000, 0x0000000118700000, 0x0000000118700000|100%| E|CS|TAMS 0x0000000118600000| PB 0x0000000118600000| Complete 
| 391|0x0000000118700000, 0x0000000118800000, 0x0000000118800000|100%| E|CS|TAMS 0x0000000118700000| PB 0x0000000118700000| Complete 
| 392|0x0000000118800000, 0x0000000118900000, 0x0000000118900000|100%| E|CS|TAMS 0x0000000118800000| PB 0x0000000118800000| Complete 
| 393|0x0000000118900000, 0x0000000118a00000, 0x0000000118a00000|100%| E|CS|TAMS 0x0000000118900000| PB 0x0000000118900000| Complete 
| 394|0x0000000118a00000, 0x0000000118b00000, 0x0000000118b00000|100%| E|CS|TAMS 0x0000000118a00000| PB 0x0000000118a00000| Complete 
| 395|0x0000000118b00000, 0x0000000118c00000, 0x0000000118c00000|100%| E|CS|TAMS 0x0000000118b00000| PB 0x0000000118b00000| Complete 
| 396|0x0000000118c00000, 0x0000000118d00000, 0x0000000118d00000|100%| E|CS|TAMS 0x0000000118c00000| PB 0x0000000118c00000| Complete 
| 397|0x0000000118d00000, 0x0000000118e00000, 0x0000000118e00000|100%| E|CS|TAMS 0x0000000118d00000| PB 0x0000000118d00000| Complete 
| 398|0x0000000118e00000, 0x0000000118f00000, 0x0000000118f00000|100%| E|CS|TAMS 0x0000000118e00000| PB 0x0000000118e00000| Complete 
| 399|0x0000000118f00000, 0x0000000119000000, 0x0000000119000000|100%| E|CS|TAMS 0x0000000118f00000| PB 0x0000000118f00000| Complete 
| 400|0x0000000119000000, 0x0000000119100000, 0x0000000119100000|100%| E|CS|TAMS 0x0000000119000000| PB 0x0000000119000000| Complete 
| 401|0x0000000119100000, 0x0000000119200000, 0x0000000119200000|100%| E|CS|TAMS 0x0000000119100000| PB 0x0000000119100000| Complete 
| 402|0x0000000119200000, 0x0000000119300000, 0x0000000119300000|100%| E|CS|TAMS 0x0000000119200000| PB 0x0000000119200000| Complete 
| 403|0x0000000119300000, 0x0000000119400000, 0x0000000119400000|100%| E|CS|TAMS 0x0000000119300000| PB 0x0000000119300000| Complete 
| 404|0x0000000119400000, 0x0000000119500000, 0x0000000119500000|100%| E|CS|TAMS 0x0000000119400000| PB 0x0000000119400000| Complete 
| 405|0x0000000119500000, 0x0000000119600000, 0x0000000119600000|100%| E|CS|TAMS 0x0000000119500000| PB 0x0000000119500000| Complete 
| 406|0x0000000119600000, 0x0000000119700000, 0x0000000119700000|100%| E|CS|TAMS 0x0000000119600000| PB 0x0000000119600000| Complete 
| 407|0x0000000119700000, 0x0000000119800000, 0x0000000119800000|100%| E|CS|TAMS 0x0000000119700000| PB 0x0000000119700000| Complete 
| 408|0x0000000119800000, 0x0000000119900000, 0x0000000119900000|100%| E|CS|TAMS 0x0000000119800000| PB 0x0000000119800000| Complete 
| 409|0x0000000119900000, 0x0000000119a00000, 0x0000000119a00000|100%| E|CS|TAMS 0x0000000119900000| PB 0x0000000119900000| Complete 
| 410|0x0000000119a00000, 0x0000000119b00000, 0x0000000119b00000|100%| E|CS|TAMS 0x0000000119a00000| PB 0x0000000119a00000| Complete 
| 411|0x0000000119b00000, 0x0000000119c00000, 0x0000000119c00000|100%| E|CS|TAMS 0x0000000119b00000| PB 0x0000000119b00000| Complete 
| 412|0x0000000119c00000, 0x0000000119d00000, 0x0000000119d00000|100%| E|CS|TAMS 0x0000000119c00000| PB 0x0000000119c00000| Complete 
| 413|0x0000000119d00000, 0x0000000119e00000, 0x0000000119e00000|100%| E|CS|TAMS 0x0000000119d00000| PB 0x0000000119d00000| Complete 
| 414|0x0000000119e00000, 0x0000000119f00000, 0x0000000119f00000|100%| E|CS|TAMS 0x0000000119e00000| PB 0x0000000119e00000| Complete 
| 415|0x0000000119f00000, 0x000000011a000000, 0x000000011a000000|100%| E|CS|TAMS 0x0000000119f00000| PB 0x0000000119f00000| Complete 
| 416|0x000000011a000000, 0x000000011a100000, 0x000000011a100000|100%| E|CS|TAMS 0x000000011a000000| PB 0x000000011a000000| Complete 
| 417|0x000000011a100000, 0x000000011a200000, 0x000000011a200000|100%| E|CS|TAMS 0x000000011a100000| PB 0x000000011a100000| Complete 
| 418|0x000000011a200000, 0x000000011a300000, 0x000000011a300000|100%| E|CS|TAMS 0x000000011a200000| PB 0x000000011a200000| Complete 
| 419|0x000000011a300000, 0x000000011a400000, 0x000000011a400000|100%| E|CS|TAMS 0x000000011a300000| PB 0x000000011a300000| Complete 
| 420|0x000000011a400000, 0x000000011a500000, 0x000000011a500000|100%| E|CS|TAMS 0x000000011a400000| PB 0x000000011a400000| Complete 
| 421|0x000000011a500000, 0x000000011a600000, 0x000000011a600000|100%| E|CS|TAMS 0x000000011a500000| PB 0x000000011a500000| Complete 
| 422|0x000000011a600000, 0x000000011a700000, 0x000000011a700000|100%| E|CS|TAMS 0x000000011a600000| PB 0x000000011a600000| Complete 
| 423|0x000000011a700000, 0x000000011a800000, 0x000000011a800000|100%| E|CS|TAMS 0x000000011a700000| PB 0x000000011a700000| Complete 
| 424|0x000000011a800000, 0x000000011a900000, 0x000000011a900000|100%| E|CS|TAMS 0x000000011a800000| PB 0x000000011a800000| Complete 
| 425|0x000000011a900000, 0x000000011aa00000, 0x000000011aa00000|100%| E|CS|TAMS 0x000000011a900000| PB 0x000000011a900000| Complete 
| 426|0x000000011aa00000, 0x000000011ab00000, 0x000000011ab00000|100%| E|CS|TAMS 0x000000011aa00000| PB 0x000000011aa00000| Complete 
| 427|0x000000011ab00000, 0x000000011ac00000, 0x000000011ac00000|100%| E|CS|TAMS 0x000000011ab00000| PB 0x000000011ab00000| Complete 
| 428|0x000000011ac00000, 0x000000011ad00000, 0x000000011ad00000|100%| E|CS|TAMS 0x000000011ac00000| PB 0x000000011ac00000| Complete 
| 429|0x000000011ad00000, 0x000000011ae00000, 0x000000011ae00000|100%| E|CS|TAMS 0x000000011ad00000| PB 0x000000011ad00000| Complete 
| 430|0x000000011ae00000, 0x000000011af00000, 0x000000011af00000|100%| E|CS|TAMS 0x000000011ae00000| PB 0x000000011ae00000| Complete 
| 431|0x000000011af00000, 0x000000011b000000, 0x000000011b000000|100%| E|CS|TAMS 0x000000011af00000| PB 0x000000011af00000| Complete 
| 432|0x000000011b000000, 0x000000011b100000, 0x000000011b100000|100%| E|CS|TAMS 0x000000011b000000| PB 0x000000011b000000| Complete 
| 433|0x000000011b100000, 0x000000011b200000, 0x000000011b200000|100%| E|CS|TAMS 0x000000011b100000| PB 0x000000011b100000| Complete 
| 434|0x000000011b200000, 0x000000011b300000, 0x000000011b300000|100%| E|CS|TAMS 0x000000011b200000| PB 0x000000011b200000| Complete 
| 435|0x000000011b300000, 0x000000011b400000, 0x000000011b400000|100%| E|CS|TAMS 0x000000011b300000| PB 0x000000011b300000| Complete 
| 436|0x000000011b400000, 0x000000011b500000, 0x000000011b500000|100%| E|CS|TAMS 0x000000011b400000| PB 0x000000011b400000| Complete 
| 437|0x000000011b500000, 0x000000011b600000, 0x000000011b600000|100%| E|CS|TAMS 0x000000011b500000| PB 0x000000011b500000| Complete 
| 438|0x000000011b600000, 0x000000011b700000, 0x000000011b700000|100%| E|CS|TAMS 0x000000011b600000| PB 0x000000011b600000| Complete 
| 439|0x000000011b700000, 0x000000011b800000, 0x000000011b800000|100%| E|CS|TAMS 0x000000011b700000| PB 0x000000011b700000| Complete 
| 440|0x000000011b800000, 0x000000011b900000, 0x000000011b900000|100%| E|CS|TAMS 0x000000011b800000| PB 0x000000011b800000| Complete 
| 441|0x000000011b900000, 0x000000011ba00000, 0x000000011ba00000|100%| E|CS|TAMS 0x000000011b900000| PB 0x000000011b900000| Complete 
| 442|0x000000011ba00000, 0x000000011bb00000, 0x000000011bb00000|100%| E|CS|TAMS 0x000000011ba00000| PB 0x000000011ba00000| Complete 
| 443|0x000000011bb00000, 0x000000011bc00000, 0x000000011bc00000|100%| E|CS|TAMS 0x000000011bb00000| PB 0x000000011bb00000| Complete 
| 444|0x000000011bc00000, 0x000000011bd00000, 0x000000011bd00000|100%| E|CS|TAMS 0x000000011bc00000| PB 0x000000011bc00000| Complete 
| 445|0x000000011bd00000, 0x000000011be00000, 0x000000011be00000|100%| E|CS|TAMS 0x000000011bd00000| PB 0x000000011bd00000| Complete 
| 446|0x000000011be00000, 0x000000011bf00000, 0x000000011bf00000|100%| E|CS|TAMS 0x000000011be00000| PB 0x000000011be00000| Complete 
| 447|0x000000011bf00000, 0x000000011c000000, 0x000000011c000000|100%| E|CS|TAMS 0x000000011bf00000| PB 0x000000011bf00000| Complete 
| 448|0x000000011c000000, 0x000000011c100000, 0x000000011c100000|100%| E|CS|TAMS 0x000000011c000000| PB 0x000000011c000000| Complete 
| 449|0x000000011c100000, 0x000000011c200000, 0x000000011c200000|100%| E|CS|TAMS 0x000000011c100000| PB 0x000000011c100000| Complete 
| 450|0x000000011c200000, 0x000000011c300000, 0x000000011c300000|100%| E|CS|TAMS 0x000000011c200000| PB 0x000000011c200000| Complete 
| 451|0x000000011c300000, 0x000000011c400000, 0x000000011c400000|100%| E|CS|TAMS 0x000000011c300000| PB 0x000000011c300000| Complete 
| 452|0x000000011c400000, 0x000000011c500000, 0x000000011c500000|100%| E|CS|TAMS 0x000000011c400000| PB 0x000000011c400000| Complete 
| 453|0x000000011c500000, 0x000000011c600000, 0x000000011c600000|100%| E|CS|TAMS 0x000000011c500000| PB 0x000000011c500000| Complete 
| 454|0x000000011c600000, 0x000000011c700000, 0x000000011c700000|100%| E|CS|TAMS 0x000000011c600000| PB 0x000000011c600000| Complete 
| 455|0x000000011c700000, 0x000000011c800000, 0x000000011c800000|100%| E|CS|TAMS 0x000000011c700000| PB 0x000000011c700000| Complete 
| 456|0x000000011c800000, 0x000000011c900000, 0x000000011c900000|100%| E|CS|TAMS 0x000000011c800000| PB 0x000000011c800000| Complete 
| 457|0x000000011c900000, 0x000000011ca00000, 0x000000011ca00000|100%| E|CS|TAMS 0x000000011c900000| PB 0x000000011c900000| Complete 
| 458|0x000000011ca00000, 0x000000011cb00000, 0x000000011cb00000|100%| E|CS|TAMS 0x000000011ca00000| PB 0x000000011ca00000| Complete 
| 459|0x000000011cb00000, 0x000000011cc00000, 0x000000011cc00000|100%| E|CS|TAMS 0x000000011cb00000| PB 0x000000011cb00000| Complete 
| 460|0x000000011cc00000, 0x000000011cd00000, 0x000000011cd00000|100%| E|CS|TAMS 0x000000011cc00000| PB 0x000000011cc00000| Complete 
| 461|0x000000011cd00000, 0x000000011ce00000, 0x000000011ce00000|100%| E|CS|TAMS 0x000000011cd00000| PB 0x000000011cd00000| Complete 
| 462|0x000000011ce00000, 0x000000011cf00000, 0x000000011cf00000|100%| E|CS|TAMS 0x000000011ce00000| PB 0x000000011ce00000| Complete 
| 463|0x000000011cf00000, 0x000000011d000000, 0x000000011d000000|100%| E|CS|TAMS 0x000000011cf00000| PB 0x000000011cf00000| Complete 
| 464|0x000000011d000000, 0x000000011d100000, 0x000000011d100000|100%| E|CS|TAMS 0x000000011d000000| PB 0x000000011d000000| Complete 
| 465|0x000000011d100000, 0x000000011d200000, 0x000000011d200000|100%| E|CS|TAMS 0x000000011d100000| PB 0x000000011d100000| Complete 
| 466|0x000000011d200000, 0x000000011d300000, 0x000000011d300000|100%| E|CS|TAMS 0x000000011d200000| PB 0x000000011d200000| Complete 
| 467|0x000000011d300000, 0x000000011d400000, 0x000000011d400000|100%| E|CS|TAMS 0x000000011d300000| PB 0x000000011d300000| Complete 
| 468|0x000000011d400000, 0x000000011d500000, 0x000000011d500000|100%| E|CS|TAMS 0x000000011d400000| PB 0x000000011d400000| Complete 
| 469|0x000000011d500000, 0x000000011d600000, 0x000000011d600000|100%| E|CS|TAMS 0x000000011d500000| PB 0x000000011d500000| Complete 
| 470|0x000000011d600000, 0x000000011d700000, 0x000000011d700000|100%| E|CS|TAMS 0x000000011d600000| PB 0x000000011d600000| Complete 
| 471|0x000000011d700000, 0x000000011d800000, 0x000000011d800000|100%| E|CS|TAMS 0x000000011d700000| PB 0x000000011d700000| Complete 
| 472|0x000000011d800000, 0x000000011d900000, 0x000000011d900000|100%| E|CS|TAMS 0x000000011d800000| PB 0x000000011d800000| Complete 
| 473|0x000000011d900000, 0x000000011da00000, 0x000000011da00000|100%| E|CS|TAMS 0x000000011d900000| PB 0x000000011d900000| Complete 
| 474|0x000000011da00000, 0x000000011db00000, 0x000000011db00000|100%| E|CS|TAMS 0x000000011da00000| PB 0x000000011da00000| Complete 
| 475|0x000000011db00000, 0x000000011dc00000, 0x000000011dc00000|100%| E|CS|TAMS 0x000000011db00000| PB 0x000000011db00000| Complete 
| 476|0x000000011dc00000, 0x000000011dd00000, 0x000000011dd00000|100%| E|CS|TAMS 0x000000011dc00000| PB 0x000000011dc00000| Complete 
| 477|0x000000011dd00000, 0x000000011de00000, 0x000000011de00000|100%| E|CS|TAMS 0x000000011dd00000| PB 0x000000011dd00000| Complete 
| 478|0x000000011de00000, 0x000000011df00000, 0x000000011df00000|100%| E|CS|TAMS 0x000000011de00000| PB 0x000000011de00000| Complete 
| 479|0x000000011df00000, 0x000000011e000000, 0x000000011e000000|100%| E|CS|TAMS 0x000000011df00000| PB 0x000000011df00000| Complete 
| 480|0x000000011e000000, 0x000000011e100000, 0x000000011e100000|100%| E|CS|TAMS 0x000000011e000000| PB 0x000000011e000000| Complete 
| 481|0x000000011e100000, 0x000000011e200000, 0x000000011e200000|100%| E|CS|TAMS 0x000000011e100000| PB 0x000000011e100000| Complete 
| 482|0x000000011e200000, 0x000000011e300000, 0x000000011e300000|100%| E|CS|TAMS 0x000000011e200000| PB 0x000000011e200000| Complete 
| 483|0x000000011e300000, 0x000000011e400000, 0x000000011e400000|100%| E|CS|TAMS 0x000000011e300000| PB 0x000000011e300000| Complete 
| 484|0x000000011e400000, 0x000000011e500000, 0x000000011e500000|100%| E|CS|TAMS 0x000000011e400000| PB 0x000000011e400000| Complete 
| 485|0x000000011e500000, 0x000000011e600000, 0x000000011e600000|100%| E|CS|TAMS 0x000000011e500000| PB 0x000000011e500000| Complete 
| 486|0x000000011e600000, 0x000000011e700000, 0x000000011e700000|100%| E|CS|TAMS 0x000000011e600000| PB 0x000000011e600000| Complete 
| 487|0x000000011e700000, 0x000000011e800000, 0x000000011e800000|100%| E|CS|TAMS 0x000000011e700000| PB 0x000000011e700000| Complete 
| 488|0x000000011e800000, 0x000000011e900000, 0x000000011e900000|100%| E|CS|TAMS 0x000000011e800000| PB 0x000000011e800000| Complete 
| 489|0x000000011e900000, 0x000000011ea00000, 0x000000011ea00000|100%| E|CS|TAMS 0x000000011e900000| PB 0x000000011e900000| Complete 
| 490|0x000000011ea00000, 0x000000011eb00000, 0x000000011eb00000|100%| E|CS|TAMS 0x000000011ea00000| PB 0x000000011ea00000| Complete 
| 491|0x000000011eb00000, 0x000000011ec00000, 0x000000011ec00000|100%| E|CS|TAMS 0x000000011eb00000| PB 0x000000011eb00000| Complete 
| 492|0x000000011ec00000, 0x000000011ed00000, 0x000000011ed00000|100%| E|CS|TAMS 0x000000011ec00000| PB 0x000000011ec00000| Complete 
| 493|0x000000011ed00000, 0x000000011ee00000, 0x000000011ee00000|100%| E|CS|TAMS 0x000000011ed00000| PB 0x000000011ed00000| Complete 
| 494|0x000000011ee00000, 0x000000011ef00000, 0x000000011ef00000|100%| E|CS|TAMS 0x000000011ee00000| PB 0x000000011ee00000| Complete 
| 495|0x000000011ef00000, 0x000000011f000000, 0x000000011f000000|100%| E|CS|TAMS 0x000000011ef00000| PB 0x000000011ef00000| Complete 
| 496|0x000000011f000000, 0x000000011f100000, 0x000000011f100000|100%| E|CS|TAMS 0x000000011f000000| PB 0x000000011f000000| Complete 
| 497|0x000000011f100000, 0x000000011f200000, 0x000000011f200000|100%| E|CS|TAMS 0x000000011f100000| PB 0x000000011f100000| Complete 
|1013|0x000000013f500000, 0x000000013f600000, 0x000000013f600000|100%| E|CS|TAMS 0x000000013f500000| PB 0x000000013f500000| Complete 
|1014|0x000000013f600000, 0x000000013f700000, 0x000000013f700000|100%| E|CS|TAMS 0x000000013f600000| PB 0x000000013f600000| Complete 
|1015|0x000000013f700000, 0x000000013f800000, 0x000000013f800000|100%| E|CS|TAMS 0x000000013f700000| PB 0x000000013f700000| Complete 
|1016|0x000000013f800000, 0x000000013f900000, 0x000000013f900000|100%| E|CS|TAMS 0x000000013f800000| PB 0x000000013f800000| Complete 
|1017|0x000000013f900000, 0x000000013fa00000, 0x000000013fa00000|100%| E|CS|TAMS 0x000000013f900000| PB 0x000000013f900000| Complete 
|1018|0x000000013fa00000, 0x000000013fb00000, 0x000000013fb00000|100%| E|CS|TAMS 0x000000013fa00000| PB 0x000000013fa00000| Complete 
|1019|0x000000013fb00000, 0x000000013fc00000, 0x000000013fc00000|100%| E|CS|TAMS 0x000000013fb00000| PB 0x000000013fb00000| Complete 
|1020|0x000000013fc00000, 0x000000013fd00000, 0x000000013fd00000|100%| E|CS|TAMS 0x000000013fc00000| PB 0x000000013fc00000| Complete 
|1021|0x000000013fd00000, 0x000000013fe00000, 0x000000013fe00000|100%| E|CS|TAMS 0x000000013fd00000| PB 0x000000013fd00000| Complete 
|1022|0x000000013fe00000, 0x000000013ff00000, 0x000000013ff00000|100%| E|CS|TAMS 0x000000013fe00000| PB 0x000000013fe00000| Complete 
|1023|0x000000013ff00000, 0x0000000140000000, 0x0000000140000000|100%| E|CS|TAMS 0x000000013ff00000| PB 0x000000013ff00000| Complete 

Card table byte_map: [0x0000020123f60000,0x0000020124160000] _byte_map_base: 0x0000020123760000

Marking Bits: (CMBitMap*) 0x0000020111860d70
 Bits: [0x0000020124160000, 0x0000020125160000)

Polling page: 0x000002010f680000

Metaspace:

Usage:
  Non-class:    119.81 MB used.
      Class:     19.09 MB used.
       Both:    138.90 MB used.

Virtual space:
  Non-class space:      128.00 MB reserved,     120.94 MB ( 94%) committed,  2 nodes.
      Class space:      208.00 MB reserved,      20.69 MB ( 10%) committed,  1 nodes.
             Both:      336.00 MB reserved,     141.62 MB ( 42%) committed. 

Chunk freelists:
   Non-Class:  6.88 MB
       Class:  11.83 MB
        Both:  18.71 MB

MaxMetaspaceSize: 256.00 MB
CompressedClassSpaceSize: 208.00 MB
Initial GC threshold: 21.00 MB
Current GC threshold: 235.88 MB
CDS: on
 - commit_granule_bytes: 65536.
 - commit_granule_words: 8192.
 - virtual_space_node_default_size: 8388608.
 - enlarge_chunks_in_place: 1.
 - use_allocation_guard: 0.


Internal statistics:

num_allocs_failed_limit: 6.
num_arena_births: 7516.
num_arena_deaths: 4116.
num_vsnodes_births: 3.
num_vsnodes_deaths: 0.
num_space_committed: 2266.
num_space_uncommitted: 0.
num_chunks_returned_to_freelist: 4870.
num_chunks_taken_from_freelist: 16121.
num_chunk_merges: 1692.
num_chunk_splits: 9227.
num_chunks_enlarged: 5583.
num_inconsistent_stats: 0.

CodeHeap 'non-profiled nmethods': size=120064Kb used=15860Kb max_used=16832Kb free=104203Kb
 bounds [0x000002011c4e0000, 0x000002011d570000, 0x0000020123a20000]
CodeHeap 'profiled nmethods': size=120000Kb used=35255Kb max_used=43720Kb free=84744Kb
 bounds [0x0000020114a20000, 0x00000201174e0000, 0x000002011bf50000]
CodeHeap 'non-nmethods': size=5696Kb used=3153Kb max_used=3206Kb free=2542Kb
 bounds [0x000002011bf50000, 0x000002011c280000, 0x000002011c4e0000]
CodeCache: size=245760Kb, used=54268Kb, max_used=63758Kb, free=191489Kb
 total_blobs=18427, nmethods=17308, adapters=1022, full_count=0
Compilation: enabled, stopped_count=0, restarted_count=0

Compilation events (20 events):
Event: 13013.538 Thread 0x0000020127b80750 29294       3       org.gradle.internal.component.model.AbstractComponentGraphResolveState::lambda$getPublicViewFor$0 (7 bytes)
Event: 13013.539 Thread 0x0000020127b80750 nmethod 29294 0x0000020114b78310 code [0x0000020114b784c0, 0x0000020114b78608]
Event: 13013.557 Thread 0x0000020127b80750 29296       3       java.security.AccessControlContext::optimize (319 bytes)
Event: 13013.568 Thread 0x0000020127b80750 nmethod 29296 0x0000020114f76510 code [0x0000020114f76800, 0x0000020114f77660]
Event: 13013.568 Thread 0x0000020127b80750 29297       3       java.security.AccessControlContext::calculateFields (89 bytes)
Event: 13013.568 Thread 0x0000020127b80750 nmethod 29297 0x0000020114e63410 code [0x0000020114e635e0, 0x0000020114e63a08]
Event: 13013.641 Thread 0x0000020127b80750 29299   !   3       com.esotericsoftware.kryo.io.Output::flush (57 bytes)
Event: 13013.644 Thread 0x0000020127b80750 nmethod 29299 0x0000020114e2d010 code [0x0000020114e2d1e0, 0x0000020114e2d528]
Event: 13013.644 Thread 0x0000020127b80750 29300       2       org.gradle.internal.operations.notify.BuildOperationNotificationBridge$Finished::<init> (15 bytes)
Event: 13013.648 Thread 0x0000020127b80750 nmethod 29300 0x0000020114e3a510 code [0x0000020114e3a6c0, 0x0000020114e3a7e8]
Event: 13013.648 Thread 0x0000020127b80750 29301       2       org.gradle.internal.operations.notify.BuildOperationNotificationBridge$Finished::<init> (39 bytes)
Event: 13013.648 Thread 0x0000020127b80750 nmethod 29301 0x00000201152a7a10 code [0x00000201152a7bc0, 0x00000201152a7ec0]
Event: 13013.648 Thread 0x0000020127b80750 29302       2       org.gradle.internal.operations.notify.BuildOperationNotificationBridge$RecordingListener::finished (12 bytes)
Event: 13013.652 Thread 0x0000020127b80750 nmethod 29302 0x0000020114ba4990 code [0x0000020114ba4b40, 0x0000020114ba4c78]
Event: 13013.653 Thread 0x0000020127b80750 29303   !   2       org.gradle.internal.operations.notify.BuildOperationNotificationBridge$ReplayAndAttachListener::finished (64 bytes)
Event: 13013.654 Thread 0x0000020127b80750 nmethod 29303 0x0000020114bb6390 code [0x0000020114bb6580, 0x0000020114bb6808]
Event: 13013.737 Thread 0x0000020127b80750 29305       1       org.gradle.internal.operations.OperationFinishEvent::getFailure (5 bytes)
Event: 13013.737 Thread 0x0000020127b80750 nmethod 29305 0x000002011c5d4a90 code [0x000002011c5d4c20, 0x000002011c5d4cf0]
Event: 13013.832 Thread 0x0000020127b80750 29307   !   3       jdk.internal.reflect.DirectMethodHandleAccessor::invoke (92 bytes)
Event: 13013.840 Thread 0x0000020127b80750 nmethod 29307 0x00000201160c2010 code [0x00000201160c2500, 0x00000201160c4658]

GC Heap History (20 events):
Event: 6180.342 GC heap before
{Heap before GC invocations=95 (full 0):
 garbage-first heap   total 521216K, used 379680K [0x0000000100000000, 0x0000000140000000)
  region size 1024K, 71 young (72704K), 4 survivors (4096K)
 Metaspace       used 137792K, committed 142336K, reserved 344064K
  class space    used 19024K, committed 21120K, reserved 212992K
}
Event: 6180.374 GC heap after
{Heap after GC invocations=96 (full 0):
 garbage-first heap   total 521216K, used 322560K [0x0000000100000000, 0x0000000140000000)
  region size 1024K, 9 young (9216K), 9 survivors (9216K)
 Metaspace       used 137792K, committed 142336K, reserved 344064K
  class space    used 19024K, committed 21120K, reserved 212992K
}
Event: 6181.017 GC heap before
{Heap before GC invocations=96 (full 0):
 garbage-first heap   total 521216K, used 374784K [0x0000000100000000, 0x0000000140000000)
  region size 1024K, 60 young (61440K), 9 survivors (9216K)
 Metaspace       used 137944K, committed 142464K, reserved 344064K
  class space    used 19035K, committed 21120K, reserved 212992K
}
Event: 6181.067 GC heap after
{Heap after GC invocations=97 (full 0):
 garbage-first heap   total 521216K, used 318587K [0x0000000100000000, 0x0000000140000000)
  region size 1024K, 3 young (3072K), 3 survivors (3072K)
 Metaspace       used 137944K, committed 142464K, reserved 344064K
  class space    used 19035K, committed 21120K, reserved 212992K
}
Event: 6184.368 GC heap before
{Heap before GC invocations=97 (full 0):
 garbage-first heap   total 521216K, used 412795K [0x0000000100000000, 0x0000000140000000)
  region size 1024K, 95 young (97280K), 3 survivors (3072K)
 Metaspace       used 140929K, committed 144256K, reserved 344064K
  class space    used 19416K, committed 21184K, reserved 212992K
}
Event: 6184.404 GC heap after
{Heap after GC invocations=98 (full 0):
 garbage-first heap   total 521216K, used 317707K [0x0000000100000000, 0x0000000140000000)
  region size 1024K, 6 young (6144K), 6 survivors (6144K)
 Metaspace       used 140929K, committed 144256K, reserved 344064K
  class space    used 19416K, committed 21184K, reserved 212992K
}
Event: 6190.139 GC heap before
{Heap before GC invocations=98 (full 0):
 garbage-first heap   total 521216K, used 418059K [0x0000000100000000, 0x0000000140000000)
  region size 1024K, 104 young (106496K), 6 survivors (6144K)
 Metaspace       used 141514K, committed 144512K, reserved 344064K
  class space    used 19485K, committed 21184K, reserved 212992K
}
Event: 6190.242 GC heap after
{Heap after GC invocations=99 (full 0):
 garbage-first heap   total 521216K, used 322211K [0x0000000100000000, 0x0000000140000000)
  region size 1024K, 13 young (13312K), 13 survivors (13312K)
 Metaspace       used 141514K, committed 144512K, reserved 344064K
  class space    used 19485K, committed 21184K, reserved 212992K
}
Event: 6191.704 GC heap before
{Heap before GC invocations=99 (full 0):
 garbage-first heap   total 521216K, used 366243K [0x0000000100000000, 0x0000000140000000)
  region size 1024K, 56 young (57344K), 13 survivors (13312K)
 Metaspace       used 141673K, committed 144576K, reserved 344064K
  class space    used 19491K, committed 21184K, reserved 212992K
}
Event: 6191.784 GC heap after
{Heap after GC invocations=100 (full 0):
 garbage-first heap   total 521216K, used 328415K [0x0000000100000000, 0x0000000140000000)
  region size 1024K, 7 young (7168K), 7 survivors (7168K)
 Metaspace       used 141673K, committed 144576K, reserved 344064K
  class space    used 19491K, committed 21184K, reserved 212992K
}
Event: 6198.011 GC heap before
{Heap before GC invocations=100 (full 0):
 garbage-first heap   total 521216K, used 424671K [0x0000000100000000, 0x0000000140000000)
  region size 1024K, 101 young (103424K), 7 survivors (7168K)
 Metaspace       used 141974K, committed 144832K, reserved 344064K
  class space    used 19512K, committed 21184K, reserved 212992K
}
Event: 6198.203 GC heap after
{Heap after GC invocations=101 (full 0):
 garbage-first heap   total 521216K, used 355287K [0x0000000100000000, 0x0000000140000000)
  region size 1024K, 13 young (13312K), 13 survivors (13312K)
 Metaspace       used 141974K, committed 144832K, reserved 344064K
  class space    used 19512K, committed 21184K, reserved 212992K
}
Event: 9732.949 GC heap before
{Heap before GC invocations=101 (full 0):
 garbage-first heap   total 521216K, used 390103K [0x0000000100000000, 0x0000000140000000)
  region size 1024K, 47 young (48128K), 13 survivors (13312K)
 Metaspace       used 142024K, committed 144832K, reserved 344064K
  class space    used 19518K, committed 21184K, reserved 212992K
}
Event: 9733.531 GC heap after
{Heap after GC invocations=102 (full 0):
 garbage-first heap   total 521216K, used 356532K [0x0000000100000000, 0x0000000140000000)
  region size 1024K, 3 young (3072K), 3 survivors (3072K)
 Metaspace       used 142024K, committed 144832K, reserved 344064K
  class space    used 19518K, committed 21184K, reserved 212992K
}
Event: 9735.574 GC heap before
{Heap before GC invocations=102 (full 0):
 garbage-first heap   total 521216K, used 379060K [0x0000000100000000, 0x0000000140000000)
  region size 1024K, 25 young (25600K), 3 survivors (3072K)
 Metaspace       used 142024K, committed 144832K, reserved 344064K
  class space    used 19518K, committed 21184K, reserved 212992K
}
Event: 9735.845 GC heap after
{Heap after GC invocations=103 (full 0):
 garbage-first heap   total 521216K, used 353098K [0x0000000100000000, 0x0000000140000000)
  region size 1024K, 2 young (2048K), 2 survivors (2048K)
 Metaspace       used 142024K, committed 144832K, reserved 344064K
  class space    used 19518K, committed 21184K, reserved 212992K
}
Event: 9748.081 GC heap before
{Heap before GC invocations=103 (full 0):
 garbage-first heap   total 521216K, used 375626K [0x0000000100000000, 0x0000000140000000)
  region size 1024K, 25 young (25600K), 2 survivors (2048K)
 Metaspace       used 142024K, committed 144832K, reserved 344064K
  class space    used 19518K, committed 21184K, reserved 212992K
}
Event: 9748.485 GC heap after
{Heap after GC invocations=104 (full 0):
 garbage-first heap   total 521216K, used 350307K [0x0000000100000000, 0x0000000140000000)
  region size 1024K, 1 young (1024K), 1 survivors (1024K)
 Metaspace       used 142024K, committed 144832K, reserved 344064K
  class space    used 19518K, committed 21184K, reserved 212992K
}
Event: 11598.249 GC heap before
{Heap before GC invocations=104 (full 0):
 garbage-first heap   total 521216K, used 391267K [0x0000000100000000, 0x0000000140000000)
  region size 1024K, 42 young (43008K), 1 survivors (1024K)
 Metaspace       used 142058K, committed 144896K, reserved 344064K
  class space    used 19528K, committed 21184K, reserved 212992K
}
Event: 11602.621 GC heap after
{Heap after GC invocations=105 (full 1):
 garbage-first heap   total 521216K, used 208105K [0x0000000100000000, 0x0000000140000000)
  region size 1024K, 0 young (0K), 0 survivors (0K)
 Metaspace       used 140650K, committed 144896K, reserved 344064K
  class space    used 19218K, committed 21184K, reserved 212992K
}

Dll operation events (15 events):
Event: 0.033 Loaded shared library C:\Users\User\.vscode\extensions\redhat.java-1.55.0-win32-x64\jre\21.0.11-win32-x86_64\bin\java.dll
Event: 0.275 Loaded shared library C:\Users\User\.vscode\extensions\redhat.java-1.55.0-win32-x64\jre\21.0.11-win32-x86_64\bin\zip.dll
Event: 0.364 Loaded shared library C:\Users\User\.vscode\extensions\redhat.java-1.55.0-win32-x64\jre\21.0.11-win32-x86_64\bin\instrument.dll
Event: 0.388 Loaded shared library C:\Users\User\.vscode\extensions\redhat.java-1.55.0-win32-x64\jre\21.0.11-win32-x86_64\bin\net.dll
Event: 0.398 Loaded shared library C:\Users\User\.vscode\extensions\redhat.java-1.55.0-win32-x64\jre\21.0.11-win32-x86_64\bin\nio.dll
Event: 0.616 Loaded shared library C:\Users\User\.vscode\extensions\redhat.java-1.55.0-win32-x64\jre\21.0.11-win32-x86_64\bin\zip.dll
Event: 19.696 Loaded shared library C:\Users\User\.vscode\extensions\redhat.java-1.55.0-win32-x64\jre\21.0.11-win32-x86_64\bin\jimage.dll
Event: 29.618 Loaded shared library C:\Users\User\.vscode\extensions\redhat.java-1.55.0-win32-x64\jre\21.0.11-win32-x86_64\bin\verify.dll
Event: 30.466 Loaded shared library C:\Users\User\.gradle\native\1def1411415f61bf3af743bc5b6707747c0891f09f0c88961ee8f79bc544acac\windows-amd64\native-platform.dll
Event: 30.712 Loaded shared library C:\Users\User\.gradle\native\0.2.8\x86_64-windows-gnu\gradle-fileevents.dll
Event: 52.079 Loaded shared library C:\Users\User\.vscode\extensions\redhat.java-1.55.0-win32-x64\jre\21.0.11-win32-x86_64\bin\management.dll
Event: 52.140 Loaded shared library C:\Users\User\.vscode\extensions\redhat.java-1.55.0-win32-x64\jre\21.0.11-win32-x86_64\bin\management_ext.dll
Event: 52.336 Loaded shared library C:\Users\User\.vscode\extensions\redhat.java-1.55.0-win32-x64\jre\21.0.11-win32-x86_64\bin\extnet.dll
Event: 52.884 Loaded shared library C:\Users\User\.vscode\extensions\redhat.java-1.55.0-win32-x64\jre\21.0.11-win32-x86_64\bin\sunmscapi.dll
Event: 98.525 Loaded shared library C:\Users\User\.vscode\extensions\redhat.java-1.55.0-win32-x64\jre\21.0.11-win32-x86_64\bin\rmi.dll

Deoptimization events (20 events):
Event: 12993.226 Thread 0x00000201454b1140 Uncommon trap: trap_request=0xffffffd6 fr.pc=0x000002011d515708 relative=0x00000000000003c8
Event: 12993.226 Thread 0x00000201454b1140 Uncommon trap: reason=array_check action=maybe_recompile pc=0x000002011d515708 method=java.util.LinkedHashMap.valuesToArray([Ljava/lang/Object;Z)[Ljava/lang/Object; @ 67 c2
Event: 12993.226 Thread 0x00000201454b1140 DEOPT PACKING pc=0x000002011d515708 sp=0x0000003dc10f5f40
Event: 12993.226 Thread 0x00000201454b1140 DEOPT UNPACKING pc=0x000002011bfa7ba2 sp=0x0000003dc10f5ee0 mode 2
Event: 12993.316 Thread 0x00000201454b1140 Uncommon trap: trap_request=0xffffffd6 fr.pc=0x000002011d515708 relative=0x00000000000003c8
Event: 12993.316 Thread 0x00000201454b1140 Uncommon trap: reason=array_check action=maybe_recompile pc=0x000002011d515708 method=java.util.LinkedHashMap.valuesToArray([Ljava/lang/Object;Z)[Ljava/lang/Object; @ 67 c2
Event: 12993.316 Thread 0x00000201454b1140 DEOPT PACKING pc=0x000002011d515708 sp=0x0000003dc10f6240
Event: 12993.316 Thread 0x00000201454b1140 DEOPT UNPACKING pc=0x000002011bfa7ba2 sp=0x0000003dc10f61e0 mode 2
Event: 12997.314 Thread 0x00000201454b1140 Uncommon trap: trap_request=0xffffff45 fr.pc=0x000002011d2f35f4 relative=0x0000000000000214
Event: 12997.314 Thread 0x00000201454b1140 Uncommon trap: reason=unstable_if action=reinterpret pc=0x000002011d2f35f4 method=kotlin.reflect.jvm.internal.ClassValueCache.get(Ljava/lang/Class;)Ljava/lang/Object; @ 23 c2
Event: 12997.314 Thread 0x00000201454b1140 DEOPT PACKING pc=0x000002011d2f35f4 sp=0x0000003dc10f74d0
Event: 12997.314 Thread 0x00000201454b1140 DEOPT UNPACKING pc=0x000002011bfa7ba2 sp=0x0000003dc10f7480 mode 2
Event: 12997.373 Thread 0x00000201454b1140 Uncommon trap: trap_request=0xffffffde fr.pc=0x000002011c8b03cc relative=0x000000000000096c
Event: 12997.373 Thread 0x00000201454b1140 Uncommon trap: reason=class_check action=maybe_recompile pc=0x000002011c8b03cc method=java.util.concurrent.ConcurrentHashMap.replaceNode(Ljava/lang/Object;Ljava/lang/Object;Ljava/lang/Object;)Ljava/lang/Object; @ 147 c2
Event: 12997.373 Thread 0x00000201454b1140 DEOPT PACKING pc=0x000002011c8b03cc sp=0x0000003dc10f7020
Event: 12997.373 Thread 0x00000201454b1140 DEOPT UNPACKING pc=0x000002011bfa7ba2 sp=0x0000003dc10f6fc8 mode 2
Event: 13010.006 Thread 0x00000201454b1140 Uncommon trap: trap_request=0xffffffd6 fr.pc=0x000002011d515708 relative=0x00000000000003c8
Event: 13010.007 Thread 0x00000201454b1140 Uncommon trap: reason=array_check action=maybe_recompile pc=0x000002011d515708 method=java.util.LinkedHashMap.valuesToArray([Ljava/lang/Object;Z)[Ljava/lang/Object; @ 67 c2
Event: 13010.007 Thread 0x00000201454b1140 DEOPT PACKING pc=0x000002011d515708 sp=0x0000003dc10f70e0
Event: 13010.007 Thread 0x00000201454b1140 DEOPT UNPACKING pc=0x000002011bfa7ba2 sp=0x0000003dc10f7080 mode 2

Classes loaded (20 events):
Event: 6184.618 Loading class java/util/_BuildScript_$ReactNative
Event: 6184.618 Loading class java/util/_BuildScript_$ReactNative done
Event: 6184.624 Loading class java/time/_BuildScript_$ReactNative
Event: 6184.624 Loading class java/time/_BuildScript_$ReactNative done
Event: 11602.631 Loading class sun/rmi/transport/ObjectTable$1
Event: 11602.704 Loading class sun/rmi/transport/ObjectTable$1 done
Event: 12918.177 Loading class sun/net/ConnectionResetException
Event: 12918.201 Loading class sun/net/ConnectionResetException done
Event: 12918.412 Loading class java/lang/invoke/WrongMethodTypeException
Event: 12918.415 Loading class java/lang/invoke/WrongMethodTypeException done
Event: 12920.151 Loading class java/lang/Throwable$PrintStreamOrWriter
Event: 12920.153 Loading class java/lang/Throwable$PrintStreamOrWriter done
Event: 12920.368 Loading class java/util/Collections$EmptyListIterator
Event: 12920.371 Loading class java/util/Collections$EmptyListIterator done
Event: 12920.594 Loading class java/io/PrintWriter$1
Event: 12920.596 Loading class jdk/internal/access/JavaIOPrintWriterAccess
Event: 12920.598 Loading class jdk/internal/access/JavaIOPrintWriterAccess done
Event: 12920.598 Loading class java/io/PrintWriter$1 done
Event: 12920.599 Loading class java/lang/Throwable$WrappedPrintWriter
Event: 12920.601 Loading class java/lang/Throwable$WrappedPrintWriter done

Classes unloaded (20 events):
Event: 11599.451 Thread 0x0000020127b47310 Unloading class 0x0000020129372400 'java/lang/invoke/LambdaForm$MH+0x0000020129372400'
Event: 11599.453 Thread 0x0000020127b47310 Unloading class 0x000002012936a800 'java/lang/invoke/LambdaForm$MH+0x000002012936a800'
Event: 11599.454 Thread 0x0000020127b47310 Unloading class 0x000002012936a400 'java/lang/invoke/LambdaForm$MH+0x000002012936a400'
Event: 11599.454 Thread 0x0000020127b47310 Unloading class 0x0000020129349000 'java/lang/invoke/LambdaForm$MH+0x0000020129349000'
Event: 11599.454 Thread 0x0000020127b47310 Unloading class 0x0000020129348c00 'java/lang/invoke/LambdaForm$MH+0x0000020129348c00'
Event: 11599.454 Thread 0x0000020127b47310 Unloading class 0x0000020129348800 'java/lang/invoke/LambdaForm$MH+0x0000020129348800'
Event: 11599.454 Thread 0x0000020127b47310 Unloading class 0x0000020129348400 'java/lang/invoke/LambdaForm$MH+0x0000020129348400'
Event: 11599.454 Thread 0x0000020127b47310 Unloading class 0x0000020129348000 'java/lang/invoke/LambdaForm$MH+0x0000020129348000'
Event: 11599.454 Thread 0x0000020127b47310 Unloading class 0x0000020129313400 'java/lang/invoke/LambdaForm$BMH+0x0000020129313400'
Event: 11599.455 Thread 0x0000020127b47310 Unloading class 0x0000020129300800 'java/lang/invoke/LambdaForm$MH+0x0000020129300800'
Event: 11599.455 Thread 0x0000020127b47310 Unloading class 0x0000020129300400 'java/lang/invoke/LambdaForm$MH+0x0000020129300400'
Event: 11599.455 Thread 0x0000020127b47310 Unloading class 0x00000201292c9000 'java/lang/invoke/LambdaForm$MH+0x00000201292c9000'
Event: 11599.455 Thread 0x0000020127b47310 Unloading class 0x00000201292c8c00 'java/lang/invoke/LambdaForm$MH+0x00000201292c8c00'
Event: 11599.456 Thread 0x0000020127b47310 Unloading class 0x0000020129272000 'java/lang/invoke/LambdaForm$MH+0x0000020129272000'
Event: 11599.456 Thread 0x0000020127b47310 Unloading class 0x0000020129271c00 'java/lang/invoke/LambdaForm$MH+0x0000020129271c00'
Event: 11599.456 Thread 0x0000020127b47310 Unloading class 0x0000020129242800 'java/lang/invoke/LambdaForm$MH+0x0000020129242800'
Event: 11599.456 Thread 0x0000020127b47310 Unloading class 0x000002012914cc00 'java/lang/invoke/LambdaForm$MH+0x000002012914cc00'
Event: 11599.457 Thread 0x0000020127b47310 Unloading class 0x00000201290e6000 'java/lang/invoke/LambdaForm$MH+0x00000201290e6000'
Event: 11599.457 Thread 0x0000020127b47310 Unloading class 0x0000020129098c00 'java/lang/invoke/LambdaForm$MH+0x0000020129098c00'
Event: 11599.457 Thread 0x0000020127b47310 Unloading class 0x0000020129039800 'java/lang/invoke/LambdaForm$MH+0x0000020129039800'

Classes redefined (0 events):
No events

Internal exceptions (20 events):
Event: 12987.086 Thread 0x00000201454b1140 Exception <a 'sun/nio/fs/WindowsException'{0x000000011be1d0c0}> (0x000000011be1d0c0) 
thrown [s\src\hotspot\share\prims\jni.cpp, line 520]
Event: 12987.092 Thread 0x00000201454b1140 Exception <a 'sun/nio/fs/WindowsException'{0x000000011be1ead0}> (0x000000011be1ead0) 
thrown [s\src\hotspot\share\prims\jni.cpp, line 520]
Event: 12987.094 Thread 0x00000201454b1140 Exception <a 'sun/nio/fs/WindowsException'{0x000000011be204d0}> (0x000000011be204d0) 
thrown [s\src\hotspot\share\prims\jni.cpp, line 520]
Event: 12988.308 Thread 0x00000201454b1140 Exception <a 'java/lang/NoSuchMethodError'{0x000000011be611b0}: 'java.lang.Object java.lang.invoke.DelegatingMethodHandle$Holder.reinvoke_L(java.lang.Object, java.lang.Object, java.lang.Object, java.lang.Object, java.lang.Object, java.lang.Object, java.lang.Object, java.lang.Object, java.lang.Object, java.lang.Object, java.lang.Object, java.lang.Object, java.lang.Object, java.lang.Object, java.lang.Object, java.lang.Object, java.lang.Object, java.lang.Object, java.lang.Object, java.lang.Object, java.lang.O
Event: 12989.433 Thread 0x00000201454b1140 Implicit null exception at 0x000002011d07e444 to 0x000002011d07f318
Event: 12989.442 Thread 0x00000201454b1140 Implicit null exception at 0x000002011d083610 to 0x000002011d084378
Event: 13005.622 Thread 0x00000201454b1140 Exception <a 'sun/nio/fs/WindowsException'{0x000000011a0a56a0}> (0x000000011a0a56a0) 
thrown [s\src\hotspot\share\prims\jni.cpp, line 520]
Event: 13005.627 Thread 0x00000201454b1140 Exception <a 'sun/nio/fs/WindowsException'{0x000000011a0a70b8}> (0x000000011a0a70b8) 
thrown [s\src\hotspot\share\prims\jni.cpp, line 520]
Event: 13005.627 Thread 0x00000201454b1140 Exception <a 'sun/nio/fs/WindowsException'{0x000000011a0a8ac8}> (0x000000011a0a8ac8) 
thrown [s\src\hotspot\share\prims\jni.cpp, line 520]
Event: 13005.640 Thread 0x00000201454b1140 Exception <a 'sun/nio/fs/WindowsException'{0x000000011a0aa4c8}> (0x000000011a0aa4c8) 
thrown [s\src\hotspot\share\prims\jni.cpp, line 520]
Event: 13008.435 Thread 0x00000201454b1140 Exception <a 'sun/nio/fs/WindowsException'{0x000000011878a338}> (0x000000011878a338) 
thrown [s\src\hotspot\share\prims\jni.cpp, line 520]
Event: 13008.441 Thread 0x00000201454b1140 Exception <a 'sun/nio/fs/WindowsException'{0x000000011878bfe0}> (0x000000011878bfe0) 
thrown [s\src\hotspot\share\prims\jni.cpp, line 520]
Event: 13008.465 Thread 0x00000201454b1140 Exception <a 'sun/nio/fs/WindowsException'{0x000000011878e890}> (0x000000011878e890) 
thrown [s\src\hotspot\share\prims\jni.cpp, line 520]
Event: 13012.266 Thread 0x00000201454b1140 Exception <a 'java/lang/NoSuchMethodError'{0x00000001184a05d8}: static Lorg/gradle/api/internal/catalog/DefaultVersionCatalog;.<clinit>()V> (0x00000001184a05d8) 
thrown [s\src\hotspot\share\prims\jni.cpp, line 1111]
Event: 13012.393 Thread 0x00000201454b1140 Exception <a 'java/lang/NoSuchMethodError'{0x00000001184d5ed8}: static [Ljava/lang/Object;.<clinit>()V> (0x00000001184d5ed8) 
thrown [s\src\hotspot\share\prims\jni.cpp, line 1111]
Event: 13012.432 Thread 0x00000201454b1140 Exception <a 'java/lang/NoSuchMethodError'{0x0000000118304260}: static Lorg/gradle/api/internal/catalog/DependencyModel;.<clinit>()V> (0x0000000118304260) 
thrown [s\src\hotspot\share\prims\jni.cpp, line 1111]
Event: 13012.433 Thread 0x00000201454b1140 Exception <a 'java/lang/NoSuchMethodError'{0x0000000118308490}: static Lorg/gradle/api/internal/catalog/AbstractContextAwareModel;.<clinit>()V> (0x0000000118308490) 
thrown [s\src\hotspot\share\prims\jni.cpp, line 1111]
Event: 13012.468 Thread 0x00000201454b1140 Exception <a 'java/lang/NoSuchMethodError'{0x00000001183259d0}: static Lorg/gradle/api/internal/artifacts/dependencies/AbstractVersionConstraint;.<clinit>()V> (0x00000001183259d0) 
thrown [s\src\hotspot\share\prims\jni.cpp, line 1111]
Event: 13012.621 Thread 0x00000201454b1140 Exception <a 'java/lang/NoSuchMethodError'{0x000000011838b3b0}: static Lorg/gradle/api/internal/catalog/PluginModel;.<clinit>()V> (0x000000011838b3b0) 
thrown [s\src\hotspot\share\prims\jni.cpp, line 1111]
Event: 13012.632 Thread 0x00000201454b1140 Exception <a 'java/lang/NoSuchMethodError'{0x00000001183a6aa0}: static Lorg/gradle/api/internal/catalog/VersionModel;.<clinit>()V> (0x00000001183a6aa0) 
thrown [s\src\hotspot\share\prims\jni.cpp, line 1111]

ZGC Phase Switch (0 events):
No events

VM Operations (20 events):
Event: 12991.886 Executing safepoint VM operation: Cleanup done
Event: 12992.896 Executing safepoint VM operation: Cleanup
Event: 12992.943 Executing safepoint VM operation: Cleanup done
Event: 12993.953 Executing safepoint VM operation: Cleanup
Event: 12994.000 Executing safepoint VM operation: Cleanup done
Event: 12998.027 Executing safepoint VM operation: Cleanup
Event: 12998.166 Executing safepoint VM operation: Cleanup done
Event: 13006.218 Executing safepoint VM operation: Cleanup
Event: 13006.221 Executing safepoint VM operation: Cleanup done
Event: 13008.235 Executing safepoint VM operation: Cleanup
Event: 13008.236 Executing safepoint VM operation: Cleanup done
Event: 13009.250 Executing safepoint VM operation: Cleanup
Event: 13009.251 Executing safepoint VM operation: Cleanup done
Event: 13011.269 Executing safepoint VM operation: Cleanup
Event: 13011.269 Executing safepoint VM operation: Cleanup done
Event: 13012.274 Executing safepoint VM operation: Cleanup
Event: 13012.274 Executing safepoint VM operation: Cleanup done
Event: 13013.284 Executing safepoint VM operation: Cleanup
Event: 13013.284 Executing safepoint VM operation: Cleanup done
Event: 13014.288 Executing safepoint VM operation: Cleanup

Memory protections (0 events):
No events

Nmethod flushes (20 events):
Event: 11601.907 Thread 0x0000020127b47310 flushing  nmethod 0x00000201168ea390
Event: 11601.907 Thread 0x0000020127b47310 flushing  nmethod 0x00000201168eb010
Event: 11601.908 Thread 0x0000020127b47310 flushing  nmethod 0x000002011693bf90
Event: 11601.908 Thread 0x0000020127b47310 flushing  nmethod 0x000002011693d190
Event: 11601.908 Thread 0x0000020127b47310 flushing  nmethod 0x000002011693f890
Event: 11601.908 Thread 0x0000020127b47310 flushing  nmethod 0x0000020116964110
Event: 11601.908 Thread 0x0000020127b47310 flushing  nmethod 0x0000020116966010
Event: 11601.909 Thread 0x0000020127b47310 flushing  nmethod 0x0000020116967e10
Event: 11601.909 Thread 0x0000020127b47310 flushing  nmethod 0x0000020116968490
Event: 11601.909 Thread 0x0000020127b47310 flushing  nmethod 0x0000020116969110
Event: 11601.909 Thread 0x0000020127b47310 flushing  nmethod 0x000002011696a310
Event: 11601.910 Thread 0x0000020127b47310 flushing  nmethod 0x000002011696b290
Event: 11601.911 Thread 0x0000020127b47310 flushing  nmethod 0x0000020116974a10
Event: 11601.912 Thread 0x0000020127b47310 flushing  nmethod 0x00000201169cdf90
Event: 11601.912 Thread 0x0000020127b47310 flushing  nmethod 0x00000201169d2490
Event: 11601.912 Thread 0x0000020127b47310 flushing  nmethod 0x0000020116b61b10
Event: 11601.912 Thread 0x0000020127b47310 flushing  nmethod 0x0000020116b62690
Event: 11601.912 Thread 0x0000020127b47310 flushing  nmethod 0x0000020116b65410
Event: 11601.912 Thread 0x0000020127b47310 flushing  nmethod 0x0000020116b66010
Event: 11601.912 Thread 0x0000020127b47310 flushing  nmethod 0x0000020116c1bf10

Events (20 events):
Event: 12980.817 Thread 0x00000201454b24f0 Thread added: 0x00000201454af070
Event: 12981.022 Thread 0x00000201454b24f0 Thread added: 0x00000201454b0ab0
Event: 12981.129 Thread 0x00000201454b24f0 Thread added: 0x00000201454b1140
Event: 12981.381 Thread 0x00000201454b1140 Thread added: 0x00000201454b1e60
Event: 12981.485 Thread 0x00000201454b1140 Thread added: 0x00000201454b2b80
Event: 12981.496 Thread 0x00000201454b1140 Thread added: 0x00000201454af700
Event: 12982.248 Thread 0x00000201454b1140 Thread added: 0x00000201454b3210
Event: 12982.314 Thread 0x00000201454b1140 Thread added: 0x00000201454afd90
Event: 12982.568 Thread 0x00000201454b1140 Thread added: 0x00000201454b6d20
Event: 12982.657 Thread 0x00000201454b1140 Thread added: 0x00000201454b38a0
Event: 12982.691 Thread 0x00000201454b1140 Thread added: 0x00000201454b73b0
Event: 12983.081 Thread 0x00000201454b1140 Thread added: 0x00000201454b4c50
Event: 12983.311 Thread 0x00000201454b4c50 Thread added: 0x00000201454b5970
Event: 12983.311 Thread 0x00000201454b4c50 Thread added: 0x00000201454b3f30
Event: 12986.908 Thread 0x00000201454b1140 Thread added: 0x00000201454b52e0
Event: 12991.128 Thread 0x00000201454b1140 Thread added: 0x00000201454b45c0
Event: 12991.412 Thread 0x00000201454b1140 Thread added: 0x00000201454b8df0
Event: 13004.675 Thread 0x00000201454b1140 Thread added: 0x00000201454b7a40
Event: 13013.558 Thread 0x00000201454b1140 Thread added: 0x00000201454b80d0
Event: 13013.840 Thread 0x00000201454b1140 Thread added: 0x00000201454b8760


Dynamic libraries:
0x00007ff6ff720000 - 0x00007ff6ff72e000 	C:\Users\User\.vscode\extensions\redhat.java-1.55.0-win32-x64\jre\21.0.11-win32-x86_64\bin\java.exe
0x00007ffa48140000 - 0x00007ffa483a6000 	C:\WINDOWS\SYSTEM32\ntdll.dll
0x00007ffa46850000 - 0x00007ffa46919000 	C:\WINDOWS\System32\KERNEL32.DLL
0x00007ffa45660000 - 0x00007ffa45a5a000 	C:\WINDOWS\System32\KERNELBASE.dll
0x00007ffa45460000 - 0x00007ffa455ac000 	C:\WINDOWS\System32\ucrtbase.dll
0x00007ffa35200000 - 0x00007ffa35218000 	C:\Users\User\.vscode\extensions\redhat.java-1.55.0-win32-x64\jre\21.0.11-win32-x86_64\bin\jli.dll
0x00007ffa19770000 - 0x00007ffa1978e000 	C:\Users\User\.vscode\extensions\redhat.java-1.55.0-win32-x64\jre\21.0.11-win32-x86_64\bin\VCRUNTIME140.dll
0x00007ffa28790000 - 0x00007ffa28a22000 	C:\WINDOWS\WinSxS\amd64_microsoft.windows.common-controls_6595b64144ccf1df_6.0.26100.8521_none_3e08b75ce33403b3\COMCTL32.dll
0x00007ffa46aa0000 - 0x00007ffa46c67000 	C:\WINDOWS\System32\USER32.dll
0x00007ffa45b90000 - 0x00007ffa45bb7000 	C:\WINDOWS\System32\win32u.dll
0x00007ffa45eb0000 - 0x00007ffa45f59000 	C:\WINDOWS\System32\msvcrt.dll
0x00007ffa47230000 - 0x00007ffa4725b000 	C:\WINDOWS\System32\GDI32.dll
0x00007ffa45a60000 - 0x00007ffa45b8b000 	C:\WINDOWS\System32\gdi32full.dll
0x00007ffa45d40000 - 0x00007ffa45de3000 	C:\WINDOWS\System32\msvcp_win.dll
0x00007ffa46920000 - 0x00007ffa46952000 	C:\WINDOWS\System32\IMM32.DLL
0x00007ffa247a0000 - 0x00007ffa247ac000 	C:\Users\User\.vscode\extensions\redhat.java-1.55.0-win32-x64\jre\21.0.11-win32-x86_64\bin\vcruntime140_1.dll
0x00007ffa018f0000 - 0x00007ffa0197d000 	C:\Users\User\.vscode\extensions\redhat.java-1.55.0-win32-x64\jre\21.0.11-win32-x86_64\bin\msvcp140.dll
0x00007ff9455a0000 - 0x00007ff946342000 	C:\Users\User\.vscode\extensions\redhat.java-1.55.0-win32-x64\jre\21.0.11-win32-x86_64\bin\server\jvm.dll
0x00007ffa47410000 - 0x00007ffa474c6000 	C:\WINDOWS\System32\ADVAPI32.dll
0x00007ffa47360000 - 0x00007ffa4740a000 	C:\WINDOWS\System32\sechost.dll
0x00007ffa46d20000 - 0x00007ffa46e38000 	C:\WINDOWS\System32\RPCRT4.dll
0x00007ffa46c90000 - 0x00007ffa46d10000 	C:\WINDOWS\System32\WS2_32.dll
0x00007ffa45230000 - 0x00007ffa4528e000 	C:\WINDOWS\SYSTEM32\POWRPROF.dll
0x00007ffa3a960000 - 0x00007ffa3a996000 	C:\WINDOWS\SYSTEM32\WINMM.dll
0x00007ffa32ef0000 - 0x00007ffa32efb000 	C:\WINDOWS\SYSTEM32\VERSION.dll
0x00007ffa45210000 - 0x00007ffa45224000 	C:\WINDOWS\SYSTEM32\UMPDC.dll
0x00007ffa44160000 - 0x00007ffa4417b000 	C:\WINDOWS\SYSTEM32\kernel.appcore.dll
0x00007ffa192b0000 - 0x00007ffa192ba000 	C:\Users\User\.vscode\extensions\redhat.java-1.55.0-win32-x64\jre\21.0.11-win32-x86_64\bin\jimage.dll
0x00007ffa429a0000 - 0x00007ffa42be2000 	C:\WINDOWS\SYSTEM32\DBGHELP.DLL
0x00007ffa461c0000 - 0x00007ffa46543000 	C:\WINDOWS\System32\combase.dll
0x00007ffa46770000 - 0x00007ffa46849000 	C:\WINDOWS\System32\OLEAUT32.dll
0x00007ffa23850000 - 0x00007ffa2388b000 	C:\WINDOWS\SYSTEM32\dbgcore.DLL
0x00007ffa455b0000 - 0x00007ffa45658000 	C:\WINDOWS\System32\bcryptPrimitives.dll
0x00007ffa01840000 - 0x00007ffa0184f000 	C:\Users\User\.vscode\extensions\redhat.java-1.55.0-win32-x64\jre\21.0.11-win32-x86_64\bin\instrument.dll
0x00007ffa19290000 - 0x00007ffa192b0000 	C:\Users\User\.vscode\extensions\redhat.java-1.55.0-win32-x64\jre\21.0.11-win32-x86_64\bin\java.dll
0x00007ffa474e0000 - 0x00007ffa47c64000 	C:\WINDOWS\System32\SHELL32.dll
0x00007ffa42f70000 - 0x00007ffa437f0000 	C:\WINDOWS\SYSTEM32\windows.storage.dll
0x00007ffa45f60000 - 0x00007ffa46056000 	C:\WINDOWS\System32\SHCORE.dll
0x00007ffa46550000 - 0x00007ffa465b7000 	C:\WINDOWS\System32\shlwapi.dll
0x00007ffa452f0000 - 0x00007ffa45319000 	C:\WINDOWS\SYSTEM32\profapi.dll
0x00007ffa0c140000 - 0x00007ffa0c158000 	C:\Users\User\.vscode\extensions\redhat.java-1.55.0-win32-x64\jre\21.0.11-win32-x86_64\bin\zip.dll
0x00007ffa0c130000 - 0x00007ffa0c140000 	C:\Users\User\.vscode\extensions\redhat.java-1.55.0-win32-x64\jre\21.0.11-win32-x86_64\bin\net.dll
0x00007ffa360a0000 - 0x00007ffa361c9000 	C:\WINDOWS\SYSTEM32\WINHTTP.dll
0x00007ffa446d0000 - 0x00007ffa4473c000 	C:\WINDOWS\system32\mswsock.dll
0x00007ffa018d0000 - 0x00007ffa018e6000 	C:\Users\User\.vscode\extensions\redhat.java-1.55.0-win32-x64\jre\21.0.11-win32-x86_64\bin\nio.dll
0x00007ff9f9800000 - 0x00007ff9f9810000 	C:\Users\User\.vscode\extensions\redhat.java-1.55.0-win32-x64\jre\21.0.11-win32-x86_64\bin\verify.dll
0x00007ff9f9830000 - 0x00007ff9f9857000 	C:\Users\User\.gradle\native\1def1411415f61bf3af743bc5b6707747c0891f09f0c88961ee8f79bc544acac\windows-amd64\native-platform.dll
0x00007ff9f0590000 - 0x00007ff9f0607000 	C:\Users\User\.gradle\native\0.2.8\x86_64-windows-gnu\gradle-fileevents.dll
0x00007ff9f90a0000 - 0x00007ff9f90aa000 	C:\Users\User\.vscode\extensions\redhat.java-1.55.0-win32-x64\jre\21.0.11-win32-x86_64\bin\management.dll
0x00007ff9ed4e0000 - 0x00007ff9ed4ec000 	C:\Users\User\.vscode\extensions\redhat.java-1.55.0-win32-x64\jre\21.0.11-win32-x86_64\bin\management_ext.dll
0x00007ffa47020000 - 0x00007ffa47028000 	C:\WINDOWS\System32\PSAPI.DLL
0x00007ffa43b20000 - 0x00007ffa43b53000 	C:\WINDOWS\SYSTEM32\IPHLPAPI.DLL
0x00007ffa474d0000 - 0x00007ffa474da000 	C:\WINDOWS\System32\NSI.dll
0x00007ffa01850000 - 0x00007ffa01859000 	C:\Users\User\.vscode\extensions\redhat.java-1.55.0-win32-x64\jre\21.0.11-win32-x86_64\bin\extnet.dll
0x00007ffa449b0000 - 0x00007ffa449cb000 	C:\WINDOWS\SYSTEM32\CRYPTSP.dll
0x00007ffa440c0000 - 0x00007ffa440f9000 	C:\WINDOWS\system32\rsaenh.dll
0x00007ffa44780000 - 0x00007ffa447b3000 	C:\WINDOWS\SYSTEM32\USERENV.dll
0x00007ffa452c0000 - 0x00007ffa452ea000 	C:\WINDOWS\SYSTEM32\bcrypt.dll
0x00007ffa449d0000 - 0x00007ffa449dc000 	C:\WINDOWS\SYSTEM32\CRYPTBASE.dll
0x00007ffa01860000 - 0x00007ffa0186e000 	C:\Users\User\.vscode\extensions\redhat.java-1.55.0-win32-x64\jre\21.0.11-win32-x86_64\bin\sunmscapi.dll
0x00007ffa45bc0000 - 0x00007ffa45d38000 	C:\WINDOWS\System32\CRYPT32.dll
0x00007ffa44bd0000 - 0x00007ffa44c00000 	C:\WINDOWS\SYSTEM32\ncrypt.dll
0x00007ffa44b80000 - 0x00007ffa44bbf000 	C:\WINDOWS\SYSTEM32\NTASN1.dll
0x00007ff9e0ae0000 - 0x00007ff9e0ae8000 	C:\WINDOWS\system32\wshunix.dll
0x00007ffa0a4d0000 - 0x00007ffa0a4d7000 	C:\Users\User\.vscode\extensions\redhat.java-1.55.0-win32-x64\jre\21.0.11-win32-x86_64\bin\rmi.dll
0x00007ffa44280000 - 0x00007ffa442b6000 	C:\WINDOWS\SYSTEM32\ntmarta.dll

JVMTI agents:
C:\Users\User\.gradle\wrapper\dists\gradle-9.0.0-bin\d6wjpkvcgsg3oed0qlfss3wgl\gradle-9.0.0\lib\agents\gradle-instrumentation-agent-9.0.0.jar path:C:\Users\User\.vscode\extensions\redhat.java-1.55.0-win32-x64\jre\21.0.11-win32-x86_64\bin\instrument.dll, loaded, initialized, instrumentlib options:none

dbghelp: loaded successfully - version: 4.0.5 - missing functions: none
symbol engine: initialized successfully - sym options: 0x614 - pdb path: .;C:\Users\User\.vscode\extensions\redhat.java-1.55.0-win32-x64\jre\21.0.11-win32-x86_64\bin;C:\WINDOWS\SYSTEM32;C:\WINDOWS\WinSxS\amd64_microsoft.windows.common-controls_6595b64144ccf1df_6.0.26100.8521_none_3e08b75ce33403b3;C:\Users\User\.vscode\extensions\redhat.java-1.55.0-win32-x64\jre\21.0.11-win32-x86_64\bin\server;C:\Users\User\.gradle\native\1def1411415f61bf3af743bc5b6707747c0891f09f0c88961ee8f79bc544acac\windows-amd64;C:\Users\User\.gradle\native\0.2.8\x86_64-windows-gnu

VM Arguments:
jvm_args: --add-opens=java.base/java.lang=ALL-UNNAMED --add-opens=java.base/java.lang.invoke=ALL-UNNAMED --add-opens=java.base/java.util=ALL-UNNAMED --add-opens=java.prefs/java.util.prefs=ALL-UNNAMED --add-exports=jdk.compiler/com.sun.tools.javac.api=ALL-UNNAMED --add-exports=jdk.compiler/com.sun.tools.javac.util=ALL-UNNAMED --add-opens=java.base/java.util=ALL-UNNAMED --add-opens=java.prefs/java.util.prefs=ALL-UNNAMED --add-opens=java.base/java.nio.charset=ALL-UNNAMED --add-opens=java.base/java.net=ALL-UNNAMED --add-opens=java.base/java.util.concurrent=ALL-UNNAMED --add-opens=java.base/java.util.concurrent.atomic=ALL-UNNAMED --add-opens=java.xml/javax.xml.namespace=ALL-UNNAMED -XX:MaxMetaspaceSize=256m -XX:HeapBaseMinAddress=4g -XX:CICompilerCount=2 -Xss256k -Xmx1024m -Dfile.encoding=UTF-8 -Duser.country=IN -Duser.language=en -Duser.variant -javaagent:C:\Users\User\.gradle\wrapper\dists\gradle-9.0.0-bin\d6wjpkvcgsg3oed0qlfss3wgl\gradle-9.0.0\lib\agents\gradle-instrumentation-agent-9.0.0.jar 
java_command: org.gradle.launcher.daemon.bootstrap.GradleDaemon 9.0.0
java_class_path (initial): C:\Users\User\.gradle\wrapper\dists\gradle-9.0.0-bin\d6wjpkvcgsg3oed0qlfss3wgl\gradle-9.0.0\lib\gradle-daemon-main-9.0.0.jar
Launcher Type: SUN_STANDARD

[Global flags]
     intx CICompilerCount                          = 2                                         {product} {command line}
   size_t CompressedClassSpaceSize                 = 218103808                                 {product} {ergonomic}
     uint ConcGCThreads                            = 2                                         {product} {ergonomic}
     uint G1ConcRefinementThreads                  = 8                                         {product} {ergonomic}
   size_t G1HeapRegionSize                         = 1048576                                   {product} {ergonomic}
    uintx GCDrainStackTargetSize                   = 64                                        {product} {ergonomic}
   size_t HeapBaseMinAddress                       = 4294967296                             {pd product} {command line}
   size_t InitialHeapSize                          = 132120576                                 {product} {ergonomic}
   size_t MarkStackSize                            = 4194304                                   {product} {ergonomic}
   size_t MaxHeapSize                              = 1073741824                                {product} {command line}
   size_t MaxMetaspaceSize                         = 268435456                                 {product} {command line}
   size_t MaxNewSize                               = 643825664                                 {product} {ergonomic}
   size_t MinHeapDeltaBytes                        = 1048576                                   {product} {ergonomic}
   size_t MinHeapSize                              = 8388608                                   {product} {ergonomic}
    uintx NonNMethodCodeHeapSize                   = 5826188                                {pd product} {ergonomic}
    uintx NonProfiledCodeHeapSize                  = 122916026                              {pd product} {ergonomic}
    uintx ProfiledCodeHeapSize                     = 122916026                              {pd product} {ergonomic}
    uintx ReservedCodeCacheSize                    = 251658240                              {pd product} {ergonomic}
     bool SegmentedCodeCache                       = true                                      {product} {ergonomic}
   size_t SoftMaxHeapSize                          = 1073741824                             {manageable} {ergonomic}
     intx ThreadStackSize                          = 256                                    {pd product} {command line}
     bool UseCompressedOops                        = true                           {product lp64_product} {ergonomic}
     bool UseG1GC                                  = true                                      {product} {ergonomic}
     bool UseLargePagesIndividualAllocation        = false                                  {pd product} {ergonomic}

Logging:
Log output configuration:
 #0: stdout all=warning uptime,level,tags foldmultilines=false
 #1: stderr all=off uptime,level,tags foldmultilines=false

Release file:
JAVA_VERSION="21.0.11" 
MODULES="java.base java.compiler java.datatransfer java.xml java.prefs java.desktop java.instrument java.logging java.management java.security.sasl java.naming java.rmi java.management.rmi java.net.http java.scripting java.security.jgss java.transaction.xa java.sql java.sql.rowset java.xml.crypto java.se java.smartcardio jdk.accessibility jdk.internal.jvmstat jdk.attach jdk.charsets jdk.internal.opt jdk.zipfs jdk.compiler jdk.crypto.ec jdk.crypto.cryptoki jdk.crypto.mscapi jdk.dynalink jdk.internal.ed jdk.editpad jdk.hotspot.agent jdk.httpserver jdk.internal.le jdk.internal.vm.ci jdk.internal.vm.compiler jdk.internal.vm.compiler.management jdk.jartool jdk.javadoc jdk.jcmd jdk.management jdk.management.agent jdk.jconsole jdk.jdeps jdk.jdwp.agent jdk.jdi jdk.jfr jdk.jshell jdk.jsobject jdk.jstatd jdk.localedata jdk.management.jfr jdk.naming.dns jdk.naming.rmi jdk.net jdk.nio.mapmode jdk.random jdk.sctp jdk.security.auth jdk.security.jgss jdk.unsupported jdk.unsupported.desktop jdk.xml.dom" 

Environment Variables:
JAVA_HOME=C:\Program Files\Eclipse Adoptium\jdk-17.0.19.10-hotspot
PATH=C:\Program Files\Eclipse Adoptium\jdk-17.0.19.10-hotspot\bin;C:\Python314\Scripts\;C:\Python314\;C:\Program Files (x86)\Common Files\Oracle\Java\javapath;D:\Installation\Python311\Scripts\;D:\Installation\Python311\;C:\Windows\system32;C:\Windows;C:\Windows\System32\Wbem;C:\Windows\System32\WindowsPowerShell\v1.0\;C:\Windows\System32\OpenSSH\;D:\Installation\Git\cmd;C:\Program Files\Docker\Docker\resources\bin;C:\Program Files\Kubernetes\Minikube;C:\ProgramData\chocolatey\bin;C:\Program Files\Microsoft SQL Server\150\Tools\Binn\;C:\Program Files\Microsoft SQL Server\Client SDK\ODBC\170\Tools\Binn\;C:\Program Files\dotnet\;C:\Program Files (x86)\Windows Kits\10\Windows Performance Toolkit\;C:\Program Files (x86)\Yarn\bin\;D:\Installation\Go\bin;C:\WINDOWS\system32;C:\WINDOWS;C:\WINDOWS\System32\Wbem;C:\WINDOWS\System32\WindowsPowerShell\v1.0\;C:\WINDOWS\System32\OpenSSH\;D:\Installation\Void\bin;C:\Program Files\Meld\;D:\Installation\nodejs\;C:\Users\User\scoop\shims;C:\Users\User\AppData\Local\Microsoft\WindowsApps;D:\Installations\JetBrains\PyCharm Community Edition 2022.3.1\bin;;D:\Installation\flutter\bin;C:\Program Files\Eclipse Adoptium\jdk-17.0.19.10-hotspot\bin;D:\Installation\Python311;D:\Installation\Python311\Scripts\;D:\Installation\nodejs\;D:\Installation\Microsoft VS Code\bin;D:\Installation\Kubernetes;C:\Program Files\Kubernetes\Minikube;C:\ProgramData\chocolatey;C:\Program Files\MySQL\MySQL Server 8.0\bin;C:\Users\User\.dotnet\tools;C:\Users\User\AppData\Roaming\npm\node_modules\serverless\bin;D:\Installation\JetBrains\IntelliJ IDEA Community Edition 2022.3.3\bin;;D:\Installation\PostgreSQL\15\bin;C:\Users\User\AppData\Local\Yarn\bin;C:\Users\User\AppData\Local\Android\Sdk\platform-tools;D:\Installation\Anaconda3\condabin;D:\Installation\apache-maven-3.9.2\bin;C:\Users\User\AppData\Local\Pandoc\;C:\Users\User\go\bin;D:\Installation\Go\bin;C:\Users\User\AppData\Local\Programs\cursor\resources\app\bin;C:\Users\User\AppData\Local\GitHubDesktop\bin;C:\Users\User\AppData\Local\Programs\Ollama;C:\Users\User\AppData\Local\Android\Sdk\platform-tools;C:\Users\User\AppData\Roaming\npm;D:\Installation\Antigravity\bin;D:\Installation\Google\Cloud SDK\google-cloud-sdk\bin;
USERNAME=User
SHELL=powershell.exe
TMPDIR=C:\Users\User\AppData\Local\Temp
OS=Windows_NT
PROCESSOR_IDENTIFIER=Intel64 Family 6 Model 140 Stepping 2, GenuineIntel
TMP=C:\Users\User\AppData\Local\Temp
TEMP=C:\Users\User\AppData\Local\Temp




Periodic native trim disabled

---------------  S Y S T E M  ---------------

OS:
 Windows 11 , 64 bit Build 26100 (10.0.26100.8521)
OS uptime: 0 days 9:57 hours
Hyper-V role detected

CPU: total 8 (initial active 8) (4 cores per cpu, 2 threads per core) family 6 model 140 stepping 2 microcode 0x2c, cx8, cmov, fxsr, ht, mmx, 3dnowpref, sse, sse2, sse3, ssse3, sse4.1, sse4.2, popcnt, lzcnt, tsc, tscinvbit, avx, avx2, aes, erms, clmul, bmi1, bmi2, adx, avx512f, avx512dq, avx512cd, avx512bw, avx512vl, sha, fma, vzeroupper, avx512_vpopcntdq, avx512_vpclmulqdq, avx512_vaes, avx512_vnni, clflush, clflushopt, clwb, avx512_vbmi2, avx512_vbmi, hv, rdtscp, rdpid, fsrm, gfni, avx512_bitalg, f16c, cet_ibt, cet_ss, avx512_ifma
Processor Information for the first 8 processors :
  Max Mhz: 2496, Current Mhz: 2496, Mhz Limit: 2496

Memory: 4k page, system-wide physical 7941M (33M free)
TotalPageFile size 32517M (AvailPageFile size 1M)
current process WorkingSet (physical memory assigned to process): 182M, peak: 721M
current process commit charge ("private bytes"): 938M, peak: 959M

vm_info: OpenJDK 64-Bit Server VM (21.0.11+10-LTS) for windows-amd64 JRE (21.0.11+10-LTS), built on 2026-04-21T00:00:00Z by "admin" with MS VC++ 17.12 (VS2022)

END.
