#
# There is insufficient memory for the Java Runtime Environment to continue.
# Native memory allocation (malloc) failed to allocate 65552 bytes. Error detail: Chunk::new
# Possible reasons:
#   The system is out of physical RAM or swap space
#   This process is running with CompressedOops enabled, and the Java Heap may be blocking the growth of the native heap
# Possible solutions:
#   Reduce memory load on the system
#   Increase physical memory or swap space
#   Check if swap backing store is full
#   Decrease Java heap size (-Xmx/-Xms)
#   Decrease number of Java threads
#   Decrease Java thread stack sizes (-Xss)
#   Set larger code cache with -XX:ReservedCodeCacheSize=
#   JVM is running with Zero Based Compressed Oops mode in which the Java heap is
#     placed in the first 32GB address space. The Java Heap base address is the
#     maximum limit for the native heap growth. Please use -XX:HeapBaseMinAddress
#     to set the Java Heap base and to place the Java Heap above 32GB virtual address.
# This output file may be truncated or incomplete.
#
#  Out of Memory Error (arena.cpp:191), pid=24372, tid=36784
#
# JRE version: OpenJDK Runtime Environment Temurin-17.0.19+10 (17.0.19+10) (build 17.0.19+10)
# Java VM: OpenJDK 64-Bit Server VM Temurin-17.0.19+10 (17.0.19+10, mixed mode, sharing, tiered, compressed oops, compressed class ptrs, g1 gc, windows-amd64)
# No core dump will be written. Minidumps are not enabled by default on client versions of Windows
#

---------------  S U M M A R Y ------------

Command Line: --add-opens=java.base/java.lang=ALL-UNNAMED --add-opens=java.base/java.lang.invoke=ALL-UNNAMED --add-opens=java.base/java.util=ALL-UNNAMED --add-opens=java.prefs/java.util.prefs=ALL-UNNAMED --add-exports=jdk.compiler/com.sun.tools.javac.api=ALL-UNNAMED --add-exports=jdk.compiler/com.sun.tools.javac.util=ALL-UNNAMED --add-opens=java.base/java.util=ALL-UNNAMED --add-opens=java.prefs/java.util.prefs=ALL-UNNAMED --add-opens=java.base/java.nio.charset=ALL-UNNAMED --add-opens=java.base/java.net=ALL-UNNAMED --add-opens=java.base/java.util.concurrent=ALL-UNNAMED --add-opens=java.base/java.util.concurrent.atomic=ALL-UNNAMED --add-opens=java.xml/javax.xml.namespace=ALL-UNNAMED -XX:MaxMetaspaceSize=256m -XX:HeapBaseMinAddress=4g -XX:CICompilerCount=2 -Xss256k -Xmx1024m -Dfile.encoding=windows-1252 -Duser.country=IN -Duser.language=en -Duser.variant -javaagent:C:\Users\User\.gradle\wrapper\dists\gradle-9.0.0-bin\d6wjpkvcgsg3oed0qlfss3wgl\gradle-9.0.0\lib\agents\gradle-instrumentation-agent-9.0.0.jar org.gradle.launcher.daemon.bootstrap.GradleDaemon 9.0.0

Host: 11th Gen Intel(R) Core(TM) i5-1155G7 @ 2.50GHz, 8 cores, 7G,  Windows 11 , 64 bit Build 26100 (10.0.26100.8521)
Time: Thu Jul 16 16:09:06 2026 India Standard Time elapsed time: 199.706728 seconds (0d 0h 3m 19s)

---------------  T H R E A D  ---------------

Current thread (0x0000012eb89ab380):  JavaThread "C2 CompilerThread0" daemon [_thread_in_native, id=36784, stack(0x0000001927b40000,0x0000001927c40000)]


Current CompileTask:
C2:199706 15674       4       java.lang.Module::implIsExportedOrOpen (92 bytes)

Stack: [0x0000001927b40000,0x0000001927c40000]
Native frames: (J=compiled Java code, j=interpreted, Vv=VM code, C=native code)
V  [jvm.dll+0x684b29]
V  [jvm.dll+0x83a2d5]
V  [jvm.dll+0x83bd4e]
V  [jvm.dll+0x83c3d3]
V  [jvm.dll+0x24905f]
V  [jvm.dll+0xad536]
V  [jvm.dll+0xadbdc]
V  [jvm.dll+0xad644]
V  [jvm.dll+0x6db0ac]
V  [jvm.dll+0x594db7]
V  [jvm.dll+0x57b1f8]
V  [jvm.dll+0x57da26]
V  [jvm.dll+0x587188]
V  [jvm.dll+0x58095a]
V  [jvm.dll+0x5844e1]
V  [jvm.dll+0x583c3d]
V  [jvm.dll+0x583b20]
V  [jvm.dll+0x583cab]
V  [jvm.dll+0x58b75e]
V  [jvm.dll+0x222fe4]
V  [jvm.dll+0x2233dd]
V  [jvm.dll+0x21c08b]
V  [jvm.dll+0x2191a2]
V  [jvm.dll+0x1a49f0]
V  [jvm.dll+0x2299fa]
V  [jvm.dll+0x227bab]
V  [jvm.dll+0x7f0a88]
V  [jvm.dll+0x7eaf1c]
V  [jvm.dll+0x6839f7]
C  [ucrtbase.dll+0x2cd30]
C  [KERNEL32.DLL+0x2e957]
C  [ntdll.dll+0x87c1c]


---------------  P R O C E S S  ---------------

Threads class SMR info:
_java_thread_list=0x0000012ecf22c280, length=72, elements={
0x0000012e9ad24c80, 0x0000012eb8989340, 0x0000012eb8989e10, 0x0000012eb89a3ce0,
0x0000012eb89a65c0, 0x0000012eb89a6e90, 0x0000012eb89a7760, 0x0000012eb89ab380,
0x0000012ecb010090, 0x0000012ecb010fb0, 0x0000012ecb109990, 0x0000012ecb1b0310,
0x0000012ecc335020, 0x0000012ecc87a8d0, 0x0000012ecc919020, 0x0000012eccacc3a0,
0x0000012ecc9e49e0, 0x0000012ecc9e3fc0, 0x0000012ecc9e44d0, 0x0000012ecc9e3090,
0x0000012ecd40b2c0, 0x0000012ecd40db40, 0x0000012ecf1149b0, 0x0000012ecb0c7020,
0x0000012ecb0c56d0, 0x0000012ecb0c6600, 0x0000012ecb0c4290, 0x0000012ecb0c7a40,
0x0000012ecb0ca2c0, 0x0000012ecb0cace0, 0x0000012ecb0cb700, 0x0000012ecb0c8460,
0x0000012ecb0c8e80, 0x0000012ecd88cff0, 0x0000012ecd88c5d0, 0x0000012ecd88e430,
0x0000012ecd88d500, 0x0000012ecd88cae0, 0x0000012ecd88b6a0, 0x0000012ecd88bbb0,
0x0000012ecd88fd80, 0x0000012ecd88f360, 0x0000012ecd88f870, 0x0000012ecd890290,
0x0000012ecd890cb0, 0x0000012ecd8911c0, 0x0000012ecd88da10, 0x0000012ecd8916d0,
0x0000012ecd88df20, 0x0000012ecd893020, 0x0000012ecd891be0, 0x0000012ecd892600,
0x0000012ecd892b10, 0x0000012ecd40a8a0, 0x0000012ecd40cc10, 0x0000012ecd40bce0,
0x0000012ecd40c700, 0x0000012ecd40d630, 0x0000012ecd40e050, 0x0000012ecd40adb0,
0x0000012ecf116300, 0x0000012ecf1158e0, 0x0000012ecf116810, 0x0000012ecf113570,
0x0000012ecf114ec0, 0x0000012ecf113a80, 0x0000012ecf113f90, 0x0000012ecf1144a0,
0x0000012ecb0c6b10, 0x0000012ecb0c60f0, 0x0000012ecb0c5be0, 0x0000012ecb0c47a0
}

Java Threads: ( => current thread )
  0x0000012e9ad24c80 JavaThread "main" [_thread_blocked, id=15648, stack(0x0000001926d50000,0x0000001926d90000)]
  0x0000012eb8989340 JavaThread "Reference Handler" daemon [_thread_blocked, id=6232, stack(0x0000001926d90000,0x0000001926dd0000)]
  0x0000012eb8989e10 JavaThread "Finalizer" daemon [_thread_blocked, id=13444, stack(0x0000001927a00000,0x0000001927a40000)]
  0x0000012eb89a3ce0 JavaThread "Signal Dispatcher" daemon [_thread_blocked, id=11292, stack(0x0000001927a40000,0x0000001927a80000)]
  0x0000012eb89a65c0 JavaThread "Attach Listener" daemon [_thread_blocked, id=36676, stack(0x0000001927a80000,0x0000001927ac0000)]
  0x0000012eb89a6e90 JavaThread "Service Thread" daemon [_thread_blocked, id=5288, stack(0x0000001927ac0000,0x0000001927b00000)]
  0x0000012eb89a7760 JavaThread "Monitor Deflation Thread" daemon [_thread_blocked, id=3992, stack(0x0000001927b00000,0x0000001927b40000)]
=>0x0000012eb89ab380 JavaThread "C2 CompilerThread0" daemon [_thread_in_native, id=36784, stack(0x0000001927b40000,0x0000001927c40000)]
  0x0000012ecb010090 JavaThread "C1 CompilerThread0" daemon [_thread_blocked, id=19392, stack(0x0000001927c40000,0x0000001927d40000)]
  0x0000012ecb010fb0 JavaThread "Sweeper thread" daemon [_thread_blocked, id=6360, stack(0x0000001927d40000,0x0000001927d80000)]
  0x0000012ecb109990 JavaThread "Common-Cleaner" daemon [_thread_blocked, id=20956, stack(0x0000001927d80000,0x0000001927dc0000)]
  0x0000012ecb1b0310 JavaThread "Notification Thread" daemon [_thread_blocked, id=35280, stack(0x0000001927dc0000,0x0000001927e00000)]
  0x0000012ecc335020 JavaThread "Daemon health stats" [_thread_blocked, id=22796, stack(0x0000001928400000,0x0000001928440000)]
  0x0000012ecc87a8d0 JavaThread "Incoming local TCP Connector on port 59883" [_thread_in_native, id=30184, stack(0x0000001928440000,0x0000001928480000)]
  0x0000012ecc919020 JavaThread "Daemon periodic checks" [_thread_blocked, id=12744, stack(0x0000001928480000,0x00000019284c0000)]
  0x0000012eccacc3a0 JavaThread "Daemon" [_thread_blocked, id=14968, stack(0x00000019284c0000,0x0000001928500000)]
  0x0000012ecc9e49e0 JavaThread "Daemon worker" [_thread_in_Java, id=31496, stack(0x0000001928580000,0x00000019285c0000)]
  0x0000012ecc9e3fc0 JavaThread "Cache worker for journal cache (C:\Users\User\.gradle\caches\journal-1)" [_thread_blocked, id=30300, stack(0x0000001928680000,0x00000019286c0000)]
  0x0000012ecc9e44d0 JavaThread "File lock request listener" [_thread_in_native, id=20368, stack(0x00000019286c0000,0x0000001928700000)]
  0x0000012ecc9e3090 JavaThread "Cache worker for file hash cache (C:\Users\User\.gradle\caches\9.0.0\fileHashes)" [_thread_blocked, id=17820, stack(0x0000001928700000,0x0000001928740000)]
  0x0000012ecd40b2c0 JavaThread "Cache worker for file content cache (C:\Users\User\.gradle\caches\9.0.0\fileContent)" [_thread_blocked, id=36620, stack(0x0000001928c00000,0x0000001928c40000)]
  0x0000012ecd40db40 JavaThread "jar transforms" [_thread_blocked, id=34860, stack(0x0000001928cc0000,0x0000001928d00000)]
  0x0000012ecf1149b0 JavaThread "Memory manager" [_thread_blocked, id=16296, stack(0x0000001929000000,0x0000001929040000)]
  0x0000012ecb0c7020 JavaThread "ForkJoinPool.commonPool-worker-1" daemon [_thread_blocked, id=11552, stack(0x0000001929280000,0x00000019292c0000)]
  0x0000012ecb0c56d0 JavaThread "ForkJoinPool.commonPool-worker-3" daemon [_thread_blocked, id=5404, stack(0x0000001929300000,0x0000001929340000)]
  0x0000012ecb0c6600 JavaThread "ForkJoinPool.commonPool-worker-4" daemon [_thread_blocked, id=36584, stack(0x0000001929340000,0x0000001929380000)]
  0x0000012ecb0c4290 JavaThread "ForkJoinPool.commonPool-worker-5" daemon [_thread_blocked, id=10712, stack(0x0000001929380000,0x00000019293c0000)]
  0x0000012ecb0c7a40 JavaThread "ForkJoinPool.commonPool-worker-7" daemon [_thread_blocked, id=17008, stack(0x0000001929400000,0x0000001929440000)]
  0x0000012ecb0ca2c0 JavaThread "RMI Scheduler(0)" daemon [_thread_blocked, id=34580, stack(0x0000001929680000,0x00000019296c0000)]
  0x0000012ecb0cace0 JavaThread "RMI GC Daemon" daemon [_thread_blocked, id=9544, stack(0x0000001929700000,0x0000001929740000)]
  0x0000012ecb0cb700 JavaThread "RMI TCP Accept-0" daemon [_thread_in_native, id=14176, stack(0x0000001929740000,0x0000001929780000)]
  0x0000012ecb0c8460 JavaThread "RMI Reaper" [_thread_blocked, id=16160, stack(0x0000001929780000,0x00000019297c0000)]
  0x0000012ecb0c8e80 JavaThread "RMI TCP Connection(idle)" daemon [_thread_blocked, id=15628, stack(0x00000019297c0000,0x0000001929800000)]
  0x0000012ecd88cff0 JavaThread "File lock release action executor" [_thread_blocked, id=28568, stack(0x0000001929800000,0x0000001929840000)]
  0x0000012ecd88c5d0 JavaThread "Handler for socket connection from /127.0.0.1:59883 to /127.0.0.1:57341" [_thread_in_native, id=27924, stack(0x0000001927140000,0x0000001927180000)]
  0x0000012ecd88e430 JavaThread "Cancel handler" [_thread_blocked, id=35732, stack(0x0000001927180000,0x00000019271c0000)]
  0x0000012ecd88d500 JavaThread "Asynchronous log dispatcher for DefaultDaemonConnection: socket connection from /127.0.0.1:59883 to /127.0.0.1:57341" [_thread_blocked, id=34632, stack(0x00000019271c0000,0x0000001927200000)]
  0x0000012ecd88cae0 JavaThread "Stdin handler" [_thread_blocked, id=8792, stack(0x0000001927200000,0x0000001927240000)]
  0x0000012ecd88b6a0 JavaThread "Daemon client event forwarder" [_thread_blocked, id=17436, stack(0x0000001927240000,0x0000001927280000)]
  0x0000012ecd88bbb0 JavaThread "Cache worker for file hash cache (D:\Hinduja\SyncFound\codebase\syncfound-mobile-frontend\android\.gradle\9.0.0\fileHashes)" [_thread_blocked, id=10836, stack(0x0000001927280000,0x00000019272c0000)]
  0x0000012ecd88fd80 JavaThread "Cache worker for Build Output Cleanup Cache (D:\Hinduja\SyncFound\codebase\syncfound-mobile-frontend\android\.gradle\buildOutputCleanup)" [_thread_blocked, id=34756, stack(0x00000019272c0000,0x0000001927300000)]
  0x0000012ecd88f360 JavaThread "Cache worker for checksums cache (D:\Hinduja\SyncFound\codebase\syncfound-mobile-frontend\android\.gradle\9.0.0\checksums)" [_thread_blocked, id=15528, stack(0x0000001927300000,0x0000001927340000)]
  0x0000012ecd88f870 JavaThread "Cache worker for cache directory md-supplier (C:\Users\User\.gradle\caches\9.0.0\md-supplier)" [_thread_blocked, id=36260, stack(0x0000001927340000,0x0000001927380000)]
  0x0000012ecd890290 JavaThread "Cache worker for cache directory md-rule (C:\Users\User\.gradle\caches\9.0.0\md-rule)" [_thread_blocked, id=33804, stack(0x0000001927380000,0x00000019273c0000)]
  0x0000012ecd890cb0 JavaThread "Cache worker for Build Output Cleanup Cache (D:\Hinduja\SyncFound\codebase\syncfound-mobile-frontend\node_modules\@react-native\gradle-plugin\.gradle\buildOutputCleanup)" [_thread_blocked, id=15124, stack(0x00000019285c0000,0x0000001928600000)]
  0x0000012ecd8911c0 JavaThread "Unconstrained build operations" [_thread_blocked, id=27336, stack(0x0000001928600000,0x0000001928640000)]
  0x0000012ecd88da10 JavaThread "Unconstrained build operations Thread 2" [_thread_blocked, id=19776, stack(0x0000001928640000,0x0000001928680000)]
  0x0000012ecd8916d0 JavaThread "Cache worker for Build Output Cleanup Cache (D:\Hinduja\SyncFound\codebase\syncfound-mobile-frontend\node_modules\expo-modules-autolinking\android\expo-gradle-plugin\.gradle\buildOutputCleanup)" [_thread_blocked, id=11416, stack(0x0000001928b40000,0x0000001928b80000)]
  0x0000012ecd88df20 JavaThread "Unconstrained build operations Thread 3" [_thread_blocked, id=3556, stack(0x0000001928b80000,0x0000001928bc0000)]
  0x0000012ecd893020 JavaThread "Unconstrained build operations Thread 4" [_thread_blocked, id=29604, stack(0x0000001928bc0000,0x0000001928c00000)]
  0x0000012ecd891be0 JavaThread "build event listener" [_thread_blocked, id=16740, stack(0x0000001928c40000,0x0000001928c80000)]
  0x0000012ecd892600 JavaThread "Unconstrained build operations Thread 5" [_thread_blocked, id=17148, stack(0x0000001928c80000,0x0000001928cc0000)]
  0x0000012ecd892b10 JavaThread "build event listener" [_thread_blocked, id=33548, stack(0x0000001928d00000,0x0000001928d40000)]
  0x0000012ecd40a8a0 JavaThread "Unconstrained build operations Thread 6" [_thread_blocked, id=33860, stack(0x0000001928d40000,0x0000001928d80000)]
  0x0000012ecd40cc10 JavaThread "Unconstrained build operations Thread 7" [_thread_blocked, id=12748, stack(0x0000001928d80000,0x0000001928dc0000)]
  0x0000012ecd40bce0 JavaThread "ForkJoinPool.commonPool-worker-8" daemon [_thread_blocked, id=1760, stack(0x0000001928dc0000,0x0000001928e00000)]
  0x0000012ecd40c700 JavaThread "included builds" [_thread_blocked, id=7964, stack(0x0000001928e00000,0x0000001928e40000)]
  0x0000012ecd40d630 JavaThread "Cache worker for execution history cache (D:\Hinduja\SyncFound\codebase\syncfound-mobile-frontend\node_modules\expo-modules-autolinking\android\expo-gradle-plugin\.gradle\9.0.0\executionHistory)" [_thread_blocked, id=18016, stack(0x0000001928e80000,0x0000001928ec0000)]
  0x0000012ecd40e050 JavaThread "Unconstrained build operations Thread 8" [_thread_blocked, id=18464, stack(0x0000001928ec0000,0x0000001928f00000)]
  0x0000012ecd40adb0 JavaThread "Cache worker for execution history cache (D:\Hinduja\SyncFound\codebase\syncfound-mobile-frontend\node_modules\@react-native\gradle-plugin\.gradle\9.0.0\executionHistory)" [_thread_blocked, id=31884, stack(0x0000001928f00000,0x0000001928f40000)]
  0x0000012ecf116300 JavaThread "Unconstrained build operations Thread 9" [_thread_blocked, id=26752, stack(0x0000001928f40000,0x0000001928f80000)]
  0x0000012ecf1158e0 JavaThread "Unconstrained build operations Thread 10" [_thread_blocked, id=34412, stack(0x0000001928f80000,0x0000001928fc0000)]
  0x0000012ecf116810 JavaThread "WorkerExecutor Queue" [_thread_blocked, id=36200, stack(0x0000001928fc0000,0x0000001929000000)]
  0x0000012ecf113570 JavaThread "RMI TCP Connection(idle)" daemon [_thread_blocked, id=13024, stack(0x0000001929040000,0x0000001929080000)]
  0x0000012ecf114ec0 JavaThread "RMI TCP Connection(idle)" daemon [_thread_blocked, id=22520, stack(0x0000001929080000,0x00000019290c0000)]
  0x0000012ecf113a80 JavaThread "Exec process Thread 7" [_thread_blocked, id=12764, stack(0x0000001927100000,0x0000001927140000)]
  0x0000012ecf113f90 JavaThread "Exec process Thread 8" [_thread_blocked, id=30860, stack(0x00000019273c0000,0x0000001927400000)]
  0x0000012ecf1144a0 JavaThread "Exec process Thread 9" [_thread_blocked, id=22356, stack(0x0000001928500000,0x0000001928540000)]
  0x0000012ecb0c6b10 JavaThread "jar transforms Thread 2" [_thread_blocked, id=33004, stack(0x0000001928540000,0x0000001928580000)]
  0x0000012ecb0c60f0 JavaThread "Cache worker for Build Output Cleanup Cache (D:\Hinduja\SyncFound\codebase\syncfound-mobile-frontend\node_modules\expo-modules-core\expo-module-gradle-plugin\.gradle\buildOutputCleanup)" [_thread_blocked, id=29676, stack(0x0000001928e40000,0x0000001928e80000)]
  0x0000012ecb0c5be0 JavaThread "build event listener" [_thread_blocked, id=9468, stack(0x00000019290c0000,0x0000001929100000)]
  0x0000012ecb0c47a0 JavaThread "jar transforms Thread 3" [_thread_blocked, id=3800, stack(0x0000001929200000,0x0000001929240000)]

Other Threads:
  0x0000012eb8984f60 VMThread "VM Thread" [stack: 0x0000001927900000,0x0000001927a00000] [id=34744]
  0x0000012ecb194390 WatcherThread [stack: 0x0000001927e00000,0x0000001927f00000] [id=32332]
  0x0000012e9ad641d0 GCTaskThread "GC Thread#0" [stack: 0x0000001927400000,0x0000001927500000] [id=7596]
  0x0000012ecb2f10c0 GCTaskThread "GC Thread#1" [stack: 0x0000001927f00000,0x0000001928000000] [id=25732]
  0x0000012ecb3bcf30 GCTaskThread "GC Thread#2" [stack: 0x0000001928000000,0x0000001928100000] [id=30612]
  0x0000012ecb8e3840 GCTaskThread "GC Thread#3" [stack: 0x0000001928100000,0x0000001928200000] [id=25848]
  0x0000012ecbd0aa40 GCTaskThread "GC Thread#4" [stack: 0x0000001928200000,0x0000001928300000] [id=25472]
  0x0000012ece6a2630 GCTaskThread "GC Thread#5" [stack: 0x0000001928740000,0x0000001928840000] [id=27644]
  0x0000012ecd762360 GCTaskThread "GC Thread#6" [stack: 0x0000001928840000,0x0000001928940000] [id=16596]
  0x0000012ecdd38440 GCTaskThread "GC Thread#7" [stack: 0x0000001928940000,0x0000001928a40000] [id=25640]
  0x0000012e9ad6dd00 ConcurrentGCThread "G1 Main Marker" [stack: 0x0000001927500000,0x0000001927600000] [id=12024]
  0x0000012e9ad6e630 ConcurrentGCThread "G1 Conc#0" [stack: 0x0000001927600000,0x0000001927700000] [id=32452]
  0x0000012ecd458340 ConcurrentGCThread "G1 Conc#1" [stack: 0x0000001928a40000,0x0000001928b40000] [id=23188]
  0x0000012e9adce570 ConcurrentGCThread "G1 Refine#0" [stack: 0x0000001927700000,0x0000001927800000] [id=10404]
  0x0000012ecb2f2080 ConcurrentGCThread "G1 Refine#1" [stack: 0x0000001928300000,0x0000001928400000] [id=36336]
  0x0000012ece943f80 ConcurrentGCThread "G1 Refine#2" [stack: 0x0000001929100000,0x0000001929200000] [id=2032]
  0x0000012eb8828ae0 ConcurrentGCThread "G1 Service" [stack: 0x0000001927800000,0x0000001927900000] [id=26028]

Threads with active compile tasks:
C2 CompilerThread0  200860 15674       4       java.lang.Module::implIsExportedOrOpen (92 bytes)

VM state: not at safepoint (normal execution)

VM Mutex/Monitor currently owned by a thread: None

Heap address: 0x0000000100000000, size: 1024 MB, Compressed Oops mode: Zero based, Oop shift amount: 3

CDS archive(s) mapped at: [0x0000012eb9000000-0x0000012eb9bb0000-0x0000012eb9bb0000), size 12255232, SharedBaseAddress: 0x0000012eb9000000, ArchiveRelocationMode: 1.
Compressed class space mapped at: 0x0000012eba000000-0x0000012ec7000000, reserved size: 218103808
Narrow klass base: 0x0000012eb9000000, Narrow klass shift: 0, Narrow klass range: 0x100000000

GC Precious Log:
 CPUs: 8 total, 8 available
 Memory: 7941M
 Large Page Support: Disabled
 NUMA Support: Disabled
 Compressed Oops: Enabled (Zero based)
 Heap Region Size: 1M
 Heap Min Capacity: 8M
 Heap Initial Capacity: 126M
 Heap Max Capacity: 1G
 Pre-touch: Disabled
 Parallel Workers: 8
 Concurrent Workers: 2
 Concurrent Refinement Workers: 8
 Periodic GC: Disabled

Heap:
 garbage-first heap   total 399360K, used 102763K [0x0000000100000000, 0x0000000140000000)
  region size 1024K, 13 young (13312K), 2 survivors (2048K)
 Metaspace       used 87228K, committed 88704K, reserved 344064K
  class space    used 12330K, committed 13056K, reserved 212992K

Heap Regions: E=young(eden), S=young(survivor), O=old, HS=humongous(starts), HC=humongous(continues), CS=collection set, F=free, OA=open archive, CA=closed archive, TAMS=top-at-mark-start (previous, next)
|   0|0x0000000100000000, 0x0000000100100000, 0x0000000100100000|100%|HS|  |TAMS 0x0000000100100000, 0x0000000100000000| Complete 
|   1|0x0000000100100000, 0x0000000100200000, 0x0000000100200000|100%|HC|  |TAMS 0x0000000100200000, 0x0000000100100000| Complete 
|   2|0x0000000100200000, 0x0000000100300000, 0x0000000100300000|100%|HC|  |TAMS 0x0000000100300000, 0x0000000100200000| Complete 
|   3|0x0000000100300000, 0x0000000100400000, 0x0000000100400000|100%| O|  |TAMS 0x0000000100400000, 0x0000000100300000| Untracked 
|   4|0x0000000100400000, 0x0000000100500000, 0x0000000100500000|100%| O|  |TAMS 0x0000000100500000, 0x0000000100400000| Untracked 
|   5|0x0000000100500000, 0x0000000100600000, 0x0000000100600000|100%| O|  |TAMS 0x0000000100600000, 0x0000000100500000| Untracked 
|   6|0x0000000100600000, 0x0000000100700000, 0x0000000100700000|100%|HS|  |TAMS 0x0000000100700000, 0x0000000100600000| Complete 
|   7|0x0000000100700000, 0x0000000100800000, 0x0000000100800000|100%| O|  |TAMS 0x0000000100800000, 0x0000000100700000| Untracked 
|   8|0x0000000100800000, 0x0000000100900000, 0x0000000100900000|100%| O|  |TAMS 0x0000000100900000, 0x0000000100800000| Untracked 
|   9|0x0000000100900000, 0x0000000100a00000, 0x0000000100a00000|100%| O|  |TAMS 0x0000000100a00000, 0x0000000100900000| Untracked 
|  10|0x0000000100a00000, 0x0000000100b00000, 0x0000000100b00000|100%| O|  |TAMS 0x0000000100b00000, 0x0000000100a00000| Untracked 
|  11|0x0000000100b00000, 0x0000000100c00000, 0x0000000100c00000|100%| O|  |TAMS 0x0000000100c00000, 0x0000000100b00000| Untracked 
|  12|0x0000000100c00000, 0x0000000100d00000, 0x0000000100d00000|100%| O|  |TAMS 0x0000000100d00000, 0x0000000100c00000| Untracked 
|  13|0x0000000100d00000, 0x0000000100e00000, 0x0000000100e00000|100%| O|  |TAMS 0x0000000100e00000, 0x0000000100d00000| Untracked 
|  14|0x0000000100e00000, 0x0000000100f00000, 0x0000000100f00000|100%| O|  |TAMS 0x0000000100f00000, 0x0000000100e00000| Untracked 
|  15|0x0000000100f00000, 0x0000000101000000, 0x0000000101000000|100%| O|  |TAMS 0x0000000101000000, 0x0000000100f00000| Untracked 
|  16|0x0000000101000000, 0x0000000101100000, 0x0000000101100000|100%| O|  |TAMS 0x0000000101100000, 0x0000000101000000| Untracked 
|  17|0x0000000101100000, 0x0000000101200000, 0x0000000101200000|100%| O|  |TAMS 0x0000000101200000, 0x0000000101100000| Untracked 
|  18|0x0000000101200000, 0x0000000101300000, 0x0000000101300000|100%| O|  |TAMS 0x0000000101300000, 0x0000000101200000| Untracked 
|  19|0x0000000101300000, 0x0000000101400000, 0x0000000101400000|100%| O|  |TAMS 0x0000000101400000, 0x0000000101300000| Untracked 
|  20|0x0000000101400000, 0x0000000101500000, 0x0000000101500000|100%| O|  |TAMS 0x0000000101500000, 0x0000000101400000| Untracked 
|  21|0x0000000101500000, 0x0000000101600000, 0x0000000101600000|100%| O|  |TAMS 0x0000000101600000, 0x0000000101500000| Untracked 
|  22|0x0000000101600000, 0x0000000101700000, 0x0000000101700000|100%| O|  |TAMS 0x0000000101700000, 0x0000000101600000| Untracked 
|  23|0x0000000101700000, 0x0000000101800000, 0x0000000101800000|100%| O|  |TAMS 0x0000000101800000, 0x0000000101700000| Untracked 
|  24|0x0000000101800000, 0x0000000101900000, 0x0000000101900000|100%| O|  |TAMS 0x0000000101900000, 0x0000000101800000| Untracked 
|  25|0x0000000101900000, 0x0000000101a00000, 0x0000000101a00000|100%| O|  |TAMS 0x0000000101a00000, 0x0000000101900000| Untracked 
|  26|0x0000000101a00000, 0x0000000101b00000, 0x0000000101b00000|100%| O|  |TAMS 0x0000000101b00000, 0x0000000101a00000| Untracked 
|  27|0x0000000101b00000, 0x0000000101c00000, 0x0000000101c00000|100%| O|  |TAMS 0x0000000101c00000, 0x0000000101b00000| Untracked 
|  28|0x0000000101c00000, 0x0000000101d00000, 0x0000000101d00000|100%| O|  |TAMS 0x0000000101d00000, 0x0000000101c00000| Untracked 
|  29|0x0000000101d00000, 0x0000000101e00000, 0x0000000101e00000|100%| O|  |TAMS 0x0000000101e00000, 0x0000000101d00000| Untracked 
|  30|0x0000000101e00000, 0x0000000101f00000, 0x0000000101f00000|100%| O|  |TAMS 0x0000000101f00000, 0x0000000101e00000| Untracked 
|  31|0x0000000101f00000, 0x0000000102000000, 0x0000000102000000|100%| O|  |TAMS 0x0000000102000000, 0x0000000101f00000| Untracked 
|  32|0x0000000102000000, 0x0000000102000000, 0x0000000102100000|  0%| F|  |TAMS 0x0000000102000000, 0x0000000102000000| Untracked 
|  33|0x0000000102100000, 0x0000000102200000, 0x0000000102200000|100%| O|  |TAMS 0x0000000102200000, 0x0000000102100000| Complete 
|  34|0x0000000102200000, 0x0000000102300000, 0x0000000102300000|100%| O|  |TAMS 0x0000000102300000, 0x0000000102200000| Untracked 
|  35|0x0000000102300000, 0x0000000102400000, 0x0000000102400000|100%| O|  |TAMS 0x0000000102400000, 0x0000000102300000| Untracked 
|  36|0x0000000102400000, 0x0000000102500000, 0x0000000102500000|100%| O|  |TAMS 0x0000000102500000, 0x0000000102400000| Untracked 
|  37|0x0000000102500000, 0x0000000102600000, 0x0000000102600000|100%| O|  |TAMS 0x0000000102600000, 0x0000000102500000| Untracked 
|  38|0x0000000102600000, 0x0000000102700000, 0x0000000102700000|100%| O|  |TAMS 0x0000000102700000, 0x0000000102600000| Untracked 
|  39|0x0000000102700000, 0x0000000102700000, 0x0000000102800000|  0%| F|  |TAMS 0x0000000102700000, 0x0000000102700000| Untracked 
|  40|0x0000000102800000, 0x0000000102900000, 0x0000000102900000|100%| O|  |TAMS 0x0000000102800000, 0x0000000102800000| Untracked 
|  41|0x0000000102900000, 0x0000000102900000, 0x0000000102a00000|  0%| F|  |TAMS 0x0000000102900000, 0x0000000102900000| Untracked 
|  42|0x0000000102a00000, 0x0000000102b00000, 0x0000000102b00000|100%|HS|  |TAMS 0x0000000102b00000, 0x0000000102a00000| Complete 
|  43|0x0000000102b00000, 0x0000000102c00000, 0x0000000102c00000|100%|HC|  |TAMS 0x0000000102c00000, 0x0000000102b00000| Complete 
|  44|0x0000000102c00000, 0x0000000102d00000, 0x0000000102d00000|100%|HC|  |TAMS 0x0000000102d00000, 0x0000000102c00000| Complete 
|  45|0x0000000102d00000, 0x0000000102e00000, 0x0000000102e00000|100%|HS|  |TAMS 0x0000000102e00000, 0x0000000102d00000| Complete 
|  46|0x0000000102e00000, 0x0000000102f00000, 0x0000000102f00000|100%|HC|  |TAMS 0x0000000102f00000, 0x0000000102e00000| Complete 
|  47|0x0000000102f00000, 0x0000000103000000, 0x0000000103000000|100%|HC|  |TAMS 0x0000000103000000, 0x0000000102f00000| Complete 
|  48|0x0000000103000000, 0x0000000103100000, 0x0000000103100000|100%| O|  |TAMS 0x0000000103000000, 0x0000000103000000| Untracked 
|  49|0x0000000103100000, 0x0000000103200000, 0x0000000103200000|100%| O|  |TAMS 0x0000000103200000, 0x0000000103100000| Untracked 
|  50|0x0000000103200000, 0x0000000103300000, 0x0000000103300000|100%| O|  |TAMS 0x0000000103300000, 0x0000000103200000| Untracked 
|  51|0x0000000103300000, 0x0000000103400000, 0x0000000103400000|100%| O|  |TAMS 0x0000000103300000, 0x0000000103300000| Untracked 
|  52|0x0000000103400000, 0x0000000103400000, 0x0000000103500000|  0%| F|  |TAMS 0x0000000103400000, 0x0000000103400000| Untracked 
|  53|0x0000000103500000, 0x0000000103600000, 0x0000000103600000|100%| O|  |TAMS 0x0000000103600000, 0x0000000103500000| Untracked 
|  54|0x0000000103600000, 0x0000000103700000, 0x0000000103700000|100%| O|  |TAMS 0x0000000103700000, 0x0000000103600000| Untracked 
|  55|0x0000000103700000, 0x0000000103800000, 0x0000000103800000|100%| O|  |TAMS 0x0000000103800000, 0x0000000103700000| Untracked 
|  56|0x0000000103800000, 0x0000000103900000, 0x0000000103900000|100%| O|  |TAMS 0x0000000103800000, 0x0000000103800000| Untracked 
|  57|0x0000000103900000, 0x0000000103a00000, 0x0000000103a00000|100%| O|  |TAMS 0x0000000103a00000, 0x0000000103900000| Untracked 
|  58|0x0000000103a00000, 0x0000000103a00000, 0x0000000103b00000|  0%| F|  |TAMS 0x0000000103a00000, 0x0000000103a00000| Untracked 
|  59|0x0000000103b00000, 0x0000000103c00000, 0x0000000103c00000|100%| O|  |TAMS 0x0000000103b00000, 0x0000000103b00000| Untracked 
|  60|0x0000000103c00000, 0x0000000103d00000, 0x0000000103d00000|100%| O|  |TAMS 0x0000000103d00000, 0x0000000103c00000| Untracked 
|  61|0x0000000103d00000, 0x0000000103d00000, 0x0000000103e00000|  0%| F|  |TAMS 0x0000000103d00000, 0x0000000103d00000| Untracked 
|  62|0x0000000103e00000, 0x0000000103e00000, 0x0000000103f00000|  0%| F|  |TAMS 0x0000000103e00000, 0x0000000103e00000| Untracked 
|  63|0x0000000103f00000, 0x0000000104000000, 0x0000000104000000|100%| O|  |TAMS 0x0000000103f00000, 0x0000000103f00000| Untracked 
|  64|0x0000000104000000, 0x0000000104100000, 0x0000000104100000|100%| O|  |TAMS 0x0000000104000000, 0x0000000104000000| Untracked 
|  65|0x0000000104100000, 0x0000000104200000, 0x0000000104200000|100%| O|  |TAMS 0x0000000104100000, 0x0000000104100000| Untracked 
|  66|0x0000000104200000, 0x0000000104300000, 0x0000000104300000|100%| O|  |TAMS 0x0000000104200000, 0x0000000104200000| Untracked 
|  67|0x0000000104300000, 0x0000000104300000, 0x0000000104400000|  0%| F|  |TAMS 0x0000000104300000, 0x0000000104300000| Untracked 
|  68|0x0000000104400000, 0x0000000104500000, 0x0000000104500000|100%| O|  |TAMS 0x0000000104500000, 0x0000000104400000| Untracked 
|  69|0x0000000104500000, 0x000000010455ac00, 0x0000000104600000| 35%| O|  |TAMS 0x0000000104500000, 0x0000000104500000| Untracked 
|  70|0x0000000104600000, 0x0000000104600000, 0x0000000104700000|  0%| F|  |TAMS 0x0000000104600000, 0x0000000104600000| Untracked 
|  71|0x0000000104700000, 0x0000000104700000, 0x0000000104800000|  0%| F|  |TAMS 0x0000000104700000, 0x0000000104700000| Untracked 
|  72|0x0000000104800000, 0x0000000104800000, 0x0000000104900000|  0%| F|  |TAMS 0x0000000104800000, 0x0000000104800000| Untracked 
|  73|0x0000000104900000, 0x0000000104900000, 0x0000000104a00000|  0%| F|  |TAMS 0x0000000104900000, 0x0000000104900000| Untracked 
|  74|0x0000000104a00000, 0x0000000104a00000, 0x0000000104b00000|  0%| F|  |TAMS 0x0000000104a00000, 0x0000000104a00000| Untracked 
|  75|0x0000000104b00000, 0x0000000104b00000, 0x0000000104c00000|  0%| F|  |TAMS 0x0000000104b00000, 0x0000000104b00000| Untracked 
|  76|0x0000000104c00000, 0x0000000104c00000, 0x0000000104d00000|  0%| F|  |TAMS 0x0000000104c00000, 0x0000000104c00000| Untracked 
|  77|0x0000000104d00000, 0x0000000104d00000, 0x0000000104e00000|  0%| F|  |TAMS 0x0000000104d00000, 0x0000000104d00000| Untracked 
|  78|0x0000000104e00000, 0x0000000104e00000, 0x0000000104f00000|  0%| F|  |TAMS 0x0000000104e00000, 0x0000000104e00000| Untracked 
|  79|0x0000000104f00000, 0x0000000104f00000, 0x0000000105000000|  0%| F|  |TAMS 0x0000000104f00000, 0x0000000104f00000| Untracked 
|  80|0x0000000105000000, 0x0000000105000000, 0x0000000105100000|  0%| F|  |TAMS 0x0000000105000000, 0x0000000105000000| Untracked 
|  81|0x0000000105100000, 0x0000000105200000, 0x0000000105200000|100%| O|  |TAMS 0x0000000105200000, 0x0000000105100000| Untracked 
|  82|0x0000000105200000, 0x0000000105300000, 0x0000000105300000|100%| O|  |TAMS 0x0000000105300000, 0x0000000105200000| Untracked 
|  83|0x0000000105300000, 0x0000000105400000, 0x0000000105400000|100%| O|  |TAMS 0x0000000105400000, 0x0000000105300000| Untracked 
|  84|0x0000000105400000, 0x0000000105400000, 0x0000000105500000|  0%| F|  |TAMS 0x0000000105400000, 0x0000000105400000| Untracked 
|  85|0x0000000105500000, 0x0000000105500000, 0x0000000105600000|  0%| F|  |TAMS 0x0000000105500000, 0x0000000105500000| Untracked 
|  86|0x0000000105600000, 0x0000000105600000, 0x0000000105700000|  0%| F|  |TAMS 0x0000000105600000, 0x0000000105600000| Untracked 
|  87|0x0000000105700000, 0x0000000105700000, 0x0000000105800000|  0%| F|  |TAMS 0x0000000105700000, 0x0000000105700000| Untracked 
|  88|0x0000000105800000, 0x0000000105800000, 0x0000000105900000|  0%| F|  |TAMS 0x0000000105800000, 0x0000000105800000| Untracked 
|  89|0x0000000105900000, 0x0000000105900000, 0x0000000105a00000|  0%| F|  |TAMS 0x0000000105900000, 0x0000000105900000| Untracked 
|  90|0x0000000105a00000, 0x0000000105a00000, 0x0000000105b00000|  0%| F|  |TAMS 0x0000000105a00000, 0x0000000105a00000| Untracked 
|  91|0x0000000105b00000, 0x0000000105b00000, 0x0000000105c00000|  0%| F|  |TAMS 0x0000000105b00000, 0x0000000105b00000| Untracked 
|  92|0x0000000105c00000, 0x0000000105d00000, 0x0000000105d00000|100%| O|  |TAMS 0x0000000105d00000, 0x0000000105c00000| Untracked 
|  93|0x0000000105d00000, 0x0000000105e00000, 0x0000000105e00000|100%| O|  |TAMS 0x0000000105e00000, 0x0000000105d00000| Untracked 
|  94|0x0000000105e00000, 0x0000000105f00000, 0x0000000105f00000|100%| O|  |TAMS 0x0000000105f00000, 0x0000000105e00000| Untracked 
|  95|0x0000000105f00000, 0x0000000106000000, 0x0000000106000000|100%| O|  |TAMS 0x0000000106000000, 0x0000000105f00000| Untracked 
|  96|0x0000000106000000, 0x0000000106100000, 0x0000000106100000|100%| O|  |TAMS 0x0000000106100000, 0x0000000106000000| Untracked 
|  97|0x0000000106100000, 0x0000000106200000, 0x0000000106200000|100%| O|  |TAMS 0x0000000106200000, 0x0000000106100000| Untracked 
|  98|0x0000000106200000, 0x0000000106300000, 0x0000000106300000|100%| O|  |TAMS 0x0000000106300000, 0x0000000106200000| Untracked 
|  99|0x0000000106300000, 0x0000000106400000, 0x0000000106400000|100%| O|  |TAMS 0x0000000106400000, 0x0000000106300000| Untracked 
| 100|0x0000000106400000, 0x0000000106500000, 0x0000000106500000|100%| O|  |TAMS 0x0000000106500000, 0x0000000106400000| Untracked 
| 101|0x0000000106500000, 0x0000000106600000, 0x0000000106600000|100%| O|  |TAMS 0x0000000106600000, 0x0000000106500000| Untracked 
| 102|0x0000000106600000, 0x0000000106700000, 0x0000000106700000|100%| O|  |TAMS 0x0000000106700000, 0x0000000106600000| Untracked 
| 103|0x0000000106700000, 0x0000000106700000, 0x0000000106800000|  0%| F|  |TAMS 0x0000000106700000, 0x0000000106700000| Untracked 
| 104|0x0000000106800000, 0x0000000106900000, 0x0000000106900000|100%| O|  |TAMS 0x0000000106900000, 0x0000000106800000| Untracked 
| 105|0x0000000106900000, 0x0000000106a00000, 0x0000000106a00000|100%| O|  |TAMS 0x0000000106a00000, 0x0000000106900000| Untracked 
| 106|0x0000000106a00000, 0x0000000106a00000, 0x0000000106b00000|  0%| F|  |TAMS 0x0000000106a00000, 0x0000000106a00000| Untracked 
| 107|0x0000000106b00000, 0x0000000106b00000, 0x0000000106c00000|  0%| F|  |TAMS 0x0000000106b00000, 0x0000000106b00000| Untracked 
| 108|0x0000000106c00000, 0x0000000106d00000, 0x0000000106d00000|100%| O|  |TAMS 0x0000000106d00000, 0x0000000106c00000| Untracked 
| 109|0x0000000106d00000, 0x0000000106e00000, 0x0000000106e00000|100%| O|  |TAMS 0x0000000106e00000, 0x0000000106d00000| Untracked 
| 110|0x0000000106e00000, 0x0000000106f00000, 0x0000000106f00000|100%| O|  |TAMS 0x0000000106f00000, 0x0000000106e00000| Untracked 
| 111|0x0000000106f00000, 0x0000000107000000, 0x0000000107000000|100%| O|  |TAMS 0x0000000107000000, 0x0000000106f00000| Untracked 
| 112|0x0000000107000000, 0x0000000107100000, 0x0000000107100000|100%| O|  |TAMS 0x0000000107100000, 0x0000000107000000| Untracked 
| 113|0x0000000107100000, 0x0000000107200000, 0x0000000107200000|100%| O|  |TAMS 0x0000000107138e00, 0x0000000107100000| Untracked 
| 114|0x0000000107200000, 0x0000000107300000, 0x0000000107300000|100%| O|  |TAMS 0x0000000107200000, 0x0000000107200000| Untracked 
| 115|0x0000000107300000, 0x0000000107400000, 0x0000000107400000|100%| O|  |TAMS 0x0000000107300000, 0x0000000107300000| Untracked 
| 116|0x0000000107400000, 0x0000000107500000, 0x0000000107500000|100%| O|  |TAMS 0x0000000107400000, 0x0000000107400000| Untracked 
| 117|0x0000000107500000, 0x0000000107600000, 0x0000000107600000|100%| O|  |TAMS 0x0000000107500000, 0x0000000107500000| Untracked 
| 118|0x0000000107600000, 0x0000000107700000, 0x0000000107700000|100%| O|  |TAMS 0x0000000107600000, 0x0000000107600000| Untracked 
| 119|0x0000000107700000, 0x0000000107700000, 0x0000000107800000|  0%| F|  |TAMS 0x0000000107700000, 0x0000000107700000| Untracked 
| 120|0x0000000107800000, 0x0000000107800000, 0x0000000107900000|  0%| F|  |TAMS 0x0000000107800000, 0x0000000107800000| Untracked 
| 121|0x0000000107900000, 0x0000000107900000, 0x0000000107a00000|  0%| F|  |TAMS 0x0000000107900000, 0x0000000107900000| Untracked 
| 122|0x0000000107a00000, 0x0000000107a00000, 0x0000000107b00000|  0%| F|  |TAMS 0x0000000107a00000, 0x0000000107a00000| Untracked 
| 123|0x0000000107b00000, 0x0000000107b00000, 0x0000000107c00000|  0%| F|  |TAMS 0x0000000107b00000, 0x0000000107b00000| Untracked 
| 124|0x0000000107c00000, 0x0000000107c00000, 0x0000000107d00000|  0%| F|  |TAMS 0x0000000107c00000, 0x0000000107c00000| Untracked 
| 125|0x0000000107d00000, 0x0000000107d00000, 0x0000000107e00000|  0%| F|  |TAMS 0x0000000107d00000, 0x0000000107d00000| Untracked 
| 126|0x0000000107e00000, 0x0000000107e00000, 0x0000000107f00000|  0%| F|  |TAMS 0x0000000107e00000, 0x0000000107e00000| Untracked 
| 127|0x0000000107f00000, 0x0000000107f00000, 0x0000000108000000|  0%| F|  |TAMS 0x0000000107f00000, 0x0000000107f00000| Untracked 
| 128|0x0000000108000000, 0x0000000108000000, 0x0000000108100000|  0%| F|  |TAMS 0x0000000108000000, 0x0000000108000000| Untracked 
| 129|0x0000000108100000, 0x0000000108100000, 0x0000000108200000|  0%| F|  |TAMS 0x0000000108100000, 0x0000000108100000| Untracked 
| 130|0x0000000108200000, 0x0000000108200000, 0x0000000108300000|  0%| F|  |TAMS 0x0000000108200000, 0x0000000108200000| Untracked 
| 131|0x0000000108300000, 0x0000000108300000, 0x0000000108400000|  0%| F|  |TAMS 0x0000000108300000, 0x0000000108300000| Untracked 
| 132|0x0000000108400000, 0x0000000108400000, 0x0000000108500000|  0%| F|  |TAMS 0x0000000108400000, 0x0000000108400000| Untracked 
| 133|0x0000000108500000, 0x0000000108500000, 0x0000000108600000|  0%| F|  |TAMS 0x0000000108500000, 0x0000000108500000| Untracked 
| 134|0x0000000108600000, 0x0000000108600000, 0x0000000108700000|  0%| F|  |TAMS 0x0000000108600000, 0x0000000108600000| Untracked 
| 135|0x0000000108700000, 0x0000000108700000, 0x0000000108800000|  0%| F|  |TAMS 0x0000000108700000, 0x0000000108700000| Untracked 
| 136|0x0000000108800000, 0x0000000108800000, 0x0000000108900000|  0%| F|  |TAMS 0x0000000108800000, 0x0000000108800000| Untracked 
| 137|0x0000000108900000, 0x0000000108900000, 0x0000000108a00000|  0%| F|  |TAMS 0x0000000108900000, 0x0000000108900000| Untracked 
| 138|0x0000000108a00000, 0x0000000108a00000, 0x0000000108b00000|  0%| F|  |TAMS 0x0000000108a00000, 0x0000000108a00000| Untracked 
| 139|0x0000000108b00000, 0x0000000108b00000, 0x0000000108c00000|  0%| F|  |TAMS 0x0000000108b00000, 0x0000000108b00000| Untracked 
| 140|0x0000000108c00000, 0x0000000108c00000, 0x0000000108d00000|  0%| F|  |TAMS 0x0000000108c00000, 0x0000000108c00000| Untracked 
| 141|0x0000000108d00000, 0x0000000108d00000, 0x0000000108e00000|  0%| F|  |TAMS 0x0000000108d00000, 0x0000000108d00000| Untracked 
| 142|0x0000000108e00000, 0x0000000108e00000, 0x0000000108f00000|  0%| F|  |TAMS 0x0000000108e00000, 0x0000000108e00000| Untracked 
| 143|0x0000000108f00000, 0x0000000108f00000, 0x0000000109000000|  0%| F|  |TAMS 0x0000000108f00000, 0x0000000108f00000| Untracked 
| 144|0x0000000109000000, 0x0000000109000000, 0x0000000109100000|  0%| F|  |TAMS 0x0000000109000000, 0x0000000109000000| Untracked 
| 145|0x0000000109100000, 0x0000000109100000, 0x0000000109200000|  0%| F|  |TAMS 0x0000000109100000, 0x0000000109100000| Untracked 
| 146|0x0000000109200000, 0x0000000109200000, 0x0000000109300000|  0%| F|  |TAMS 0x0000000109200000, 0x0000000109200000| Untracked 
| 147|0x0000000109300000, 0x0000000109300000, 0x0000000109400000|  0%| F|  |TAMS 0x0000000109300000, 0x0000000109300000| Untracked 
| 148|0x0000000109400000, 0x0000000109400000, 0x0000000109500000|  0%| F|  |TAMS 0x0000000109400000, 0x0000000109400000| Untracked 
| 149|0x0000000109500000, 0x0000000109500000, 0x0000000109600000|  0%| F|  |TAMS 0x0000000109500000, 0x0000000109500000| Untracked 
| 150|0x0000000109600000, 0x0000000109600000, 0x0000000109700000|  0%| F|  |TAMS 0x0000000109600000, 0x0000000109600000| Untracked 
| 151|0x0000000109700000, 0x0000000109700000, 0x0000000109800000|  0%| F|  |TAMS 0x0000000109700000, 0x0000000109700000| Untracked 
| 152|0x0000000109800000, 0x0000000109800000, 0x0000000109900000|  0%| F|  |TAMS 0x0000000109800000, 0x0000000109800000| Untracked 
| 153|0x0000000109900000, 0x0000000109900000, 0x0000000109a00000|  0%| F|  |TAMS 0x0000000109900000, 0x0000000109900000| Untracked 
| 154|0x0000000109a00000, 0x0000000109a00000, 0x0000000109b00000|  0%| F|  |TAMS 0x0000000109a00000, 0x0000000109a00000| Untracked 
| 155|0x0000000109b00000, 0x0000000109b00000, 0x0000000109c00000|  0%| F|  |TAMS 0x0000000109b00000, 0x0000000109b00000| Untracked 
| 156|0x0000000109c00000, 0x0000000109c00000, 0x0000000109d00000|  0%| F|  |TAMS 0x0000000109c00000, 0x0000000109c00000| Untracked 
| 157|0x0000000109d00000, 0x0000000109d00000, 0x0000000109e00000|  0%| F|  |TAMS 0x0000000109d00000, 0x0000000109d00000| Untracked 
| 158|0x0000000109e00000, 0x0000000109e00000, 0x0000000109f00000|  0%| F|  |TAMS 0x0000000109e00000, 0x0000000109e00000| Untracked 
| 159|0x0000000109f00000, 0x0000000109f00000, 0x000000010a000000|  0%| F|  |TAMS 0x0000000109f00000, 0x0000000109f00000| Untracked 
| 160|0x000000010a000000, 0x000000010a000000, 0x000000010a100000|  0%| F|  |TAMS 0x000000010a000000, 0x000000010a000000| Untracked 
| 161|0x000000010a100000, 0x000000010a100000, 0x000000010a200000|  0%| F|  |TAMS 0x000000010a100000, 0x000000010a100000| Untracked 
| 162|0x000000010a200000, 0x000000010a200000, 0x000000010a300000|  0%| F|  |TAMS 0x000000010a200000, 0x000000010a200000| Untracked 
| 163|0x000000010a300000, 0x000000010a300000, 0x000000010a400000|  0%| F|  |TAMS 0x000000010a300000, 0x000000010a300000| Untracked 
| 164|0x000000010a400000, 0x000000010a400000, 0x000000010a500000|  0%| F|  |TAMS 0x000000010a400000, 0x000000010a400000| Untracked 
| 165|0x000000010a500000, 0x000000010a500000, 0x000000010a600000|  0%| F|  |TAMS 0x000000010a500000, 0x000000010a500000| Untracked 
| 166|0x000000010a600000, 0x000000010a600000, 0x000000010a700000|  0%| F|  |TAMS 0x000000010a600000, 0x000000010a600000| Untracked 
| 167|0x000000010a700000, 0x000000010a700000, 0x000000010a800000|  0%| F|  |TAMS 0x000000010a700000, 0x000000010a700000| Untracked 
| 168|0x000000010a800000, 0x000000010a800000, 0x000000010a900000|  0%| F|  |TAMS 0x000000010a800000, 0x000000010a800000| Untracked 
| 169|0x000000010a900000, 0x000000010a900000, 0x000000010aa00000|  0%| F|  |TAMS 0x000000010a900000, 0x000000010a900000| Untracked 
| 170|0x000000010aa00000, 0x000000010aa00000, 0x000000010ab00000|  0%| F|  |TAMS 0x000000010aa00000, 0x000000010aa00000| Untracked 
| 171|0x000000010ab00000, 0x000000010ab00000, 0x000000010ac00000|  0%| F|  |TAMS 0x000000010ab00000, 0x000000010ab00000| Untracked 
| 172|0x000000010ac00000, 0x000000010ac00000, 0x000000010ad00000|  0%| F|  |TAMS 0x000000010ac00000, 0x000000010ac00000| Untracked 
| 173|0x000000010ad00000, 0x000000010ad00000, 0x000000010ae00000|  0%| F|  |TAMS 0x000000010ad00000, 0x000000010ad00000| Untracked 
| 174|0x000000010ae00000, 0x000000010ae00000, 0x000000010af00000|  0%| F|  |TAMS 0x000000010ae00000, 0x000000010ae00000| Untracked 
| 175|0x000000010af00000, 0x000000010af00000, 0x000000010b000000|  0%| F|  |TAMS 0x000000010af00000, 0x000000010af00000| Untracked 
| 176|0x000000010b000000, 0x000000010b000000, 0x000000010b100000|  0%| F|  |TAMS 0x000000010b000000, 0x000000010b000000| Untracked 
| 177|0x000000010b100000, 0x000000010b100000, 0x000000010b200000|  0%| F|  |TAMS 0x000000010b100000, 0x000000010b100000| Untracked 
| 178|0x000000010b200000, 0x000000010b200000, 0x000000010b300000|  0%| F|  |TAMS 0x000000010b200000, 0x000000010b200000| Untracked 
| 179|0x000000010b300000, 0x000000010b300000, 0x000000010b400000|  0%| F|  |TAMS 0x000000010b300000, 0x000000010b300000| Untracked 
| 180|0x000000010b400000, 0x000000010b400000, 0x000000010b500000|  0%| F|  |TAMS 0x000000010b400000, 0x000000010b400000| Untracked 
| 181|0x000000010b500000, 0x000000010b500000, 0x000000010b600000|  0%| F|  |TAMS 0x000000010b500000, 0x000000010b500000| Untracked 
| 182|0x000000010b600000, 0x000000010b600000, 0x000000010b700000|  0%| F|  |TAMS 0x000000010b600000, 0x000000010b600000| Untracked 
| 183|0x000000010b700000, 0x000000010b700000, 0x000000010b800000|  0%| F|  |TAMS 0x000000010b700000, 0x000000010b700000| Untracked 
| 184|0x000000010b800000, 0x000000010b800000, 0x000000010b900000|  0%| F|  |TAMS 0x000000010b800000, 0x000000010b800000| Untracked 
| 185|0x000000010b900000, 0x000000010b900000, 0x000000010ba00000|  0%| F|  |TAMS 0x000000010b900000, 0x000000010b900000| Untracked 
| 186|0x000000010ba00000, 0x000000010bb00000, 0x000000010bb00000|100%| S|CS|TAMS 0x000000010ba00000, 0x000000010ba00000| Complete 
| 187|0x000000010bb00000, 0x000000010bc00000, 0x000000010bc00000|100%| S|CS|TAMS 0x000000010bb00000, 0x000000010bb00000| Complete 
| 188|0x000000010bc00000, 0x000000010bc00000, 0x000000010bd00000|  0%| F|  |TAMS 0x000000010bc00000, 0x000000010bc00000| Untracked 
| 189|0x000000010bd00000, 0x000000010bd00000, 0x000000010be00000|  0%| F|  |TAMS 0x000000010bd00000, 0x000000010bd00000| Untracked 
| 190|0x000000010be00000, 0x000000010be00000, 0x000000010bf00000|  0%| F|  |TAMS 0x000000010be00000, 0x000000010be00000| Untracked 
| 191|0x000000010bf00000, 0x000000010bf00000, 0x000000010c000000|  0%| F|  |TAMS 0x000000010bf00000, 0x000000010bf00000| Untracked 
| 192|0x000000010c000000, 0x000000010c000000, 0x000000010c100000|  0%| F|  |TAMS 0x000000010c000000, 0x000000010c000000| Untracked 
| 193|0x000000010c100000, 0x000000010c100000, 0x000000010c200000|  0%| F|  |TAMS 0x000000010c100000, 0x000000010c100000| Untracked 
| 194|0x000000010c200000, 0x000000010c200000, 0x000000010c300000|  0%| F|  |TAMS 0x000000010c200000, 0x000000010c200000| Untracked 
| 195|0x000000010c300000, 0x000000010c300000, 0x000000010c400000|  0%| F|  |TAMS 0x000000010c300000, 0x000000010c300000| Untracked 
| 196|0x000000010c400000, 0x000000010c400000, 0x000000010c500000|  0%| F|  |TAMS 0x000000010c400000, 0x000000010c400000| Untracked 
| 197|0x000000010c500000, 0x000000010c500000, 0x000000010c600000|  0%| F|  |TAMS 0x000000010c500000, 0x000000010c500000| Untracked 
| 198|0x000000010c600000, 0x000000010c600000, 0x000000010c700000|  0%| F|  |TAMS 0x000000010c600000, 0x000000010c600000| Untracked 
| 199|0x000000010c700000, 0x000000010c700000, 0x000000010c800000|  0%| F|  |TAMS 0x000000010c700000, 0x000000010c700000| Untracked 
| 200|0x000000010c800000, 0x000000010c800000, 0x000000010c900000|  0%| F|  |TAMS 0x000000010c800000, 0x000000010c800000| Untracked 
| 201|0x000000010c900000, 0x000000010c900000, 0x000000010ca00000|  0%| F|  |TAMS 0x000000010c900000, 0x000000010c900000| Untracked 
| 202|0x000000010ca00000, 0x000000010ca00000, 0x000000010cb00000|  0%| F|  |TAMS 0x000000010ca00000, 0x000000010ca00000| Untracked 
| 203|0x000000010cb00000, 0x000000010cb00000, 0x000000010cc00000|  0%| F|  |TAMS 0x000000010cb00000, 0x000000010cb00000| Untracked 
| 204|0x000000010cc00000, 0x000000010cc00000, 0x000000010cd00000|  0%| F|  |TAMS 0x000000010cc00000, 0x000000010cc00000| Untracked 
| 205|0x000000010cd00000, 0x000000010cd00000, 0x000000010ce00000|  0%| F|  |TAMS 0x000000010cd00000, 0x000000010cd00000| Untracked 
| 206|0x000000010ce00000, 0x000000010ce00000, 0x000000010cf00000|  0%| F|  |TAMS 0x000000010ce00000, 0x000000010ce00000| Untracked 
| 207|0x000000010cf00000, 0x000000010cf00000, 0x000000010d000000|  0%| F|  |TAMS 0x000000010cf00000, 0x000000010cf00000| Untracked 
| 208|0x000000010d000000, 0x000000010d000000, 0x000000010d100000|  0%| F|  |TAMS 0x000000010d000000, 0x000000010d000000| Untracked 
| 209|0x000000010d100000, 0x000000010d100000, 0x000000010d200000|  0%| F|  |TAMS 0x000000010d100000, 0x000000010d100000| Untracked 
| 210|0x000000010d200000, 0x000000010d200000, 0x000000010d300000|  0%| F|  |TAMS 0x000000010d200000, 0x000000010d200000| Untracked 
| 211|0x000000010d300000, 0x000000010d300000, 0x000000010d400000|  0%| F|  |TAMS 0x000000010d300000, 0x000000010d300000| Untracked 
| 212|0x000000010d400000, 0x000000010d400000, 0x000000010d500000|  0%| F|  |TAMS 0x000000010d400000, 0x000000010d400000| Untracked 
| 213|0x000000010d500000, 0x000000010d500000, 0x000000010d600000|  0%| F|  |TAMS 0x000000010d500000, 0x000000010d500000| Untracked 
| 214|0x000000010d600000, 0x000000010d600000, 0x000000010d700000|  0%| F|  |TAMS 0x000000010d600000, 0x000000010d600000| Untracked 
| 215|0x000000010d700000, 0x000000010d700000, 0x000000010d800000|  0%| F|  |TAMS 0x000000010d700000, 0x000000010d700000| Untracked 
| 216|0x000000010d800000, 0x000000010d800000, 0x000000010d900000|  0%| F|  |TAMS 0x000000010d800000, 0x000000010d800000| Untracked 
| 217|0x000000010d900000, 0x000000010d900000, 0x000000010da00000|  0%| F|  |TAMS 0x000000010d900000, 0x000000010d900000| Untracked 
| 218|0x000000010da00000, 0x000000010da00000, 0x000000010db00000|  0%| F|  |TAMS 0x000000010da00000, 0x000000010da00000| Untracked 
| 219|0x000000010db00000, 0x000000010db00000, 0x000000010dc00000|  0%| F|  |TAMS 0x000000010db00000, 0x000000010db00000| Untracked 
| 220|0x000000010dc00000, 0x000000010dc00000, 0x000000010dd00000|  0%| F|  |TAMS 0x000000010dc00000, 0x000000010dc00000| Untracked 
| 221|0x000000010dd00000, 0x000000010dd00000, 0x000000010de00000|  0%| F|  |TAMS 0x000000010dd00000, 0x000000010dd00000| Untracked 
| 222|0x000000010de00000, 0x000000010de00000, 0x000000010df00000|  0%| F|  |TAMS 0x000000010de00000, 0x000000010de00000| Untracked 
| 223|0x000000010df00000, 0x000000010df00000, 0x000000010e000000|  0%| F|  |TAMS 0x000000010df00000, 0x000000010df00000| Untracked 
| 224|0x000000010e000000, 0x000000010e000000, 0x000000010e100000|  0%| F|  |TAMS 0x000000010e000000, 0x000000010e000000| Untracked 
| 225|0x000000010e100000, 0x000000010e100000, 0x000000010e200000|  0%| F|  |TAMS 0x000000010e100000, 0x000000010e100000| Untracked 
| 226|0x000000010e200000, 0x000000010e200000, 0x000000010e300000|  0%| F|  |TAMS 0x000000010e200000, 0x000000010e200000| Untracked 
| 227|0x000000010e300000, 0x000000010e300000, 0x000000010e400000|  0%| F|  |TAMS 0x000000010e300000, 0x000000010e300000| Untracked 
| 228|0x000000010e400000, 0x000000010e400000, 0x000000010e500000|  0%| F|  |TAMS 0x000000010e400000, 0x000000010e400000| Untracked 
| 229|0x000000010e500000, 0x000000010e500000, 0x000000010e600000|  0%| F|  |TAMS 0x000000010e500000, 0x000000010e500000| Untracked 
| 230|0x000000010e600000, 0x000000010e600000, 0x000000010e700000|  0%| F|  |TAMS 0x000000010e600000, 0x000000010e600000| Untracked 
| 231|0x000000010e700000, 0x000000010e700000, 0x000000010e800000|  0%| F|  |TAMS 0x000000010e700000, 0x000000010e700000| Untracked 
| 232|0x000000010e800000, 0x000000010e800000, 0x000000010e900000|  0%| F|  |TAMS 0x000000010e800000, 0x000000010e800000| Untracked 
| 233|0x000000010e900000, 0x000000010e900000, 0x000000010ea00000|  0%| F|  |TAMS 0x000000010e900000, 0x000000010e900000| Untracked 
| 234|0x000000010ea00000, 0x000000010ea00000, 0x000000010eb00000|  0%| F|  |TAMS 0x000000010ea00000, 0x000000010ea00000| Untracked 
| 235|0x000000010eb00000, 0x000000010eb00000, 0x000000010ec00000|  0%| F|  |TAMS 0x000000010eb00000, 0x000000010eb00000| Untracked 
| 236|0x000000010ec00000, 0x000000010ec00000, 0x000000010ed00000|  0%| F|  |TAMS 0x000000010ec00000, 0x000000010ec00000| Untracked 
| 237|0x000000010ed00000, 0x000000010ed00000, 0x000000010ee00000|  0%| F|  |TAMS 0x000000010ed00000, 0x000000010ed00000| Untracked 
| 238|0x000000010ee00000, 0x000000010ee00000, 0x000000010ef00000|  0%| F|  |TAMS 0x000000010ee00000, 0x000000010ee00000| Untracked 
| 239|0x000000010ef00000, 0x000000010ef00000, 0x000000010f000000|  0%| F|  |TAMS 0x000000010ef00000, 0x000000010ef00000| Untracked 
| 240|0x000000010f000000, 0x000000010f000000, 0x000000010f100000|  0%| F|  |TAMS 0x000000010f000000, 0x000000010f000000| Untracked 
| 241|0x000000010f100000, 0x000000010f100000, 0x000000010f200000|  0%| F|  |TAMS 0x000000010f100000, 0x000000010f100000| Untracked 
| 242|0x000000010f200000, 0x000000010f200000, 0x000000010f300000|  0%| F|  |TAMS 0x000000010f200000, 0x000000010f200000| Untracked 
| 243|0x000000010f300000, 0x000000010f300000, 0x000000010f400000|  0%| F|  |TAMS 0x000000010f300000, 0x000000010f300000| Untracked 
| 244|0x000000010f400000, 0x000000010f400000, 0x000000010f500000|  0%| F|  |TAMS 0x000000010f400000, 0x000000010f400000| Untracked 
| 245|0x000000010f500000, 0x000000010f500000, 0x000000010f600000|  0%| F|  |TAMS 0x000000010f500000, 0x000000010f500000| Untracked 
| 246|0x000000010f600000, 0x000000010f600000, 0x000000010f700000|  0%| F|  |TAMS 0x000000010f600000, 0x000000010f600000| Untracked 
| 247|0x000000010f700000, 0x000000010f700000, 0x000000010f800000|  0%| F|  |TAMS 0x000000010f700000, 0x000000010f700000| Untracked 
| 248|0x000000010f800000, 0x000000010f800000, 0x000000010f900000|  0%| F|  |TAMS 0x000000010f800000, 0x000000010f800000| Untracked 
| 249|0x000000010f900000, 0x000000010f900000, 0x000000010fa00000|  0%| F|  |TAMS 0x000000010f900000, 0x000000010f900000| Untracked 
| 250|0x000000010fa00000, 0x000000010fa00000, 0x000000010fb00000|  0%| F|  |TAMS 0x000000010fa00000, 0x000000010fa00000| Untracked 
| 251|0x000000010fb00000, 0x000000010fb00000, 0x000000010fc00000|  0%| F|  |TAMS 0x000000010fb00000, 0x000000010fb00000| Untracked 
| 252|0x000000010fc00000, 0x000000010fc00000, 0x000000010fd00000|  0%| F|  |TAMS 0x000000010fc00000, 0x000000010fc00000| Untracked 
| 253|0x000000010fd00000, 0x000000010fd00000, 0x000000010fe00000|  0%| F|  |TAMS 0x000000010fd00000, 0x000000010fd00000| Untracked 
| 254|0x000000010fe00000, 0x000000010fe00000, 0x000000010ff00000|  0%| F|  |TAMS 0x000000010fe00000, 0x000000010fe00000| Untracked 
| 255|0x000000010ff00000, 0x000000010ff00000, 0x0000000110000000|  0%| F|  |TAMS 0x000000010ff00000, 0x000000010ff00000| Untracked 
| 256|0x0000000110000000, 0x0000000110000000, 0x0000000110100000|  0%| F|  |TAMS 0x0000000110000000, 0x0000000110000000| Untracked 
| 257|0x0000000110100000, 0x0000000110100000, 0x0000000110200000|  0%| F|  |TAMS 0x0000000110100000, 0x0000000110100000| Untracked 
| 258|0x0000000110200000, 0x0000000110200000, 0x0000000110300000|  0%| F|  |TAMS 0x0000000110200000, 0x0000000110200000| Untracked 
| 259|0x0000000110300000, 0x0000000110300000, 0x0000000110400000|  0%| F|  |TAMS 0x0000000110300000, 0x0000000110300000| Untracked 
| 260|0x0000000110400000, 0x0000000110400000, 0x0000000110500000|  0%| F|  |TAMS 0x0000000110400000, 0x0000000110400000| Untracked 
| 261|0x0000000110500000, 0x0000000110500000, 0x0000000110600000|  0%| F|  |TAMS 0x0000000110500000, 0x0000000110500000| Untracked 
| 262|0x0000000110600000, 0x0000000110600000, 0x0000000110700000|  0%| F|  |TAMS 0x0000000110600000, 0x0000000110600000| Untracked 
| 263|0x0000000110700000, 0x0000000110700000, 0x0000000110800000|  0%| F|  |TAMS 0x0000000110700000, 0x0000000110700000| Untracked 
| 264|0x0000000110800000, 0x0000000110800000, 0x0000000110900000|  0%| F|  |TAMS 0x0000000110800000, 0x0000000110800000| Untracked 
| 265|0x0000000110900000, 0x0000000110900000, 0x0000000110a00000|  0%| F|  |TAMS 0x0000000110900000, 0x0000000110900000| Untracked 
| 266|0x0000000110a00000, 0x0000000110a00000, 0x0000000110b00000|  0%| F|  |TAMS 0x0000000110a00000, 0x0000000110a00000| Untracked 
| 267|0x0000000110b00000, 0x0000000110b00000, 0x0000000110c00000|  0%| F|  |TAMS 0x0000000110b00000, 0x0000000110b00000| Untracked 
| 268|0x0000000110c00000, 0x0000000110c00000, 0x0000000110d00000|  0%| F|  |TAMS 0x0000000110c00000, 0x0000000110c00000| Untracked 
| 269|0x0000000110d00000, 0x0000000110d00000, 0x0000000110e00000|  0%| F|  |TAMS 0x0000000110d00000, 0x0000000110d00000| Untracked 
| 270|0x0000000110e00000, 0x0000000110e00000, 0x0000000110f00000|  0%| F|  |TAMS 0x0000000110e00000, 0x0000000110e00000| Untracked 
| 271|0x0000000110f00000, 0x0000000110f00000, 0x0000000111000000|  0%| F|  |TAMS 0x0000000110f00000, 0x0000000110f00000| Untracked 
| 272|0x0000000111000000, 0x0000000111000000, 0x0000000111100000|  0%| F|  |TAMS 0x0000000111000000, 0x0000000111000000| Untracked 
| 273|0x0000000111100000, 0x0000000111100000, 0x0000000111200000|  0%| F|  |TAMS 0x0000000111100000, 0x0000000111100000| Untracked 
| 274|0x0000000111200000, 0x0000000111200000, 0x0000000111300000|  0%| F|  |TAMS 0x0000000111200000, 0x0000000111200000| Untracked 
| 275|0x0000000111300000, 0x0000000111300000, 0x0000000111400000|  0%| F|  |TAMS 0x0000000111300000, 0x0000000111300000| Untracked 
| 276|0x0000000111400000, 0x0000000111400000, 0x0000000111500000|  0%| F|  |TAMS 0x0000000111400000, 0x0000000111400000| Untracked 
| 277|0x0000000111500000, 0x0000000111500000, 0x0000000111600000|  0%| F|  |TAMS 0x0000000111500000, 0x0000000111500000| Untracked 
| 278|0x0000000111600000, 0x0000000111600000, 0x0000000111700000|  0%| F|  |TAMS 0x0000000111600000, 0x0000000111600000| Untracked 
| 279|0x0000000111700000, 0x0000000111700000, 0x0000000111800000|  0%| F|  |TAMS 0x0000000111700000, 0x0000000111700000| Untracked 
| 280|0x0000000111800000, 0x0000000111800000, 0x0000000111900000|  0%| F|  |TAMS 0x0000000111800000, 0x0000000111800000| Untracked 
| 281|0x0000000111900000, 0x0000000111900000, 0x0000000111a00000|  0%| F|  |TAMS 0x0000000111900000, 0x0000000111900000| Untracked 
| 282|0x0000000111a00000, 0x0000000111a00000, 0x0000000111b00000|  0%| F|  |TAMS 0x0000000111a00000, 0x0000000111a00000| Untracked 
| 283|0x0000000111b00000, 0x0000000111b00000, 0x0000000111c00000|  0%| F|  |TAMS 0x0000000111b00000, 0x0000000111b00000| Untracked 
| 284|0x0000000111c00000, 0x0000000111c00000, 0x0000000111d00000|  0%| F|  |TAMS 0x0000000111c00000, 0x0000000111c00000| Untracked 
| 285|0x0000000111d00000, 0x0000000111d00000, 0x0000000111e00000|  0%| F|  |TAMS 0x0000000111d00000, 0x0000000111d00000| Untracked 
| 286|0x0000000111e00000, 0x0000000111e00000, 0x0000000111f00000|  0%| F|  |TAMS 0x0000000111e00000, 0x0000000111e00000| Untracked 
| 287|0x0000000111f00000, 0x0000000111f00000, 0x0000000112000000|  0%| F|  |TAMS 0x0000000111f00000, 0x0000000111f00000| Untracked 
| 288|0x0000000112000000, 0x0000000112000000, 0x0000000112100000|  0%| F|  |TAMS 0x0000000112000000, 0x0000000112000000| Untracked 
| 289|0x0000000112100000, 0x0000000112100000, 0x0000000112200000|  0%| F|  |TAMS 0x0000000112100000, 0x0000000112100000| Untracked 
| 290|0x0000000112200000, 0x0000000112200000, 0x0000000112300000|  0%| F|  |TAMS 0x0000000112200000, 0x0000000112200000| Untracked 
| 291|0x0000000112300000, 0x0000000112300000, 0x0000000112400000|  0%| F|  |TAMS 0x0000000112300000, 0x0000000112300000| Untracked 
| 292|0x0000000112400000, 0x0000000112400000, 0x0000000112500000|  0%| F|  |TAMS 0x0000000112400000, 0x0000000112400000| Untracked 
| 293|0x0000000112500000, 0x0000000112500000, 0x0000000112600000|  0%| F|  |TAMS 0x0000000112500000, 0x0000000112500000| Untracked 
| 294|0x0000000112600000, 0x0000000112600000, 0x0000000112700000|  0%| F|  |TAMS 0x0000000112600000, 0x0000000112600000| Untracked 
| 295|0x0000000112700000, 0x0000000112700000, 0x0000000112800000|  0%| F|  |TAMS 0x0000000112700000, 0x0000000112700000| Untracked 
| 296|0x0000000112800000, 0x0000000112800000, 0x0000000112900000|  0%| F|  |TAMS 0x0000000112800000, 0x0000000112800000| Untracked 
| 297|0x0000000112900000, 0x0000000112900000, 0x0000000112a00000|  0%| F|  |TAMS 0x0000000112900000, 0x0000000112900000| Untracked 
| 298|0x0000000112a00000, 0x0000000112a00000, 0x0000000112b00000|  0%| F|  |TAMS 0x0000000112a00000, 0x0000000112a00000| Untracked 
| 299|0x0000000112b00000, 0x0000000112b00000, 0x0000000112c00000|  0%| F|  |TAMS 0x0000000112b00000, 0x0000000112b00000| Untracked 
| 300|0x0000000112c00000, 0x0000000112c00000, 0x0000000112d00000|  0%| F|  |TAMS 0x0000000112c00000, 0x0000000112c00000| Untracked 
| 301|0x0000000112d00000, 0x0000000112d00000, 0x0000000112e00000|  0%| F|  |TAMS 0x0000000112d00000, 0x0000000112d00000| Untracked 
| 302|0x0000000112e00000, 0x0000000112e00000, 0x0000000112f00000|  0%| F|  |TAMS 0x0000000112e00000, 0x0000000112e00000| Untracked 
| 303|0x0000000112f00000, 0x0000000112f00000, 0x0000000113000000|  0%| F|  |TAMS 0x0000000112f00000, 0x0000000112f00000| Untracked 
| 304|0x0000000113000000, 0x0000000113000000, 0x0000000113100000|  0%| F|  |TAMS 0x0000000113000000, 0x0000000113000000| Untracked 
| 305|0x0000000113100000, 0x0000000113100000, 0x0000000113200000|  0%| F|  |TAMS 0x0000000113100000, 0x0000000113100000| Untracked 
| 306|0x0000000113200000, 0x0000000113200000, 0x0000000113300000|  0%| F|  |TAMS 0x0000000113200000, 0x0000000113200000| Untracked 
| 307|0x0000000113300000, 0x0000000113300000, 0x0000000113400000|  0%| F|  |TAMS 0x0000000113300000, 0x0000000113300000| Untracked 
| 308|0x0000000113400000, 0x0000000113400000, 0x0000000113500000|  0%| F|  |TAMS 0x0000000113400000, 0x0000000113400000| Untracked 
| 309|0x0000000113500000, 0x0000000113500000, 0x0000000113600000|  0%| F|  |TAMS 0x0000000113500000, 0x0000000113500000| Untracked 
| 310|0x0000000113600000, 0x0000000113600000, 0x0000000113700000|  0%| F|  |TAMS 0x0000000113600000, 0x0000000113600000| Untracked 
| 311|0x0000000113700000, 0x0000000113700000, 0x0000000113800000|  0%| F|  |TAMS 0x0000000113700000, 0x0000000113700000| Untracked 
| 312|0x0000000113800000, 0x0000000113800000, 0x0000000113900000|  0%| F|  |TAMS 0x0000000113800000, 0x0000000113800000| Untracked 
| 313|0x0000000113900000, 0x0000000113900000, 0x0000000113a00000|  0%| F|  |TAMS 0x0000000113900000, 0x0000000113900000| Untracked 
| 314|0x0000000113a00000, 0x0000000113a00000, 0x0000000113b00000|  0%| F|  |TAMS 0x0000000113a00000, 0x0000000113a00000| Untracked 
| 315|0x0000000113b00000, 0x0000000113b00000, 0x0000000113c00000|  0%| F|  |TAMS 0x0000000113b00000, 0x0000000113b00000| Untracked 
| 316|0x0000000113c00000, 0x0000000113c00000, 0x0000000113d00000|  0%| F|  |TAMS 0x0000000113c00000, 0x0000000113c00000| Untracked 
| 317|0x0000000113d00000, 0x0000000113d00000, 0x0000000113e00000|  0%| F|  |TAMS 0x0000000113d00000, 0x0000000113d00000| Untracked 
| 318|0x0000000113e00000, 0x0000000113e00000, 0x0000000113f00000|  0%| F|  |TAMS 0x0000000113e00000, 0x0000000113e00000| Untracked 
| 319|0x0000000113f00000, 0x0000000113f00000, 0x0000000114000000|  0%| F|  |TAMS 0x0000000113f00000, 0x0000000113f00000| Untracked 
| 320|0x0000000114000000, 0x0000000114000000, 0x0000000114100000|  0%| F|  |TAMS 0x0000000114000000, 0x0000000114000000| Untracked 
| 321|0x0000000114100000, 0x0000000114100000, 0x0000000114200000|  0%| F|  |TAMS 0x0000000114100000, 0x0000000114100000| Untracked 
| 322|0x0000000114200000, 0x0000000114200000, 0x0000000114300000|  0%| F|  |TAMS 0x0000000114200000, 0x0000000114200000| Untracked 
| 323|0x0000000114300000, 0x0000000114300000, 0x0000000114400000|  0%| F|  |TAMS 0x0000000114300000, 0x0000000114300000| Untracked 
| 324|0x0000000114400000, 0x0000000114400000, 0x0000000114500000|  0%| F|  |TAMS 0x0000000114400000, 0x0000000114400000| Untracked 
| 325|0x0000000114500000, 0x0000000114500000, 0x0000000114600000|  0%| F|  |TAMS 0x0000000114500000, 0x0000000114500000| Untracked 
| 326|0x0000000114600000, 0x0000000114600000, 0x0000000114700000|  0%| F|  |TAMS 0x0000000114600000, 0x0000000114600000| Untracked 
| 327|0x0000000114700000, 0x0000000114700000, 0x0000000114800000|  0%| F|  |TAMS 0x0000000114700000, 0x0000000114700000| Untracked 
| 328|0x0000000114800000, 0x0000000114800000, 0x0000000114900000|  0%| F|  |TAMS 0x0000000114800000, 0x0000000114800000| Untracked 
| 329|0x0000000114900000, 0x0000000114900000, 0x0000000114a00000|  0%| F|  |TAMS 0x0000000114900000, 0x0000000114900000| Untracked 
| 330|0x0000000114a00000, 0x0000000114a00000, 0x0000000114b00000|  0%| F|  |TAMS 0x0000000114a00000, 0x0000000114a00000| Untracked 
| 331|0x0000000114b00000, 0x0000000114b00000, 0x0000000114c00000|  0%| F|  |TAMS 0x0000000114b00000, 0x0000000114b00000| Untracked 
| 332|0x0000000114c00000, 0x0000000114c00000, 0x0000000114d00000|  0%| F|  |TAMS 0x0000000114c00000, 0x0000000114c00000| Untracked 
| 333|0x0000000114d00000, 0x0000000114d00000, 0x0000000114e00000|  0%| F|  |TAMS 0x0000000114d00000, 0x0000000114d00000| Untracked 
| 334|0x0000000114e00000, 0x0000000114e00000, 0x0000000114f00000|  0%| F|  |TAMS 0x0000000114e00000, 0x0000000114e00000| Untracked 
| 335|0x0000000114f00000, 0x0000000114f00000, 0x0000000115000000|  0%| F|  |TAMS 0x0000000114f00000, 0x0000000114f00000| Untracked 
| 336|0x0000000115000000, 0x0000000115000000, 0x0000000115100000|  0%| F|  |TAMS 0x0000000115000000, 0x0000000115000000| Untracked 
| 337|0x0000000115100000, 0x0000000115100000, 0x0000000115200000|  0%| F|  |TAMS 0x0000000115100000, 0x0000000115100000| Untracked 
| 338|0x0000000115200000, 0x0000000115200000, 0x0000000115300000|  0%| F|  |TAMS 0x0000000115200000, 0x0000000115200000| Untracked 
| 339|0x0000000115300000, 0x0000000115300000, 0x0000000115400000|  0%| F|  |TAMS 0x0000000115300000, 0x0000000115300000| Untracked 
| 340|0x0000000115400000, 0x0000000115400000, 0x0000000115500000|  0%| F|  |TAMS 0x0000000115400000, 0x0000000115400000| Untracked 
| 341|0x0000000115500000, 0x0000000115500000, 0x0000000115600000|  0%| F|  |TAMS 0x0000000115500000, 0x0000000115500000| Untracked 
| 342|0x0000000115600000, 0x0000000115600000, 0x0000000115700000|  0%| F|  |TAMS 0x0000000115600000, 0x0000000115600000| Untracked 
| 343|0x0000000115700000, 0x0000000115700000, 0x0000000115800000|  0%| F|  |TAMS 0x0000000115700000, 0x0000000115700000| Untracked 
| 344|0x0000000115800000, 0x0000000115800000, 0x0000000115900000|  0%| F|  |TAMS 0x0000000115800000, 0x0000000115800000| Untracked 
| 345|0x0000000115900000, 0x0000000115900000, 0x0000000115a00000|  0%| F|  |TAMS 0x0000000115900000, 0x0000000115900000| Untracked 
| 346|0x0000000115a00000, 0x0000000115a00000, 0x0000000115b00000|  0%| F|  |TAMS 0x0000000115a00000, 0x0000000115a00000| Untracked 
| 347|0x0000000115b00000, 0x0000000115b00000, 0x0000000115c00000|  0%| F|  |TAMS 0x0000000115b00000, 0x0000000115b00000| Untracked 
| 348|0x0000000115c00000, 0x0000000115c00000, 0x0000000115d00000|  0%| F|  |TAMS 0x0000000115c00000, 0x0000000115c00000| Untracked 
| 349|0x0000000115d00000, 0x0000000115d00000, 0x0000000115e00000|  0%| F|  |TAMS 0x0000000115d00000, 0x0000000115d00000| Untracked 
| 350|0x0000000115e00000, 0x0000000115e00000, 0x0000000115f00000|  0%| F|  |TAMS 0x0000000115e00000, 0x0000000115e00000| Untracked 
| 351|0x0000000115f00000, 0x0000000115f00000, 0x0000000116000000|  0%| F|  |TAMS 0x0000000115f00000, 0x0000000115f00000| Untracked 
| 352|0x0000000116000000, 0x0000000116000000, 0x0000000116100000|  0%| F|  |TAMS 0x0000000116000000, 0x0000000116000000| Untracked 
| 353|0x0000000116100000, 0x0000000116100000, 0x0000000116200000|  0%| F|  |TAMS 0x0000000116100000, 0x0000000116100000| Untracked 
| 354|0x0000000116200000, 0x0000000116200000, 0x0000000116300000|  0%| F|  |TAMS 0x0000000116200000, 0x0000000116200000| Untracked 
| 355|0x0000000116300000, 0x0000000116300000, 0x0000000116400000|  0%| F|  |TAMS 0x0000000116300000, 0x0000000116300000| Untracked 
| 356|0x0000000116400000, 0x0000000116400000, 0x0000000116500000|  0%| F|  |TAMS 0x0000000116400000, 0x0000000116400000| Untracked 
| 357|0x0000000116500000, 0x0000000116500000, 0x0000000116600000|  0%| F|  |TAMS 0x0000000116500000, 0x0000000116500000| Untracked 
| 358|0x0000000116600000, 0x0000000116600000, 0x0000000116700000|  0%| F|  |TAMS 0x0000000116600000, 0x0000000116600000| Untracked 
| 359|0x0000000116700000, 0x0000000116700000, 0x0000000116800000|  0%| F|  |TAMS 0x0000000116700000, 0x0000000116700000| Untracked 
| 360|0x0000000116800000, 0x0000000116800000, 0x0000000116900000|  0%| F|  |TAMS 0x0000000116800000, 0x0000000116800000| Untracked 
| 361|0x0000000116900000, 0x0000000116900000, 0x0000000116a00000|  0%| F|  |TAMS 0x0000000116900000, 0x0000000116900000| Untracked 
| 362|0x0000000116a00000, 0x0000000116a00000, 0x0000000116b00000|  0%| F|  |TAMS 0x0000000116a00000, 0x0000000116a00000| Untracked 
| 363|0x0000000116b00000, 0x0000000116b00000, 0x0000000116c00000|  0%| F|  |TAMS 0x0000000116b00000, 0x0000000116b00000| Untracked 
| 364|0x0000000116c00000, 0x0000000116c00000, 0x0000000116d00000|  0%| F|  |TAMS 0x0000000116c00000, 0x0000000116c00000| Untracked 
| 365|0x0000000116d00000, 0x0000000116d00000, 0x0000000116e00000|  0%| F|  |TAMS 0x0000000116d00000, 0x0000000116d00000| Untracked 
| 366|0x0000000116e00000, 0x0000000116e00000, 0x0000000116f00000|  0%| F|  |TAMS 0x0000000116e00000, 0x0000000116e00000| Untracked 
| 367|0x0000000116f00000, 0x0000000116f00000, 0x0000000117000000|  0%| F|  |TAMS 0x0000000116f00000, 0x0000000116f00000| Untracked 
| 368|0x0000000117000000, 0x0000000117000000, 0x0000000117100000|  0%| F|  |TAMS 0x0000000117000000, 0x0000000117000000| Untracked 
| 369|0x0000000117100000, 0x0000000117100000, 0x0000000117200000|  0%| F|  |TAMS 0x0000000117100000, 0x0000000117100000| Untracked 
| 370|0x0000000117200000, 0x0000000117200000, 0x0000000117300000|  0%| F|  |TAMS 0x0000000117200000, 0x0000000117200000| Untracked 
| 371|0x0000000117300000, 0x0000000117300000, 0x0000000117400000|  0%| F|  |TAMS 0x0000000117300000, 0x0000000117300000| Untracked 
| 372|0x0000000117400000, 0x0000000117400000, 0x0000000117500000|  0%| F|  |TAMS 0x0000000117400000, 0x0000000117400000| Untracked 
| 373|0x0000000117500000, 0x0000000117500000, 0x0000000117600000|  0%| F|  |TAMS 0x0000000117500000, 0x0000000117500000| Untracked 
| 374|0x0000000117600000, 0x0000000117600000, 0x0000000117700000|  0%| F|  |TAMS 0x0000000117600000, 0x0000000117600000| Untracked 
| 375|0x0000000117700000, 0x0000000117700000, 0x0000000117800000|  0%| F|  |TAMS 0x0000000117700000, 0x0000000117700000| Untracked 
| 376|0x0000000117800000, 0x0000000117800000, 0x0000000117900000|  0%| F|  |TAMS 0x0000000117800000, 0x0000000117800000| Untracked 
| 377|0x0000000117900000, 0x0000000117900000, 0x0000000117a00000|  0%| F|  |TAMS 0x0000000117900000, 0x0000000117900000| Untracked 
| 378|0x0000000117a00000, 0x0000000117a00000, 0x0000000117b00000|  0%| F|  |TAMS 0x0000000117a00000, 0x0000000117a00000| Untracked 
| 379|0x0000000117b00000, 0x0000000117bfeca0, 0x0000000117c00000| 99%| E|  |TAMS 0x0000000117b00000, 0x0000000117b00000| Complete 
| 380|0x0000000117c00000, 0x0000000117d00000, 0x0000000117d00000|100%| E|CS|TAMS 0x0000000117c00000, 0x0000000117c00000| Complete 
| 381|0x0000000117d00000, 0x0000000117e00000, 0x0000000117e00000|100%| E|CS|TAMS 0x0000000117d00000, 0x0000000117d00000| Complete 
| 382|0x0000000117e00000, 0x0000000117f00000, 0x0000000117f00000|100%| E|CS|TAMS 0x0000000117e00000, 0x0000000117e00000| Complete 
| 383|0x0000000117f00000, 0x0000000118000000, 0x0000000118000000|100%| E|CS|TAMS 0x0000000117f00000, 0x0000000117f00000| Complete 
| 384|0x0000000118000000, 0x0000000118100000, 0x0000000118100000|100%| E|CS|TAMS 0x0000000118000000, 0x0000000118000000| Complete 
| 385|0x0000000118100000, 0x0000000118200000, 0x0000000118200000|100%| E|CS|TAMS 0x0000000118100000, 0x0000000118100000| Complete 
| 386|0x0000000118200000, 0x0000000118300000, 0x0000000118300000|100%| E|CS|TAMS 0x0000000118200000, 0x0000000118200000| Complete 
| 387|0x0000000118300000, 0x0000000118400000, 0x0000000118400000|100%| E|CS|TAMS 0x0000000118300000, 0x0000000118300000| Complete 
| 388|0x0000000118400000, 0x0000000118500000, 0x0000000118500000|100%| E|CS|TAMS 0x0000000118400000, 0x0000000118400000| Complete 
| 389|0x0000000118500000, 0x0000000118600000, 0x0000000118600000|100%| E|CS|TAMS 0x0000000118500000, 0x0000000118500000| Complete 

Card table byte_map: [0x0000012eb3d10000,0x0000012eb3f10000] _byte_map_base: 0x0000012eb3510000

Marking Bits (Prev, Next): (CMBitMap*) 0x0000012e9ad64700, (CMBitMap*) 0x0000012e9ad64740
 Prev Bits: [0x0000012eb4110000, 0x0000012eb5110000)
 Next Bits: [0x0000012eb5110000, 0x0000012eb6110000)

Polling page: 0x0000012e9add0000

Metaspace:

Usage:
  Non-class:     73.14 MB used.
      Class:     12.04 MB used.
       Both:     85.18 MB used.

Virtual space:
  Non-class space:      128.00 MB reserved,      73.88 MB ( 58%) committed,  2 nodes.
      Class space:      208.00 MB reserved,      12.75 MB (  6%) committed,  1 nodes.
             Both:      336.00 MB reserved,      86.62 MB ( 26%) committed. 

Chunk freelists:
   Non-Class:  5.94 MB
       Class:  3.27 MB
        Both:  9.21 MB

MaxMetaspaceSize: 256.00 MB
CompressedClassSpaceSize: 208.00 MB
Initial GC threshold: 21.00 MB
Current GC threshold: 143.88 MB
CDS: on
MetaspaceReclaimPolicy: balanced
 - commit_granule_bytes: 65536.
 - commit_granule_words: 8192.
 - virtual_space_node_default_size: 8388608.
 - enlarge_chunks_in_place: 1.
 - new_chunks_are_fully_committed: 0.
 - uncommit_free_chunks: 1.
 - use_allocation_guard: 0.
 - handle_deallocations: 1.


Internal statistics:

num_allocs_failed_limit: 6.
num_arena_births: 2398.
num_arena_deaths: 0.
num_vsnodes_births: 3.
num_vsnodes_deaths: 0.
num_space_committed: 1386.
num_space_uncommitted: 0.
num_chunks_returned_to_freelist: 6.
num_chunks_taken_from_freelist: 6745.
num_chunk_merges: 6.
num_chunk_splits: 4097.
num_chunks_enlarged: 2202.
num_inconsistent_stats: 0.

CodeHeap 'non-profiled nmethods': size=120064Kb used=7634Kb max_used=7634Kb free=112429Kb
 bounds [0x0000012eabb70000, 0x0000012eac2f0000, 0x0000012eb30b0000]
CodeHeap 'profiled nmethods': size=120000Kb used=27339Kb max_used=27339Kb free=92661Kb
 bounds [0x0000012ea40b0000, 0x0000012ea5b70000, 0x0000012eab5e0000]
CodeHeap 'non-nmethods': size=5696Kb used=1746Kb max_used=1793Kb free=3949Kb
 bounds [0x0000012eab5e0000, 0x0000012eab850000, 0x0000012eabb70000]
 total_blobs=14711 nmethods=13879 adapters=743
 compilation: enabled
              stopped_count=0, restarted_count=0
 full_count=0

Compilation events (20 events):
Event: 197.561 Thread 0x0000012ecb010090 15666       3       java.util.stream.AbstractSpinedBuffer::<init> (10 bytes)
Event: 197.561 Thread 0x0000012ecb010090 nmethod 15666 0x0000012ea5b3fb90 code [0x0000012ea5b3fd40, 0x0000012ea5b3feb8]
Event: 197.562 Thread 0x0000012ecb010090 15667       3       java.util.stream.AbstractPipeline::evaluateToArrayNode (78 bytes)
Event: 197.563 Thread 0x0000012ecb010090 nmethod 15667 0x0000012ea5b3ff90 code [0x0000012ea5b401a0, 0x0000012ea5b40778]
Event: 197.563 Thread 0x0000012ecb010090 15668       3       java.util.stream.Nodes::builder (30 bytes)
Event: 197.564 Thread 0x0000012ecb010090 nmethod 15668 0x0000012ea5b40990 code [0x0000012ea5b40b80, 0x0000012ea5b411a8]
Event: 197.564 Thread 0x0000012ecb010090 15669       3       java.util.stream.Nodes::flatten (70 bytes)
Event: 197.564 Thread 0x0000012ecb010090 nmethod 15669 0x0000012ea5b41390 code [0x0000012ea5b415e0, 0x0000012ea5b41e58]
Event: 197.569 Thread 0x0000012ecb010090 15670       3       sun.reflect.misc.ReflectUtil::checkPackageAccess (77 bytes)
Event: 197.571 Thread 0x0000012ecb010090 nmethod 15670 0x0000012ea5b42110 code [0x0000012ea5b42400, 0x0000012ea5b43228]
Event: 197.571 Thread 0x0000012eb89ab380 nmethod 15663 0x0000012eac2e2210 code [0x0000012eac2e2420, 0x0000012eac2e3160]
Event: 197.575 Thread 0x0000012eb89ab380 15671       4       java.util.StringJoiner::<init> (63 bytes)
Event: 197.579 Thread 0x0000012ecb010090 15673       3       java.util.stream.SpinedBuffer::clear (88 bytes)
Event: 197.580 Thread 0x0000012ecb010090 nmethod 15673 0x0000012ea5b43790 code [0x0000012ea5b43980, 0x0000012ea5b440b8]
Event: 197.580 Thread 0x0000012eb89ab380 nmethod 15671 0x0000012eac2e3810 code [0x0000012eac2e39c0, 0x0000012eac2e3e38]
Event: 197.580 Thread 0x0000012eb89ab380 15672       4       java.util.StringJoiner::toString (53 bytes)
Event: 197.582 Thread 0x0000012eb89ab380 nmethod 15672 0x0000012eac2e4110 code [0x0000012eac2e42a0, 0x0000012eac2e43a8]
Event: 197.684 Thread 0x0000012eb89ab380 15674       4       java.lang.Module::implIsExportedOrOpen (92 bytes)
Event: 197.691 Thread 0x0000012ecb010090 15675       3       java.lang.ClassValue::getFromBackup (21 bytes)
Event: 197.691 Thread 0x0000012ecb010090 nmethod 15675 0x0000012ea5b44290 code [0x0000012ea5b44460, 0x0000012ea5b44738]

GC Heap History (20 events):
Event: 184.965 GC heap before
{Heap before GC invocations=69 (full 0):
 garbage-first heap   total 135168K, used 118245K [0x0000000100000000, 0x0000000140000000)
  region size 1024K, 6 young (6144K), 1 survivors (1024K)
 Metaspace       used 86750K, committed 88256K, reserved 344064K
  class space    used 12256K, committed 12992K, reserved 212992K
}
Event: 184.982 GC heap after
{Heap after GC invocations=70 (full 0):
 garbage-first heap   total 135168K, used 113521K [0x0000000100000000, 0x0000000140000000)
  region size 1024K, 1 young (1024K), 1 survivors (1024K)
 Metaspace       used 86750K, committed 88256K, reserved 344064K
  class space    used 12256K, committed 12992K, reserved 212992K
}
Event: 186.022 GC heap before
{Heap before GC invocations=70 (full 0):
 garbage-first heap   total 135168K, used 118641K [0x0000000100000000, 0x0000000140000000)
  region size 1024K, 6 young (6144K), 1 survivors (1024K)
 Metaspace       used 86795K, committed 88320K, reserved 344064K
  class space    used 12259K, committed 12992K, reserved 212992K
}
Event: 186.049 GC heap after
{Heap after GC invocations=71 (full 0):
 garbage-first heap   total 135168K, used 115760K [0x0000000100000000, 0x0000000140000000)
  region size 1024K, 1 young (1024K), 1 survivors (1024K)
 Metaspace       used 86795K, committed 88320K, reserved 344064K
  class space    used 12259K, committed 12992K, reserved 212992K
}
Event: 186.836 GC heap before
{Heap before GC invocations=71 (full 0):
 garbage-first heap   total 135168K, used 120880K [0x0000000100000000, 0x0000000140000000)
  region size 1024K, 6 young (6144K), 1 survivors (1024K)
 Metaspace       used 86814K, committed 88320K, reserved 344064K
  class space    used 12262K, committed 12992K, reserved 212992K
}
Event: 186.843 GC heap after
{Heap after GC invocations=72 (full 0):
 garbage-first heap   total 135168K, used 116232K [0x0000000100000000, 0x0000000140000000)
  region size 1024K, 1 young (1024K), 1 survivors (1024K)
 Metaspace       used 86814K, committed 88320K, reserved 344064K
  class space    used 12262K, committed 12992K, reserved 212992K
}
Event: 186.883 GC heap before
{Heap before GC invocations=72 (full 0):
 garbage-first heap   total 135168K, used 121352K [0x0000000100000000, 0x0000000140000000)
  region size 1024K, 6 young (6144K), 1 survivors (1024K)
 Metaspace       used 86814K, committed 88320K, reserved 344064K
  class space    used 12262K, committed 12992K, reserved 212992K
}
Event: 186.920 GC heap after
{Heap after GC invocations=73 (full 0):
 garbage-first heap   total 135168K, used 116156K [0x0000000100000000, 0x0000000140000000)
  region size 1024K, 1 young (1024K), 1 survivors (1024K)
 Metaspace       used 86814K, committed 88320K, reserved 344064K
  class space    used 12262K, committed 12992K, reserved 212992K
}
Event: 187.058 GC heap before
{Heap before GC invocations=73 (full 0):
 garbage-first heap   total 135168K, used 121276K [0x0000000100000000, 0x0000000140000000)
  region size 1024K, 6 young (6144K), 1 survivors (1024K)
 Metaspace       used 86814K, committed 88320K, reserved 344064K
  class space    used 12262K, committed 12992K, reserved 212992K
}
Event: 187.060 GC heap after
{Heap after GC invocations=74 (full 0):
 garbage-first heap   total 135168K, used 116135K [0x0000000100000000, 0x0000000140000000)
  region size 1024K, 1 young (1024K), 1 survivors (1024K)
 Metaspace       used 86814K, committed 88320K, reserved 344064K
  class space    used 12262K, committed 12992K, reserved 212992K
}
Event: 187.091 GC heap before
{Heap before GC invocations=74 (full 0):
 garbage-first heap   total 135168K, used 121255K [0x0000000100000000, 0x0000000140000000)
  region size 1024K, 6 young (6144K), 1 survivors (1024K)
 Metaspace       used 86814K, committed 88320K, reserved 344064K
  class space    used 12262K, committed 12992K, reserved 212992K
}
Event: 187.092 GC heap after
{Heap after GC invocations=75 (full 0):
 garbage-first heap   total 135168K, used 116134K [0x0000000100000000, 0x0000000140000000)
  region size 1024K, 1 young (1024K), 1 survivors (1024K)
 Metaspace       used 86814K, committed 88320K, reserved 344064K
  class space    used 12262K, committed 12992K, reserved 212992K
}
Event: 187.143 GC heap before
{Heap before GC invocations=75 (full 0):
 garbage-first heap   total 135168K, used 121254K [0x0000000100000000, 0x0000000140000000)
  region size 1024K, 6 young (6144K), 1 survivors (1024K)
 Metaspace       used 86814K, committed 88320K, reserved 344064K
  class space    used 12262K, committed 12992K, reserved 212992K
}
Event: 187.145 GC heap after
{Heap after GC invocations=76 (full 0):
 garbage-first heap   total 135168K, used 116153K [0x0000000100000000, 0x0000000140000000)
  region size 1024K, 1 young (1024K), 1 survivors (1024K)
 Metaspace       used 86814K, committed 88320K, reserved 344064K
  class space    used 12262K, committed 12992K, reserved 212992K
}
Event: 191.251 GC heap before
{Heap before GC invocations=77 (full 0):
 garbage-first heap   total 199680K, used 123321K [0x0000000100000000, 0x0000000140000000)
  region size 1024K, 9 young (9216K), 1 survivors (1024K)
 Metaspace       used 86911K, committed 88384K, reserved 344064K
  class space    used 12272K, committed 12992K, reserved 212992K
}
Event: 191.258 GC heap after
{Heap after GC invocations=78 (full 0):
 garbage-first heap   total 199680K, used 117342K [0x0000000100000000, 0x0000000140000000)
  region size 1024K, 2 young (2048K), 2 survivors (2048K)
 Metaspace       used 86911K, committed 88384K, reserved 344064K
  class space    used 12272K, committed 12992K, reserved 212992K
}
Event: 191.958 GC heap before
{Heap before GC invocations=78 (full 0):
 garbage-first heap   total 199680K, used 123486K [0x0000000100000000, 0x0000000140000000)
  region size 1024K, 9 young (9216K), 2 survivors (2048K)
 Metaspace       used 86914K, committed 88384K, reserved 344064K
  class space    used 12272K, committed 12992K, reserved 212992K
}
Event: 192.070 GC heap after
{Heap after GC invocations=79 (full 0):
 garbage-first heap   total 199680K, used 103040K [0x0000000100000000, 0x0000000140000000)
  region size 1024K, 2 young (2048K), 2 survivors (2048K)
 Metaspace       used 86914K, committed 88384K, reserved 344064K
  class space    used 12272K, committed 12992K, reserved 212992K
}
Event: 193.044 GC heap before
{Heap before GC invocations=79 (full 0):
 garbage-first heap   total 199680K, used 110208K [0x0000000100000000, 0x0000000140000000)
  region size 1024K, 9 young (9216K), 2 survivors (2048K)
 Metaspace       used 87048K, committed 88640K, reserved 344064K
  class space    used 12294K, committed 13056K, reserved 212992K
}
Event: 193.980 GC heap after
{Heap after GC invocations=80 (full 0):
 garbage-first heap   total 399360K, used 92523K [0x0000000100000000, 0x0000000140000000)
  region size 1024K, 2 young (2048K), 2 survivors (2048K)
 Metaspace       used 87048K, committed 88640K, reserved 344064K
  class space    used 12294K, committed 13056K, reserved 212992K
}

Dll operation events (16 events):
Event: 0.014 Loaded shared library C:\Program Files\Eclipse Adoptium\jdk-17.0.19.10-hotspot\bin\java.dll
Event: 0.040 Loaded shared library C:\Program Files\Eclipse Adoptium\jdk-17.0.19.10-hotspot\bin\jsvml.dll
Event: 0.130 Loaded shared library C:\Program Files\Eclipse Adoptium\jdk-17.0.19.10-hotspot\bin\zip.dll
Event: 0.134 Loaded shared library C:\Program Files\Eclipse Adoptium\jdk-17.0.19.10-hotspot\bin\instrument.dll
Event: 0.142 Loaded shared library C:\Program Files\Eclipse Adoptium\jdk-17.0.19.10-hotspot\bin\net.dll
Event: 0.145 Loaded shared library C:\Program Files\Eclipse Adoptium\jdk-17.0.19.10-hotspot\bin\nio.dll
Event: 0.150 Loaded shared library C:\Program Files\Eclipse Adoptium\jdk-17.0.19.10-hotspot\bin\zip.dll
Event: 0.582 Loaded shared library C:\Program Files\Eclipse Adoptium\jdk-17.0.19.10-hotspot\bin\jimage.dll
Event: 0.897 Loaded shared library C:\Program Files\Eclipse Adoptium\jdk-17.0.19.10-hotspot\bin\verify.dll
Event: 0.940 Loaded shared library C:\Users\User\.gradle\native\1def1411415f61bf3af743bc5b6707747c0891f09f0c88961ee8f79bc544acac\windows-amd64\native-platform.dll
Event: 0.952 Loaded shared library C:\Users\User\.gradle\native\0.2.8\x86_64-windows-gnu\gradle-fileevents.dll
Event: 3.136 Loaded shared library C:\Program Files\Eclipse Adoptium\jdk-17.0.19.10-hotspot\bin\management.dll
Event: 3.141 Loaded shared library C:\Program Files\Eclipse Adoptium\jdk-17.0.19.10-hotspot\bin\management_ext.dll
Event: 3.589 Loaded shared library C:\Program Files\Eclipse Adoptium\jdk-17.0.19.10-hotspot\bin\extnet.dll
Event: 4.000 Loaded shared library C:\Program Files\Eclipse Adoptium\jdk-17.0.19.10-hotspot\bin\sunmscapi.dll
Event: 38.827 Loaded shared library C:\Program Files\Eclipse Adoptium\jdk-17.0.19.10-hotspot\bin\rmi.dll

Deoptimization events (20 events):
Event: 188.812 Thread 0x0000012ecc9e49e0 Uncommon trap: trap_request=0xfffffff4 fr.pc=0x0000012eabfc3f30 relative=0x0000000000000510
Event: 188.812 Thread 0x0000012ecc9e49e0 Uncommon trap: reason=null_check action=make_not_entrant pc=0x0000012eabfc3f30 method=java.lang.ThreadLocal$ThreadLocalMap.expungeStaleEntry(I)I @ 51 c2
Event: 188.813 Thread 0x0000012ecc9e49e0 DEOPT PACKING pc=0x0000012eabfc3f30 sp=0x00000019285b7940
Event: 188.813 Thread 0x0000012ecc9e49e0 DEOPT UNPACKING pc=0x0000012eab63a1a3 sp=0x00000019285b78f0 mode 2
Event: 188.813 Thread 0x0000012ecc9e49e0 Uncommon trap: trap_request=0xffffff45 fr.pc=0x0000012eabf95cc8 relative=0x00000000000000a8
Event: 188.813 Thread 0x0000012ecc9e49e0 Uncommon trap: reason=unstable_if action=reinterpret pc=0x0000012eabf95cc8 method=java.lang.ThreadLocal$ThreadLocalMap.cleanSomeSlots(II)Z @ 37 c2
Event: 188.813 Thread 0x0000012ecc9e49e0 DEOPT PACKING pc=0x0000012eabf95cc8 sp=0x00000019285b7970
Event: 188.813 Thread 0x0000012ecc9e49e0 DEOPT UNPACKING pc=0x0000012eab63a1a3 sp=0x00000019285b7900 mode 2
Event: 188.888 Thread 0x0000012ecc9e49e0 Uncommon trap: trap_request=0xffffff45 fr.pc=0x0000012eabf962d8 relative=0x0000000000000298
Event: 188.888 Thread 0x0000012ecc9e49e0 Uncommon trap: reason=unstable_if action=reinterpret pc=0x0000012eabf962d8 method=java.lang.ThreadLocal$ThreadLocalMap.cleanSomeSlots(II)Z @ 37 c2
Event: 188.888 Thread 0x0000012ecc9e49e0 DEOPT PACKING pc=0x0000012eabf962d8 sp=0x00000019285b7050
Event: 188.888 Thread 0x0000012ecc9e49e0 DEOPT UNPACKING pc=0x0000012eab63a1a3 sp=0x00000019285b6f78 mode 2
Event: 192.741 Thread 0x0000012ecc9e49e0 DEOPT PACKING pc=0x0000012ea5a5f7d5 sp=0x00000019285b83c0
Event: 192.744 Thread 0x0000012ecc9e49e0 DEOPT UNPACKING pc=0x0000012eab63ace3 sp=0x00000019285b78f8 mode 0
Event: 193.992 Thread 0x0000012ecc9e49e0 DEOPT PACKING pc=0x0000012ea432727b sp=0x00000019285b8690
Event: 193.992 Thread 0x0000012ecc9e49e0 DEOPT UNPACKING pc=0x0000012eab63ace3 sp=0x00000019285b7bc8 mode 0
Event: 197.399 Thread 0x0000012ecb0c47a0 Uncommon trap: trap_request=0xffffffcc fr.pc=0x0000012eac2dfb2c relative=0x000000000000038c
Event: 197.399 Thread 0x0000012ecb0c47a0 Uncommon trap: reason=intrinsic_or_type_checked_inlining action=make_not_entrant pc=0x0000012eac2dfb2c method=java.util.Arrays.copyOfRange([Ljava/lang/Object;IILjava/lang/Class;)[Ljava/lang/Object; @ 84 c2
Event: 197.399 Thread 0x0000012ecb0c47a0 DEOPT PACKING pc=0x0000012eac2dfb2c sp=0x000000192923e010
Event: 197.399 Thread 0x0000012ecb0c47a0 DEOPT UNPACKING pc=0x0000012eab63a1a3 sp=0x000000192923df90 mode 2

Classes loaded (20 events):
Event: 93.940 Loading class sun/nio/cs/Surrogate
Event: 93.943 Loading class sun/nio/cs/Surrogate done
Event: 135.254 Loading class sun/rmi/transport/DGCClient$EndpointEntry$CleanRequest
Event: 135.289 Loading class sun/rmi/transport/DGCClient$EndpointEntry$CleanRequest done
Event: 143.183 Loading class java/rmi/server/Unreferenced
Event: 143.186 Loading class java/rmi/server/Unreferenced done
Event: 159.074 Loading class java/io/SequenceInputStream
Event: 159.106 Loading class java/io/SequenceInputStream done
Event: 167.065 Loading class sun/misc/Unsafe
Event: 167.069 Loading class sun/misc/Unsafe done
Event: 167.153 Loading class java/util/Currency
Event: 167.160 Loading class java/util/Currency done
Event: 167.292 Loading class sun/reflect/generics/repository/FieldRepository
Event: 167.293 Loading class sun/reflect/generics/repository/FieldRepository done
Event: 167.317 Loading class jdk/internal/vm/annotation/ForceInline
Event: 167.317 Loading class jdk/internal/vm/annotation/ForceInline done
Event: 167.339 Loading class java/util/AbstractMap$2
Event: 167.340 Loading class java/util/AbstractMap$2 done
Event: 167.340 Loading class java/util/AbstractMap$2$1
Event: 167.340 Loading class java/util/AbstractMap$2$1 done

Classes unloaded (0 events):
No events

Classes redefined (0 events):
No events

Internal exceptions (20 events):
Event: 166.586 Thread 0x0000012ecc9e49e0 Exception <a 'java/lang/ClassNotFoundException'{0x00000001082216f0}: com/facebook/react/ReactSettingsExtension_DecoratedCustomizer> (0x00000001082216f0) 
thrown [s\src\hotspot\share\classfile\systemDictionary.cpp, line 256]
Event: 166.695 Thread 0x0000012ecc9e49e0 Exception <a 'java/lang/NoSuchMethodError'{0x00000001082d9de8}: 'java.lang.Object java.lang.invoke.Invokers$Holder.invokeExact_MT(java.lang.Object, java.lang.Object, java.lang.Object, int, java.lang.Object, java.lang.Object)'> (0x00000001082d9de8) 
thrown [s\src\hotspot\share\interpreter\linkResolver.cpp, line 759]
Event: 179.203 Thread 0x0000012ecc9e49e0 Exception <a 'java/lang/ClassNotFoundException'{0x0000000108351f50}: org/gradle/initialization/DefaultProjectDescriptorBeanInfo> (0x0000000108351f50) 
thrown [s\src\hotspot\share\classfile\systemDictionary.cpp, line 256]
Event: 179.211 Thread 0x0000012ecc9e49e0 Exception <a 'java/lang/ClassNotFoundException'{0x00000001083666c8}: org/gradle/initialization/DefaultProjectDescriptorCustomizer> (0x00000001083666c8) 
thrown [s\src\hotspot\share\classfile\systemDictionary.cpp, line 256]
Event: 184.153 Thread 0x0000012ecc9e49e0 Exception <a 'sun/nio/fs/WindowsException'{0x00000001082ec840}> (0x00000001082ec840) 
thrown [s\src\hotspot\share\prims\jni.cpp, line 516]
Event: 184.155 Thread 0x0000012ecc9e49e0 Exception <a 'sun/nio/fs/WindowsException'{0x00000001082edf70}> (0x00000001082edf70) 
thrown [s\src\hotspot\share\prims\jni.cpp, line 516]
Event: 184.156 Thread 0x0000012ecc9e49e0 Exception <a 'sun/nio/fs/WindowsException'{0x00000001082ef698}> (0x00000001082ef698) 
thrown [s\src\hotspot\share\prims\jni.cpp, line 516]
Event: 184.157 Thread 0x0000012ecc9e49e0 Exception <a 'sun/nio/fs/WindowsException'{0x00000001082f0db0}> (0x00000001082f0db0) 
thrown [s\src\hotspot\share\prims\jni.cpp, line 516]
Event: 184.364 Thread 0x0000012ecc9e49e0 Exception <a 'sun/nio/fs/WindowsException'{0x000000010811cdf0}> (0x000000010811cdf0) 
thrown [s\src\hotspot\share\prims\jni.cpp, line 516]
Event: 184.365 Thread 0x0000012ecc9e49e0 Exception <a 'sun/nio/fs/WindowsException'{0x000000010811e508}> (0x000000010811e508) 
thrown [s\src\hotspot\share\prims\jni.cpp, line 516]
Event: 184.390 Thread 0x0000012ecc9e49e0 Exception <a 'sun/nio/fs/WindowsException'{0x0000000108120868}> (0x0000000108120868) 
thrown [s\src\hotspot\share\prims\jni.cpp, line 516]
Event: 188.812 Thread 0x0000012ecc9e49e0 Implicit null exception at 0x0000012eabfc3ad6 to 0x0000012eabfc3f10
Event: 197.506 Thread 0x0000012ecc9e49e0 Exception <a 'java/lang/ClassNotFoundException'{0x00000001181b6aa0}: build_1scf26g2tj7tgi3kddxbqzp63BeanInfo> (0x00000001181b6aa0) 
thrown [s\src\hotspot\share\classfile\systemDictionary.cpp, line 256]
Event: 197.507 Thread 0x0000012ecc9e49e0 Exception <a 'java/lang/ClassNotFoundException'{0x00000001181c1ee0}: org/gradle/api/internal/project/ProjectScriptBeanInfo> (0x00000001181c1ee0) 
thrown [s\src\hotspot\share\classfile\systemDictionary.cpp, line 256]
Event: 197.509 Thread 0x0000012ecc9e49e0 Exception <a 'java/lang/ClassNotFoundException'{0x00000001181cd710}: org/gradle/api/internal/project/ProjectScriptCustomizer> (0x00000001181cd710) 
thrown [s\src\hotspot\share\classfile\systemDictionary.cpp, line 256]
Event: 197.523 Thread 0x0000012ecc9e49e0 Exception <a 'java/lang/ClassNotFoundException'{0x00000001181e5450}: build_1scf26g2tj7tgi3kddxbqzp63Customizer> (0x00000001181e5450) 
thrown [s\src\hotspot\share\classfile\systemDictionary.cpp, line 256]
Event: 197.572 Thread 0x0000012ecc9e49e0 Exception <a 'java/lang/ClassNotFoundException'{0x000000011803e638}: org/gradle/api/internal/initialization/DefaultScriptHandler_DecoratedBeanInfo> (0x000000011803e638) 
thrown [s\src\hotspot\share\classfile\systemDictionary.cpp, line 256]
Event: 197.573 Thread 0x0000012ecc9e49e0 Exception <a 'java/lang/ClassNotFoundException'{0x00000001180538b0}: org/gradle/api/internal/initialization/DefaultScriptHandlerBeanInfo> (0x00000001180538b0) 
thrown [s\src\hotspot\share\classfile\systemDictionary.cpp, line 256]
Event: 197.574 Thread 0x0000012ecc9e49e0 Exception <a 'java/lang/ClassNotFoundException'{0x0000000118068800}: org/gradle/api/internal/initialization/DefaultScriptHandlerCustomizer> (0x0000000118068800) 
thrown [s\src\hotspot\share\classfile\systemDictionary.cpp, line 256]
Event: 197.577 Thread 0x0000012ecc9e49e0 Exception <a 'java/lang/ClassNotFoundException'{0x000000011808a5b8}: org/gradle/api/internal/initialization/DefaultScriptHandler_DecoratedCustomizer> (0x000000011808a5b8) 
thrown [s\src\hotspot\share\classfile\systemDictionary.cpp, line 256]

VM Operations (20 events):
Event: 187.145 Executing VM operation: G1CollectForAllocation done
Event: 187.865 Executing VM operation: HandshakeAllThreads
Event: 187.874 Executing VM operation: HandshakeAllThreads done
Event: 188.586 Executing VM operation: G1PauseRemark
Event: 188.793 Executing VM operation: G1PauseRemark done
Event: 189.090 Executing VM operation: G1PauseCleanup
Event: 189.091 Executing VM operation: G1PauseCleanup done
Event: 190.092 Executing VM operation: Cleanup
Event: 190.092 Executing VM operation: Cleanup done
Event: 191.093 Executing VM operation: Cleanup
Event: 191.093 Executing VM operation: Cleanup done
Event: 191.198 Executing VM operation: G1CollectForAllocation
Event: 191.258 Executing VM operation: G1CollectForAllocation done
Event: 191.958 Executing VM operation: G1CollectForAllocation
Event: 192.070 Executing VM operation: G1CollectForAllocation done
Event: 193.044 Executing VM operation: G1CollectForAllocation
Event: 193.980 Executing VM operation: G1CollectForAllocation done
Event: 194.981 Executing VM operation: Cleanup
Event: 194.981 Executing VM operation: Cleanup done
Event: 197.982 Executing VM operation: Cleanup

Memory protections (0 events):
No events

Nmethod flushes (20 events):
Event: 35.749 Thread 0x0000012ecb010fb0 flushing  nmethod 0x0000012ea51be910
Event: 35.749 Thread 0x0000012ecb010fb0 flushing  nmethod 0x0000012ea51d2010
Event: 35.749 Thread 0x0000012ecb010fb0 flushing  nmethod 0x0000012ea51d4490
Event: 35.749 Thread 0x0000012ecb010fb0 flushing  nmethod 0x0000012ea51dbd90
Event: 35.749 Thread 0x0000012ecb010fb0 flushing  nmethod 0x0000012ea52c3910
Event: 35.749 Thread 0x0000012ecb010fb0 flushing  nmethod 0x0000012ea52d0010
Event: 35.749 Thread 0x0000012ecb010fb0 flushing  nmethod 0x0000012ea52ded10
Event: 35.749 Thread 0x0000012ecb010fb0 flushing  nmethod 0x0000012ea52e1d90
Event: 35.749 Thread 0x0000012ecb010fb0 flushing  nmethod 0x0000012ea52e5e90
Event: 35.749 Thread 0x0000012ecb010fb0 flushing  nmethod 0x0000012ea52fc710
Event: 35.750 Thread 0x0000012ecb010fb0 flushing  nmethod 0x0000012ea5388290
Event: 35.750 Thread 0x0000012ecb010fb0 flushing  nmethod 0x0000012ea53c6890
Event: 35.750 Thread 0x0000012ecb010fb0 flushing  nmethod 0x0000012ea53c6d10
Event: 35.750 Thread 0x0000012ecb010fb0 flushing  nmethod 0x0000012ea53c7610
Event: 35.750 Thread 0x0000012ecb010fb0 flushing  nmethod 0x0000012ea5418410
Event: 35.750 Thread 0x0000012ecb010fb0 flushing  nmethod 0x0000012ea5427e10
Event: 35.750 Thread 0x0000012ecb010fb0 flushing  nmethod 0x0000012ea5478910
Event: 35.751 Thread 0x0000012ecb010fb0 flushing  nmethod 0x0000012ea54fa190
Event: 98.156 Thread 0x0000012ecb010fb0 flushing  nmethod 0x0000012ea4413c10
Event: 98.157 Thread 0x0000012ecb010fb0 flushing  nmethod 0x0000012ea442f510

Events (20 events):
Event: 128.341 Thread 0x0000012ecb0c7f50 Thread exited: 0x0000012ecb0c7f50
Event: 132.554 Thread 0x0000012ecd88c0c0 Thread exited: 0x0000012ecd88c0c0
Event: 135.404 Thread 0x0000012ecf113570 Thread exited: 0x0000012ecf113570
Event: 141.510 Thread 0x0000012ecf116810 Thread added: 0x0000012ecf113a80
Event: 141.669 Thread 0x0000012ecb0cb700 Thread added: 0x0000012ecf113570
Event: 143.177 Thread 0x0000012ecb0cb700 Thread added: 0x0000012ecf114ec0
Event: 151.968 Thread 0x0000012ecd88e940 Thread exited: 0x0000012ecd88e940
Event: 151.968 Thread 0x0000012ecd88ee50 Thread exited: 0x0000012ecd88ee50
Event: 152.010 Thread 0x0000012ecd8907a0 Thread exited: 0x0000012ecd8907a0
Event: 160.987 Thread 0x0000012ecf113a80 Thread exited: 0x0000012ecf113a80
Event: 163.483 Thread 0x0000012ecc9e49e0 Thread added: 0x0000012ecf113a80
Event: 163.951 Thread 0x0000012ecf113a80 Thread added: 0x0000012ecf113f90
Event: 163.951 Thread 0x0000012ecf113a80 Thread added: 0x0000012ecf1144a0
Event: 163.987 Thread 0x0000012ecb0c6b10 Thread exited: 0x0000012ecb0c6b10
Event: 165.656 Thread 0x0000012ecc9e49e0 Thread added: 0x0000012ecb0c6b10
Event: 165.989 Thread 0x0000012ecd40b7d0 Thread exited: 0x0000012ecd40b7d0
Event: 183.844 Thread 0x0000012ecc9e49e0 Thread added: 0x0000012ecb0c60f0
Event: 189.248 Thread 0x0000012ecb0cbc10 Thread exited: 0x0000012ecb0cbc10
Event: 190.396 Thread 0x0000012ecc9e49e0 Thread added: 0x0000012ecb0c5be0
Event: 196.390 Thread 0x0000012ecc9e49e0 Thread added: 0x0000012ecb0c47a0


Dynamic libraries:
0x00007ff68c560000 - 0x00007ff68c56e000 	C:\Program Files\Eclipse Adoptium\jdk-17.0.19.10-hotspot\bin\java.exe
0x00007ffe8d460000 - 0x00007ffe8d6c6000 	C:\WINDOWS\SYSTEM32\ntdll.dll
0x00007ffe8b640000 - 0x00007ffe8b709000 	C:\WINDOWS\System32\KERNEL32.DLL
0x00007ffe8ada0000 - 0x00007ffe8b19a000 	C:\WINDOWS\System32\KERNELBASE.dll
0x00007ffe8ac50000 - 0x00007ffe8ad9c000 	C:\WINDOWS\System32\ucrtbase.dll
0x00007ffe4b2e0000 - 0x00007ffe4b2fe000 	C:\Program Files\Eclipse Adoptium\jdk-17.0.19.10-hotspot\bin\VCRUNTIME140.dll
0x00007ffe47d40000 - 0x00007ffe47d58000 	C:\Program Files\Eclipse Adoptium\jdk-17.0.19.10-hotspot\bin\jli.dll
0x00007ffe8b920000 - 0x00007ffe8bae7000 	C:\WINDOWS\System32\USER32.dll
0x00007ffe8b1a0000 - 0x00007ffe8b1c7000 	C:\WINDOWS\System32\win32u.dll
0x00007ffe6d8d0000 - 0x00007ffe6db62000 	C:\WINDOWS\WinSxS\amd64_microsoft.windows.common-controls_6595b64144ccf1df_6.0.26100.8521_none_3e08b75ce33403b3\COMCTL32.dll
0x00007ffe8d3f0000 - 0x00007ffe8d41b000 	C:\WINDOWS\System32\GDI32.dll
0x00007ffe8cf50000 - 0x00007ffe8cff9000 	C:\WINDOWS\System32\msvcrt.dll
0x00007ffe8a7a0000 - 0x00007ffe8a8cb000 	C:\WINDOWS\System32\gdi32full.dll
0x00007ffe8a8d0000 - 0x00007ffe8a973000 	C:\WINDOWS\System32\msvcp_win.dll
0x00007ffe8c160000 - 0x00007ffe8c192000 	C:\WINDOWS\System32\IMM32.DLL
0x00007ffe47e30000 - 0x00007ffe47e3c000 	C:\Program Files\Eclipse Adoptium\jdk-17.0.19.10-hotspot\bin\vcruntime140_1.dll
0x00007ffe267a0000 - 0x00007ffe2682d000 	C:\Program Files\Eclipse Adoptium\jdk-17.0.19.10-hotspot\bin\msvcp140.dll
0x00007ffd98b50000 - 0x00007ffd997bc000 	C:\Program Files\Eclipse Adoptium\jdk-17.0.19.10-hotspot\bin\server\jvm.dll
0x00007ffe8bba0000 - 0x00007ffe8bc56000 	C:\WINDOWS\System32\ADVAPI32.dll
0x00007ffe8baf0000 - 0x00007ffe8bb9a000 	C:\WINDOWS\System32\sechost.dll
0x00007ffe8c1a0000 - 0x00007ffe8c2b8000 	C:\WINDOWS\System32\RPCRT4.dll
0x00007ffe8bd40000 - 0x00007ffe8bdc0000 	C:\WINDOWS\System32\WS2_32.dll
0x00007ffe7f970000 - 0x00007ffe7f9a6000 	C:\WINDOWS\SYSTEM32\WINMM.dll
0x00007ffe79e30000 - 0x00007ffe79e3b000 	C:\WINDOWS\SYSTEM32\VERSION.dll
0x00007ffe8a570000 - 0x00007ffe8a5ce000 	C:\WINDOWS\SYSTEM32\POWRPROF.dll
0x00007ffe8a550000 - 0x00007ffe8a564000 	C:\WINDOWS\SYSTEM32\UMPDC.dll
0x00007ffe89480000 - 0x00007ffe8949b000 	C:\WINDOWS\SYSTEM32\kernel.appcore.dll
0x00007ffe44400000 - 0x00007ffe4440a000 	C:\Program Files\Eclipse Adoptium\jdk-17.0.19.10-hotspot\bin\jimage.dll
0x00007ffe87e70000 - 0x00007ffe880b2000 	C:\WINDOWS\SYSTEM32\DBGHELP.DLL
0x00007ffe8bdd0000 - 0x00007ffe8c153000 	C:\WINDOWS\System32\combase.dll
0x00007ffe8bc60000 - 0x00007ffe8bd39000 	C:\WINDOWS\System32\OLEAUT32.dll
0x00007ffe69910000 - 0x00007ffe6994b000 	C:\WINDOWS\SYSTEM32\dbgcore.DLL
0x00007ffe8a6f0000 - 0x00007ffe8a798000 	C:\WINDOWS\System32\bcryptPrimitives.dll
0x00007ffe3ef60000 - 0x00007ffe3ef6e000 	C:\Program Files\Eclipse Adoptium\jdk-17.0.19.10-hotspot\bin\instrument.dll
0x00007ffe3c7d0000 - 0x00007ffe3c7f5000 	C:\Program Files\Eclipse Adoptium\jdk-17.0.19.10-hotspot\bin\java.dll
0x00007ffe208a0000 - 0x00007ffe20977000 	C:\Program Files\Eclipse Adoptium\jdk-17.0.19.10-hotspot\bin\jsvml.dll
0x00007ffe8c2c0000 - 0x00007ffe8ca44000 	C:\WINDOWS\System32\SHELL32.dll
0x00007ffe88280000 - 0x00007ffe88b00000 	C:\WINDOWS\SYSTEM32\windows.storage.dll
0x00007ffe8b810000 - 0x00007ffe8b906000 	C:\WINDOWS\System32\SHCORE.dll
0x00007ffe8d300000 - 0x00007ffe8d367000 	C:\WINDOWS\System32\shlwapi.dll
0x00007ffe8a610000 - 0x00007ffe8a639000 	C:\WINDOWS\SYSTEM32\profapi.dll
0x00007ffe40b10000 - 0x00007ffe40b28000 	C:\Program Files\Eclipse Adoptium\jdk-17.0.19.10-hotspot\bin\zip.dll
0x00007ffe43d00000 - 0x00007ffe43d1a000 	C:\Program Files\Eclipse Adoptium\jdk-17.0.19.10-hotspot\bin\net.dll
0x00007ffe7f800000 - 0x00007ffe7f929000 	C:\WINDOWS\SYSTEM32\WINHTTP.dll
0x00007ffe899f0000 - 0x00007ffe89a5c000 	C:\WINDOWS\system32\mswsock.dll
0x00007ffe431c0000 - 0x00007ffe431d6000 	C:\Program Files\Eclipse Adoptium\jdk-17.0.19.10-hotspot\bin\nio.dll
0x00007ffe413e0000 - 0x00007ffe413f0000 	C:\Program Files\Eclipse Adoptium\jdk-17.0.19.10-hotspot\bin\verify.dll
0x00007ffe431e0000 - 0x00007ffe43207000 	C:\Users\User\.gradle\native\1def1411415f61bf3af743bc5b6707747c0891f09f0c88961ee8f79bc544acac\windows-amd64\native-platform.dll
0x00007ffe38930000 - 0x00007ffe389a7000 	C:\Users\User\.gradle\native\0.2.8\x86_64-windows-gnu\gradle-fileevents.dll
0x00007ffe42fb0000 - 0x00007ffe42fba000 	C:\Program Files\Eclipse Adoptium\jdk-17.0.19.10-hotspot\bin\management.dll
0x00007ffe41840000 - 0x00007ffe4184c000 	C:\Program Files\Eclipse Adoptium\jdk-17.0.19.10-hotspot\bin\management_ext.dll
0x00007ffe8b1d0000 - 0x00007ffe8b1d8000 	C:\WINDOWS\System32\PSAPI.DLL
0x00007ffe88e30000 - 0x00007ffe88e63000 	C:\WINDOWS\SYSTEM32\IPHLPAPI.DLL
0x00007ffe8b330000 - 0x00007ffe8b33a000 	C:\WINDOWS\System32\NSI.dll
0x00007ffe819d0000 - 0x00007ffe819ed000 	C:\WINDOWS\SYSTEM32\dhcpcsvc6.DLL
0x00007ffe819a0000 - 0x00007ffe819c5000 	C:\WINDOWS\SYSTEM32\dhcpcsvc.DLL
0x00007ffe88e70000 - 0x00007ffe88fba000 	C:\WINDOWS\SYSTEM32\DNSAPI.dll
0x00007ffe89810000 - 0x00007ffe8981d000 	C:\WINDOWS\SYSTEM32\DSPARSE.dll
0x00007ffe3f090000 - 0x00007ffe3f099000 	C:\Program Files\Eclipse Adoptium\jdk-17.0.19.10-hotspot\bin\extnet.dll
0x00007ffe89cd0000 - 0x00007ffe89ceb000 	C:\WINDOWS\SYSTEM32\CRYPTSP.dll
0x00007ffe893c0000 - 0x00007ffe893f9000 	C:\WINDOWS\system32\rsaenh.dll
0x00007ffe89aa0000 - 0x00007ffe89ad3000 	C:\WINDOWS\SYSTEM32\USERENV.dll
0x00007ffe8a5e0000 - 0x00007ffe8a60a000 	C:\WINDOWS\SYSTEM32\bcrypt.dll
0x00007ffe89cf0000 - 0x00007ffe89cfc000 	C:\WINDOWS\SYSTEM32\CRYPTBASE.dll
0x00007ffe3ef50000 - 0x00007ffe3ef5e000 	C:\Program Files\Eclipse Adoptium\jdk-17.0.19.10-hotspot\bin\sunmscapi.dll
0x00007ffe8aad0000 - 0x00007ffe8ac48000 	C:\WINDOWS\System32\CRYPT32.dll
0x00007ffe89ef0000 - 0x00007ffe89f20000 	C:\WINDOWS\SYSTEM32\ncrypt.dll
0x00007ffe89ea0000 - 0x00007ffe89edf000 	C:\WINDOWS\SYSTEM32\NTASN1.dll
0x00007ffe6a7f0000 - 0x00007ffe6a7f8000 	C:\WINDOWS\system32\wshunix.dll
0x00007ffe72750000 - 0x00007ffe72757000 	C:\Program Files\Eclipse Adoptium\jdk-17.0.19.10-hotspot\bin\rmi.dll

dbghelp: loaded successfully - version: 4.0.5 - missing functions: none
symbol engine: initialized successfully - sym options: 0x614 - pdb path: .;C:\Program Files\Eclipse Adoptium\jdk-17.0.19.10-hotspot\bin;C:\WINDOWS\SYSTEM32;C:\WINDOWS\WinSxS\amd64_microsoft.windows.common-controls_6595b64144ccf1df_6.0.26100.8521_none_3e08b75ce33403b3;C:\Program Files\Eclipse Adoptium\jdk-17.0.19.10-hotspot\bin\server;C:\Users\User\.gradle\native\1def1411415f61bf3af743bc5b6707747c0891f09f0c88961ee8f79bc544acac\windows-amd64;C:\Users\User\.gradle\native\0.2.8\x86_64-windows-gnu

VM Arguments:
jvm_args: --add-opens=java.base/java.lang=ALL-UNNAMED --add-opens=java.base/java.lang.invoke=ALL-UNNAMED --add-opens=java.base/java.util=ALL-UNNAMED --add-opens=java.prefs/java.util.prefs=ALL-UNNAMED --add-exports=jdk.compiler/com.sun.tools.javac.api=ALL-UNNAMED --add-exports=jdk.compiler/com.sun.tools.javac.util=ALL-UNNAMED --add-opens=java.base/java.util=ALL-UNNAMED --add-opens=java.prefs/java.util.prefs=ALL-UNNAMED --add-opens=java.base/java.nio.charset=ALL-UNNAMED --add-opens=java.base/java.net=ALL-UNNAMED --add-opens=java.base/java.util.concurrent=ALL-UNNAMED --add-opens=java.base/java.util.concurrent.atomic=ALL-UNNAMED --add-opens=java.xml/javax.xml.namespace=ALL-UNNAMED -XX:MaxMetaspaceSize=256m -XX:HeapBaseMinAddress=4g -XX:CICompilerCount=2 -Xss256k -Xmx1024m -Dfile.encoding=windows-1252 -Duser.country=IN -Duser.language=en -Duser.variant -javaagent:C:\Users\User\.gradle\wrapper\dists\gradle-9.0.0-bin\d6wjpkvcgsg3oed0qlfss3wgl\gradle-9.0.0\lib\agents\gradle-instrumentation-agent-9.0.0.jar 
java_command: org.gradle.launcher.daemon.bootstrap.GradleDaemon 9.0.0
java_class_path (initial): C:\Users\User\.gradle\wrapper\dists\gradle-9.0.0-bin\d6wjpkvcgsg3oed0qlfss3wgl\gradle-9.0.0\lib\gradle-daemon-main-9.0.0.jar
Launcher Type: SUN_STANDARD

[Global flags]
     intx CICompilerCount                          = 2                                         {product} {command line}
   size_t CompressedClassSpaceSize                 = 218103808                                 {product} {ergonomic}
     uint ConcGCThreads                            = 2                                         {product} {ergonomic}
     uint G1ConcRefinementThreads                  = 8                                         {product} {ergonomic}
   size_t G1HeapRegionSize                         = 1048576                                   {product} {ergonomic}
    uintx GCDrainStackTargetSize                   = 64                                        {product} {ergonomic}
   size_t HeapBaseMinAddress                       = 4294967296                             {pd product} {command line}
   size_t InitialHeapSize                          = 132120576                                 {product} {ergonomic}
   size_t MarkStackSize                            = 4194304                                   {product} {ergonomic}
   size_t MaxHeapSize                              = 1073741824                                {product} {command line}
   size_t MaxMetaspaceSize                         = 268435456                                 {product} {command line}
   size_t MaxNewSize                               = 643825664                                 {product} {ergonomic}
   size_t MinHeapDeltaBytes                        = 1048576                                   {product} {ergonomic}
   size_t MinHeapSize                              = 8388608                                   {product} {ergonomic}
    uintx NonNMethodCodeHeapSize                   = 5826188                                {pd product} {ergonomic}
    uintx NonProfiledCodeHeapSize                  = 122916026                              {pd product} {ergonomic}
    uintx ProfiledCodeHeapSize                     = 122916026                              {pd product} {ergonomic}
    uintx ReservedCodeCacheSize                    = 251658240                              {pd product} {ergonomic}
     bool SegmentedCodeCache                       = true                                      {product} {ergonomic}
   size_t SoftMaxHeapSize                          = 1073741824                             {manageable} {ergonomic}
     intx ThreadStackSize                          = 256                                    {pd product} {command line}
     bool UseCompressedClassPointers               = true                           {product lp64_product} {ergonomic}
     bool UseCompressedOops                        = true                           {product lp64_product} {ergonomic}
     bool UseG1GC                                  = true                                      {product} {ergonomic}
     bool UseLargePagesIndividualAllocation        = false                                  {pd product} {ergonomic}

Logging:
Log output configuration:
 #0: stdout all=warning uptime,level,tags
 #1: stderr all=off uptime,level,tags

Environment Variables:
JAVA_HOME=C:\Program Files\Eclipse Adoptium\jdk-17.0.19.10-hotspot
PATH=c:\Users\User\AppData\Roaming\Code\User\globalStorage\github.copilot-chat\debugCommand;c:\Users\User\AppData\Roaming\Code\User\globalStorage\github.copilot-chat\copilotCli;C:\Program Files\Eclipse Adoptium\jdk-17.0.19.10-hotspot\bin;C:\Python314\Scripts\;C:\Python314\;D:\Installation\Python311\Scripts\;D:\Installation\Python311\;C:\Windows\system32;C:\Windows;C:\Windows\System32\Wbem;C:\Windows\System32\WindowsPowerShell\v1.0\;C:\Windows\System32\OpenSSH\;D:\Installation\Git\cmd;C:\Program Files\Docker\Docker\resources\bin;C:\Program Files\Kubernetes\Minikube;C:\ProgramData\chocolatey\bin;C:\Program Files\Microsoft SQL Server\150\Tools\Binn\;C:\Program Files\Microsoft SQL Server\Client SDK\ODBC\170\Tools\Binn\;C:\Program Files\dotnet\;C:\Program Files (x86)\Windows Kits\10\Windows Performance Toolkit\;C:\Program Files (x86)\Yarn\bin\;D:\Installation\Go\bin;C:\WINDOWS\system32;C:\WINDOWS;C:\WINDOWS\System32\Wbem;C:\WINDOWS\System32\WindowsPowerShell\v1.0\;C:\WINDOWS\System32\OpenSSH\;D:\Installation\Void\bin;C:\Program Files\Meld\;D:\Installation\nodejs\;C:\Users\User\scoop\shims;C:\Users\User\AppData\Local\Microsoft\WindowsApps;D:\Installations\JetBrains\PyCharm Community Edition 2022.3.1\bin;;D:\Installation\flutter\bin;C:\Program Files\Eclipse Adoptium\jdk-17.0.19.10-hotspot\bin;D:\Installation\Python311;D:\Installation\Python311\Scripts\;D:\Installation\nodejs\;D:\Installation\Microsoft VS Code\bin;D:\Installation\Kubernetes;C:\Program Files\Kubernetes\Minikube;C:\ProgramData\chocolatey;C:\Program Files\MySQL\MySQL Server 8.0\bin;C:\Users\User\.dotnet\tools;C:\Users\User\AppData\Roaming\npm\node_modules\serverless\bin;D:\Installation\JetBrains\IntelliJ IDEA Community Edition 2022.3.3\bin;;D:\Installation\PostgreSQL\15\bin;C:\Users\User\AppData\Local\Yarn\bin;C:\Users\User\AppData\Local\Android\Sdk\platform-tools;D:\Installation\Anaconda3\condabin;D:\Installation\apache-maven-3.9.2\bin;C:\Users\User\AppData\Local\Pandoc\;C:\Users\User\go\bin;D:\Installation\Go\bin;C:\Users\User\AppData\Local\Programs\cursor\resources\app\bin;C:\Users\User\AppData\Local\GitHubDesktop\bin;C:\Users\User\AppData\Local\Programs\Ollama;C:\Users\User\AppData\Local\Android\Sdk\platform-tools;C:\Users\User\AppData\Roaming\npm;D:\Installation\Antigravity\bin;D:\Installation\Google\Cloud SDK\google-cloud-sdk\bin;C:\Program Files\Eclipse Adoptium\jdk-17.0.19.10-hotspot\bin;c:\Users\User\.vscode\extensions\vscjava.vscode-java-debug-0.59.0\bundled\scripts\noConfigScripts;c:\Users\User\.vscode\extensions\ms-python.debugpy-2026.6.0-win32-x64\bundled\scripts\noConfigScripts
USERNAME=User
LANG=en_US.UTF-8
OS=Windows_NT
PROCESSOR_IDENTIFIER=Intel64 Family 6 Model 140 Stepping 2, GenuineIntel
TMP=C:\Users\User\AppData\Local\Temp
TEMP=C:\Users\User\AppData\Local\Temp



Periodic native trim disabled


---------------  S Y S T E M  ---------------

OS:
 Windows 11 , 64 bit Build 26100 (10.0.26100.8521)
OS uptime: 2 days 6:22 hours
Hyper-V role detected

CPU: total 8 (initial active 8) (4 cores per cpu, 2 threads per core) family 6 model 140 stepping 2 microcode 0x2c, cx8, cmov, fxsr, ht, mmx, 3dnowpref, sse, sse2, sse3, ssse3, sse4.1, sse4.2, popcnt, lzcnt, tsc, tscinvbit, avx, avx2, aes, erms, clmul, bmi1, bmi2, adx, avx512f, avx512dq, avx512cd, avx512bw, avx512vl, sha, fma, vzeroupper, avx512_vpopcntdq, avx512_vpclmulqdq, avx512_vaes, avx512_vnni, clflush, clflushopt, clwb, avx512_vbmi2, avx512_vbmi, hv
Processor Information for processor 0
  Max Mhz: 2496, Current Mhz: 2496, Mhz Limit: 2496
Processor Information for processor 1
  Max Mhz: 2496, Current Mhz: 1198, Mhz Limit: 2496
Processor Information for processor 2
  Max Mhz: 2496, Current Mhz: 2496, Mhz Limit: 2496
Processor Information for processor 3
  Max Mhz: 2496, Current Mhz: 2496, Mhz Limit: 2496
Processor Information for processor 4
  Max Mhz: 2496, Current Mhz: 2496, Mhz Limit: 2496
Processor Information for processor 5
  Max Mhz: 2496, Current Mhz: 2496, Mhz Limit: 2496
Processor Information for processor 6
  Max Mhz: 2496, Current Mhz: 2496, Mhz Limit: 2496
Processor Information for processor 7
  Max Mhz: 2496, Current Mhz: 2496, Mhz Limit: 2496

Memory: 4k page, system-wide physical 7941M (987M free)
TotalPageFile size 32517M (AvailPageFile size 2M)
current process WorkingSet (physical memory assigned to process): 155M, peak: 316M
current process commit charge ("private bytes"): 674M, peak: 674M

vm_info: OpenJDK 64-Bit Server VM (17.0.19+10) for windows-amd64 JRE (17.0.19+10), built on Apr 25 2026 08:04:44 by "admin" with MS VC++ 17.12 (VS2022)

END.
