#
# There is insufficient memory for the Java Runtime Environment to continue.
# Native memory allocation (malloc) failed to allocate 640816 bytes. Error detail: Chunk::new
# Possible reasons:
#   The system is out of physical RAM or swap space
#   This process is running with CompressedOops enabled, and the Java Heap may be blocking the growth of the native heap
# Possible solutions:
#   Reduce memory load on the system
#   Increase physical memory or swap space
#   Check if swap backing store is full
#   Decrease Java heap size (-Xmx/-Xms)
#   Decrease number of Java threads
#   Decrease Java thread stack sizes (-Xss)
#   Set larger code cache with -XX:ReservedCodeCacheSize=
#   JVM is running with Zero Based Compressed Oops mode in which the Java heap is
#     placed in the first 32GB address space. The Java Heap base address is the
#     maximum limit for the native heap growth. Please use -XX:HeapBaseMinAddress
#     to set the Java Heap base and to place the Java Heap above 32GB virtual address.
# This output file may be truncated or incomplete.
#
#  Out of Memory Error (arena.cpp:191), pid=6364, tid=4556
#
# JRE version: OpenJDK Runtime Environment Temurin-17.0.19+10 (17.0.19+10) (build 17.0.19+10)
# Java VM: OpenJDK 64-Bit Server VM Temurin-17.0.19+10 (17.0.19+10, mixed mode, sharing, tiered, compressed oops, compressed class ptrs, g1 gc, windows-amd64)
# No core dump will be written. Minidumps are not enabled by default on client versions of Windows
#

---------------  S U M M A R Y ------------

Command Line: --add-opens=java.base/java.lang=ALL-UNNAMED --add-opens=java.base/java.lang.invoke=ALL-UNNAMED --add-opens=java.base/java.util=ALL-UNNAMED --add-opens=java.prefs/java.util.prefs=ALL-UNNAMED --add-exports=jdk.compiler/com.sun.tools.javac.api=ALL-UNNAMED --add-exports=jdk.compiler/com.sun.tools.javac.util=ALL-UNNAMED --add-opens=java.base/java.util=ALL-UNNAMED --add-opens=java.prefs/java.util.prefs=ALL-UNNAMED --add-opens=java.base/java.nio.charset=ALL-UNNAMED --add-opens=java.base/java.net=ALL-UNNAMED --add-opens=java.base/java.util.concurrent=ALL-UNNAMED --add-opens=java.base/java.util.concurrent.atomic=ALL-UNNAMED --add-opens=java.xml/javax.xml.namespace=ALL-UNNAMED -XX:MaxMetaspaceSize=256m -XX:HeapBaseMinAddress=4g -XX:CICompilerCount=2 -Xss256k -Xmx1024m -Dfile.encoding=windows-1252 -Duser.country=IN -Duser.language=en -Duser.variant -javaagent:C:\Users\User\.gradle\wrapper\dists\gradle-9.0.0-bin\d6wjpkvcgsg3oed0qlfss3wgl\gradle-9.0.0\lib\agents\gradle-instrumentation-agent-9.0.0.jar org.gradle.launcher.daemon.bootstrap.GradleDaemon 9.0.0

Host: 11th Gen Intel(R) Core(TM) i5-1155G7 @ 2.50GHz, 8 cores, 7G,  Windows 11 , 64 bit Build 26100 (10.0.26100.8521)
Time: Wed Jul 15 23:08:13 2026 India Standard Time elapsed time: 115.210835 seconds (0d 0h 1m 55s)

---------------  T H R E A D  ---------------

Current thread (0x0000024570c72c20):  JavaThread "C2 CompilerThread0" daemon [_thread_in_native, id=4556, stack(0x000000bc6ccc0000,0x000000bc6cdc0000)]


Current CompileTask:
C2:115211 20216       4       org.gradle.internal.execution.steps.IdentifyStep$$Lambda$501/0x00000245724812f0::apply (20 bytes)

Stack: [0x000000bc6ccc0000,0x000000bc6cdc0000]
Native frames: (J=compiled Java code, j=interpreted, Vv=VM code, C=native code)
V  [jvm.dll+0x684b29]
V  [jvm.dll+0x83a2d5]
V  [jvm.dll+0x83bd4e]
V  [jvm.dll+0x83c3d3]
V  [jvm.dll+0x24905f]
V  [jvm.dll+0xad536]
V  [jvm.dll+0xadbdc]
V  [jvm.dll+0x2b073f]
V  [jvm.dll+0x58aea5]
V  [jvm.dll+0x222fe4]
V  [jvm.dll+0x2233dd]
V  [jvm.dll+0x21c08b]
V  [jvm.dll+0x2191a2]
V  [jvm.dll+0x1a49f0]
V  [jvm.dll+0x2299fa]
V  [jvm.dll+0x227bab]
V  [jvm.dll+0x7f0a88]
V  [jvm.dll+0x7eaf1c]
V  [jvm.dll+0x6839f7]
C  [ucrtbase.dll+0x2cd30]
C  [KERNEL32.DLL+0x2e957]
C  [ntdll.dll+0x87c1c]


---------------  P R O C E S S  ---------------

Threads class SMR info:
_java_thread_list=0x00000245085104f0, length=73, elements={
0x0000024554d69770, 0x0000024570c39810, 0x0000024570c3a0e0, 0x0000024570c69fb0,
0x0000024570c6a880, 0x0000024570c6b150, 0x0000024570c6ee40, 0x0000024570c72c20,
0x0000024570c73940, 0x0000024570c78270, 0x000002457f0e52d0, 0x000002457f17a190,
0x0000024504d224b0, 0x0000024504d8a6d0, 0x0000024504f4e7c0, 0x0000024504dcc680,
0x0000024504eb6010, 0x0000024504f08e00, 0x0000024504f074b0, 0x0000024504f088f0,
0x0000024504f06a90, 0x0000024504f09310, 0x0000024504f09820, 0x0000024504f06070,
0x0000024504f06fa0, 0x0000024504f079c0, 0x0000024504f06580, 0x0000024504f083e0,
0x0000024506644230, 0x0000024506644740, 0x0000024506644c50, 0x0000024506643810,
0x0000024506645b80, 0x0000024506643d20, 0x00000245066465a0, 0x0000024506645670,
0x0000024506646ab0, 0x0000024506643300, 0x0000024506648400, 0x00000245066474d0,
0x0000024506648910, 0x0000024506648e20, 0x0000024506646fc0, 0x0000024506649330,
0x0000024506647ef0, 0x0000024506649840, 0x0000024506649d50, 0x0000024507a43900,
0x0000024507a42ee0, 0x0000024507a43e10, 0x0000024507a41fb0, 0x0000024507a45250,
0x0000024507a429d0, 0x0000024507a44320, 0x0000024507a424c0, 0x0000024507a44830,
0x0000024507a45760, 0x0000024507a433f0, 0x0000024507a470b0, 0x0000024507a49930,
0x0000024507a475c0, 0x0000024507a47fe0, 0x000002450664a770, 0x00000245069f3170,
0x00000245069f1820, 0x00000245069f2240, 0x00000245069f2750, 0x00000245069f3680,
0x00000245069efed0, 0x00000245069f3b90, 0x00000245069f40a0, 0x00000245069f54e0,
0x00000245069f7340
}

Java Threads: ( => current thread )
  0x0000024554d69770 JavaThread "main" [_thread_blocked, id=34312, stack(0x000000bc6c500000,0x000000bc6c540000)]
  0x0000024570c39810 JavaThread "Reference Handler" daemon [_thread_blocked, id=26396, stack(0x000000bc6cb40000,0x000000bc6cb80000)]
  0x0000024570c3a0e0 JavaThread "Finalizer" daemon [_thread_blocked, id=32304, stack(0x000000bc6cb80000,0x000000bc6cbc0000)]
  0x0000024570c69fb0 JavaThread "Signal Dispatcher" daemon [_thread_blocked, id=34988, stack(0x000000bc6cbc0000,0x000000bc6cc00000)]
  0x0000024570c6a880 JavaThread "Attach Listener" daemon [_thread_blocked, id=29548, stack(0x000000bc6cc00000,0x000000bc6cc40000)]
  0x0000024570c6b150 JavaThread "Service Thread" daemon [_thread_blocked, id=27016, stack(0x000000bc6cc40000,0x000000bc6cc80000)]
  0x0000024570c6ee40 JavaThread "Monitor Deflation Thread" daemon [_thread_blocked, id=19464, stack(0x000000bc6cc80000,0x000000bc6ccc0000)]
=>0x0000024570c72c20 JavaThread "C2 CompilerThread0" daemon [_thread_in_native, id=4556, stack(0x000000bc6ccc0000,0x000000bc6cdc0000)]
  0x0000024570c73940 JavaThread "C1 CompilerThread0" daemon [_thread_blocked, id=34028, stack(0x000000bc6cdc0000,0x000000bc6cec0000)]
  0x0000024570c78270 JavaThread "Sweeper thread" daemon [_thread_blocked, id=19528, stack(0x000000bc6cec0000,0x000000bc6cf00000)]
  0x000002457f0e52d0 JavaThread "Common-Cleaner" daemon [_thread_blocked, id=3644, stack(0x000000bc6cf00000,0x000000bc6cf40000)]
  0x000002457f17a190 JavaThread "Notification Thread" daemon [_thread_blocked, id=7100, stack(0x000000bc6cf40000,0x000000bc6cf80000)]
  0x0000024504d224b0 JavaThread "Daemon health stats" [_thread_blocked, id=26356, stack(0x000000bc6d480000,0x000000bc6d4c0000)]
  0x0000024504d8a6d0 JavaThread "Incoming local TCP Connector on port 57483" [_thread_in_native, id=33956, stack(0x000000bc6d4c0000,0x000000bc6d500000)]
  0x0000024504f4e7c0 JavaThread "Daemon periodic checks" [_thread_blocked, id=20176, stack(0x000000bc6d500000,0x000000bc6d540000)]
  0x0000024504dcc680 JavaThread "Daemon" [_thread_blocked, id=12240, stack(0x000000bc6d540000,0x000000bc6d580000)]
  0x0000024504eb6010 JavaThread "Handler for socket connection from /127.0.0.1:57483 to /127.0.0.1:57484" [_thread_in_native, id=23760, stack(0x000000bc6d580000,0x000000bc6d5c0000)]
  0x0000024504f08e00 JavaThread "Cancel handler" [_thread_blocked, id=1284, stack(0x000000bc6d5c0000,0x000000bc6d600000)]
  0x0000024504f074b0 JavaThread "Daemon worker" [_thread_in_Java, id=2768, stack(0x000000bc6d600000,0x000000bc6d640000)]
  0x0000024504f088f0 JavaThread "Asynchronous log dispatcher for DefaultDaemonConnection: socket connection from /127.0.0.1:57483 to /127.0.0.1:57484" [_thread_blocked, id=3012, stack(0x000000bc6d640000,0x000000bc6d680000)]
  0x0000024504f06a90 JavaThread "Stdin handler" [_thread_blocked, id=30164, stack(0x000000bc6d680000,0x000000bc6d6c0000)]
  0x0000024504f09310 JavaThread "Daemon client event forwarder" [_thread_blocked, id=34080, stack(0x000000bc6d6c0000,0x000000bc6d700000)]
  0x0000024504f09820 JavaThread "Cache worker for journal cache (C:\Users\User\.gradle\caches\journal-1)" [_thread_blocked, id=29804, stack(0x000000bc6d700000,0x000000bc6d740000)]
  0x0000024504f06070 JavaThread "File lock request listener" [_thread_in_native, id=25324, stack(0x000000bc6d740000,0x000000bc6d780000)]
  0x0000024504f06fa0 JavaThread "Cache worker for file hash cache (C:\Users\User\.gradle\caches\9.0.0\fileHashes)" [_thread_blocked, id=28700, stack(0x000000bc6d780000,0x000000bc6d7c0000)]
  0x0000024504f079c0 JavaThread "Cache worker for file hash cache (D:\Hinduja\SyncFound\codebase\syncfound-mobile-frontend\android\.gradle\9.0.0\fileHashes)" [_thread_blocked, id=27156, stack(0x000000bc6dbc0000,0x000000bc6dc00000)]
  0x0000024504f06580 JavaThread "Cache worker for Build Output Cleanup Cache (D:\Hinduja\SyncFound\codebase\syncfound-mobile-frontend\android\.gradle\buildOutputCleanup)" [_thread_blocked, id=20404, stack(0x000000bc6dc00000,0x000000bc6dc40000)]
  0x0000024504f083e0 JavaThread "Cache worker for checksums cache (D:\Hinduja\SyncFound\codebase\syncfound-mobile-frontend\android\.gradle\9.0.0\checksums)" [_thread_blocked, id=32524, stack(0x000000bc6dc40000,0x000000bc6dc80000)]
  0x0000024506644230 JavaThread "Cache worker for file content cache (C:\Users\User\.gradle\caches\9.0.0\fileContent)" [_thread_blocked, id=10324, stack(0x000000bc6dc80000,0x000000bc6dcc0000)]
  0x0000024506644740 JavaThread "Cache worker for cache directory md-supplier (C:\Users\User\.gradle\caches\9.0.0\md-supplier)" [_thread_blocked, id=25792, stack(0x000000bc6dcc0000,0x000000bc6dd00000)]
  0x0000024506644c50 JavaThread "Cache worker for cache directory md-rule (C:\Users\User\.gradle\caches\9.0.0\md-rule)" [_thread_blocked, id=26796, stack(0x000000bc6dd00000,0x000000bc6dd40000)]
  0x0000024506643810 JavaThread "jar transforms" [_thread_blocked, id=35476, stack(0x000000bc6de40000,0x000000bc6de80000)]
  0x0000024506645b80 JavaThread "Exec process" [_thread_blocked, id=32400, stack(0x000000bc6de80000,0x000000bc6dec0000)]
  0x0000024506643d20 JavaThread "Exec process Thread 3" [_thread_blocked, id=33492, stack(0x000000bc6df00000,0x000000bc6df40000)]
  0x00000245066465a0 JavaThread "Exec process Thread 4" [_thread_blocked, id=16444, stack(0x000000bc6df40000,0x000000bc6df80000)]
  0x0000024506645670 JavaThread "Cache worker for Build Output Cleanup Cache (D:\Hinduja\SyncFound\codebase\syncfound-mobile-frontend\node_modules\@react-native\gradle-plugin\.gradle\buildOutputCleanup)" [_thread_blocked, id=26744, stack(0x000000bc6df80000,0x000000bc6dfc0000)]
  0x0000024506646ab0 JavaThread "Unconstrained build operations" [_thread_blocked, id=11440, stack(0x000000bc6e0c0000,0x000000bc6e100000)]
  0x0000024506643300 JavaThread "Unconstrained build operations Thread 2" [_thread_blocked, id=30360, stack(0x000000bc6e100000,0x000000bc6e140000)]
  0x0000024506648400 JavaThread "Unconstrained build operations Thread 3" [_thread_blocked, id=31248, stack(0x000000bc6e140000,0x000000bc6e180000)]
  0x00000245066474d0 JavaThread "Cache worker for Build Output Cleanup Cache (D:\Hinduja\SyncFound\codebase\syncfound-mobile-frontend\node_modules\expo-modules-autolinking\android\expo-gradle-plugin\.gradle\buildOutputCleanup)" [_thread_blocked, id=30048, stack(0x000000bc6e180000,0x000000bc6e1c0000)]
  0x0000024506648910 JavaThread "Unconstrained build operations Thread 4" [_thread_blocked, id=18760, stack(0x000000bc6e1c0000,0x000000bc6e200000)]
  0x0000024506648e20 JavaThread "Unconstrained build operations Thread 5" [_thread_blocked, id=34532, stack(0x000000bc6e200000,0x000000bc6e240000)]
  0x0000024506646fc0 JavaThread "Unconstrained build operations Thread 6" [_thread_blocked, id=6088, stack(0x000000bc6e240000,0x000000bc6e280000)]
  0x0000024506649330 JavaThread "build event listener" [_thread_blocked, id=35448, stack(0x000000bc6e280000,0x000000bc6e2c0000)]
  0x0000024506647ef0 JavaThread "Memory manager" [_thread_blocked, id=29928, stack(0x000000bc6e2c0000,0x000000bc6e300000)]
  0x0000024506649840 JavaThread "Unconstrained build operations Thread 7" [_thread_blocked, id=18104, stack(0x000000bc6e300000,0x000000bc6e340000)]
  0x0000024506649d50 JavaThread "build event listener" [_thread_blocked, id=25136, stack(0x000000bc6c300000,0x000000bc6c340000)]
  0x0000024507a43900 JavaThread "Unconstrained build operations Thread 8" [_thread_blocked, id=34500, stack(0x000000bc6c340000,0x000000bc6c380000)]
  0x0000024507a42ee0 JavaThread "Unconstrained build operations Thread 9" [_thread_blocked, id=20964, stack(0x000000bc6c380000,0x000000bc6c3c0000)]
  0x0000024507a43e10 JavaThread "Unconstrained build operations Thread 10" [_thread_blocked, id=13336, stack(0x000000bc6c3c0000,0x000000bc6c400000)]
  0x0000024507a41fb0 JavaThread "ForkJoinPool.commonPool-worker-1" daemon [_thread_blocked, id=32432, stack(0x000000bc6e540000,0x000000bc6e580000)]
  0x0000024507a45250 JavaThread "ForkJoinPool.commonPool-worker-2" daemon [_thread_blocked, id=1816, stack(0x000000bc6e580000,0x000000bc6e5c0000)]
  0x0000024507a429d0 JavaThread "ForkJoinPool.commonPool-worker-3" daemon [_thread_blocked, id=34356, stack(0x000000bc6e5c0000,0x000000bc6e600000)]
  0x0000024507a44320 JavaThread "ForkJoinPool.commonPool-worker-4" daemon [_thread_blocked, id=14196, stack(0x000000bc6e600000,0x000000bc6e640000)]
  0x0000024507a424c0 JavaThread "ForkJoinPool.commonPool-worker-5" daemon [_thread_blocked, id=33112, stack(0x000000bc6e640000,0x000000bc6e680000)]
  0x0000024507a44830 JavaThread "ForkJoinPool.commonPool-worker-6" daemon [_thread_blocked, id=3276, stack(0x000000bc6e680000,0x000000bc6e6c0000)]
  0x0000024507a45760 JavaThread "ForkJoinPool.commonPool-worker-7" daemon [_thread_blocked, id=4188, stack(0x000000bc6e6c0000,0x000000bc6e700000)]
  0x0000024507a433f0 JavaThread "included builds Thread 2" [_thread_blocked, id=31768, stack(0x000000bc6e800000,0x000000bc6e840000)]
  0x0000024507a470b0 JavaThread "included builds Thread 3" [_thread_blocked, id=35420, stack(0x000000bc6e840000,0x000000bc6e880000)]
  0x0000024507a49930 JavaThread "Cache worker for execution history cache (D:\Hinduja\SyncFound\codebase\syncfound-mobile-frontend\node_modules\@react-native\gradle-plugin\.gradle\9.0.0\executionHistory)" [_thread_blocked, id=22108, stack(0x000000bc6e880000,0x000000bc6e8c0000)]
  0x0000024507a475c0 JavaThread "Cache worker for execution history cache (D:\Hinduja\SyncFound\codebase\syncfound-mobile-frontend\node_modules\expo-modules-autolinking\android\expo-gradle-plugin\.gradle\9.0.0\executionHistory)" [_thread_blocked, id=20100, stack(0x000000bc6e8c0000,0x000000bc6e900000)]
  0x0000024507a47fe0 JavaThread "jar transforms Thread 2" [_thread_blocked, id=32440, stack(0x000000bc6e900000,0x000000bc6e940000)]
  0x000002450664a770 JavaThread "Cache worker for Build Output Cleanup Cache (D:\Hinduja\SyncFound\codebase\syncfound-mobile-frontend\node_modules\expo-modules-core\expo-module-gradle-plugin\.gradle\buildOutputCleanup)" [_thread_blocked, id=26516, stack(0x000000bc6e940000,0x000000bc6e980000)]
  0x00000245069f3170 JavaThread "build event listener" [_thread_blocked, id=25028, stack(0x000000bc6e980000,0x000000bc6e9c0000)]
  0x00000245069f1820 JavaThread "jar transforms Thread 3" [_thread_blocked, id=34568, stack(0x000000bc6e9c0000,0x000000bc6ea00000)]
  0x00000245069f2240 JavaThread "Cache worker for execution history cache (D:\Hinduja\SyncFound\codebase\syncfound-mobile-frontend\node_modules\expo-modules-core\expo-module-gradle-plugin\.gradle\9.0.0\executionHistory)" [_thread_blocked, id=20580, stack(0x000000bc6ea40000,0x000000bc6ea80000)]
  0x00000245069f2750 JavaThread "jar transforms Thread 4" [_thread_blocked, id=34020, stack(0x000000bc6c200000,0x000000bc6c240000)]
  0x00000245069f3680 JavaThread "Problems report writer" [_thread_blocked, id=35296, stack(0x000000bc6c240000,0x000000bc6c280000)]
  0x00000245069efed0 JavaThread "jar transforms Thread 5" [_thread_blocked, id=6412, stack(0x000000bc6c280000,0x000000bc6c2c0000)]
  0x00000245069f3b90 JavaThread "jar transforms Thread 6" [_thread_blocked, id=14332, stack(0x000000bc6c2c0000,0x000000bc6c300000)]
  0x00000245069f40a0 JavaThread "build event listener" [_thread_blocked, id=32820, stack(0x000000bc6c400000,0x000000bc6c440000)]
  0x00000245069f54e0 JavaThread "jar transforms Thread 7" [_thread_blocked, id=33768, stack(0x000000bc6c440000,0x000000bc6c480000)]
  0x00000245069f7340 JavaThread "jar transforms Thread 8" [_thread_blocked, id=20816, stack(0x000000bc6c480000,0x000000bc6c4c0000)]

Other Threads:
  0x0000024570c36c70 VMThread "VM Thread" [stack: 0x000000bc6ca40000,0x000000bc6cb40000] [id=27500]
  0x000002457f1d33e0 WatcherThread [stack: 0x000000bc6cf80000,0x000000bc6d080000] [id=25312]
  0x0000024554da7e30 GCTaskThread "GC Thread#0" [stack: 0x000000bc6c540000,0x000000bc6c640000] [id=23936]
  0x000002457f265cb0 GCTaskThread "GC Thread#1" [stack: 0x000000bc6d080000,0x000000bc6d180000] [id=21992]
  0x000002457f265470 GCTaskThread "GC Thread#2" [stack: 0x000000bc6d180000,0x000000bc6d280000] [id=29616]
  0x000002457f266230 GCTaskThread "GC Thread#3" [stack: 0x000000bc6d280000,0x000000bc6d380000] [id=24696]
  0x000002457f265730 GCTaskThread "GC Thread#4" [stack: 0x000000bc6d380000,0x000000bc6d480000] [id=26536]
  0x000002457f264970 GCTaskThread "GC Thread#5" [stack: 0x000000bc6d7c0000,0x000000bc6d8c0000] [id=32564]
  0x000002457f264c30 GCTaskThread "GC Thread#6" [stack: 0x000000bc6d8c0000,0x000000bc6d9c0000] [id=20512]
  0x000002457f264ef0 GCTaskThread "GC Thread#7" [stack: 0x000000bc6d9c0000,0x000000bc6dac0000] [id=35020]
  0x0000024554db0c90 ConcurrentGCThread "G1 Main Marker" [stack: 0x000000bc6c640000,0x000000bc6c740000] [id=18112]
  0x0000024554db2290 ConcurrentGCThread "G1 Conc#0" [stack: 0x000000bc6c740000,0x000000bc6c840000] [id=35032]
  0x000002450432c7b0 ConcurrentGCThread "G1 Conc#1" [stack: 0x000000bc6dac0000,0x000000bc6dbc0000] [id=12564]
  0x0000024554e0d8e0 ConcurrentGCThread "G1 Refine#0" [stack: 0x000000bc6c840000,0x000000bc6c940000] [id=31976]
  0x00000245056e1b00 ConcurrentGCThread "G1 Refine#1" [stack: 0x000000bc6dd40000,0x000000bc6de40000] [id=18828]
  0x0000024570ae9160 ConcurrentGCThread "G1 Service" [stack: 0x000000bc6c940000,0x000000bc6ca40000] [id=35044]

Threads with active compile tasks:
C2 CompilerThread0  115309 20216       4       org.gradle.internal.execution.steps.IdentifyStep$$Lambda$501/0x00000245724812f0::apply (20 bytes)

VM state: not at safepoint (normal execution)

VM Mutex/Monitor currently owned by a thread: None

Heap address: 0x0000000100000000, size: 1024 MB, Compressed Oops mode: Zero based, Oop shift amount: 3

CDS archive(s) mapped at: [0x0000024571000000-0x0000024571bb0000-0x0000024571bb0000), size 12255232, SharedBaseAddress: 0x0000024571000000, ArchiveRelocationMode: 1.
Compressed class space mapped at: 0x0000024572000000-0x000002457f000000, reserved size: 218103808
Narrow klass base: 0x0000024571000000, Narrow klass shift: 0, Narrow klass range: 0x100000000

GC Precious Log:
 CPUs: 8 total, 8 available
 Memory: 7941M
 Large Page Support: Disabled
 NUMA Support: Disabled
 Compressed Oops: Enabled (Zero based)
 Heap Region Size: 1M
 Heap Min Capacity: 8M
 Heap Initial Capacity: 126M
 Heap Max Capacity: 1G
 Pre-touch: Disabled
 Parallel Workers: 8
 Concurrent Workers: 2
 Concurrent Refinement Workers: 8
 Periodic GC: Disabled

Heap:
 garbage-first heap   total 372736K, used 291688K [0x0000000100000000, 0x0000000140000000)
  region size 1024K, 68 young (69632K), 6 survivors (6144K)
 Metaspace       used 128280K, committed 130240K, reserved 344064K
  class space    used 17818K, committed 18752K, reserved 212992K

Heap Regions: E=young(eden), S=young(survivor), O=old, HS=humongous(starts), HC=humongous(continues), CS=collection set, F=free, OA=open archive, CA=closed archive, TAMS=top-at-mark-start (previous, next)
|   0|0x0000000100000000, 0x0000000100100000, 0x0000000100100000|100%|HS|  |TAMS 0x0000000100100000, 0x0000000100000000| Complete 
|   1|0x0000000100100000, 0x0000000100200000, 0x0000000100200000|100%|HC|  |TAMS 0x0000000100200000, 0x0000000100100000| Complete 
|   2|0x0000000100200000, 0x0000000100300000, 0x0000000100300000|100%|HC|  |TAMS 0x0000000100300000, 0x0000000100200000| Complete 
|   3|0x0000000100300000, 0x0000000100400000, 0x0000000100400000|100%| O|  |TAMS 0x0000000100400000, 0x0000000100300000| Untracked 
|   4|0x0000000100400000, 0x0000000100500000, 0x0000000100500000|100%| O|  |TAMS 0x0000000100500000, 0x0000000100400000| Untracked 
|   5|0x0000000100500000, 0x0000000100600000, 0x0000000100600000|100%| O|  |TAMS 0x0000000100600000, 0x0000000100500000| Untracked 
|   6|0x0000000100600000, 0x0000000100700000, 0x0000000100700000|100%|HS|  |TAMS 0x0000000100700000, 0x0000000100600000| Complete 
|   7|0x0000000100700000, 0x0000000100800000, 0x0000000100800000|100%| O|  |TAMS 0x0000000100800000, 0x0000000100700000| Untracked 
|   8|0x0000000100800000, 0x0000000100900000, 0x0000000100900000|100%| O|  |TAMS 0x0000000100900000, 0x0000000100800000| Untracked 
|   9|0x0000000100900000, 0x0000000100a00000, 0x0000000100a00000|100%| O|  |TAMS 0x0000000100a00000, 0x0000000100900000| Untracked 
|  10|0x0000000100a00000, 0x0000000100b00000, 0x0000000100b00000|100%| O|  |TAMS 0x0000000100b00000, 0x0000000100a00000| Untracked 
|  11|0x0000000100b00000, 0x0000000100c00000, 0x0000000100c00000|100%| O|  |TAMS 0x0000000100c00000, 0x0000000100b00000| Untracked 
|  12|0x0000000100c00000, 0x0000000100d00000, 0x0000000100d00000|100%| O|  |TAMS 0x0000000100d00000, 0x0000000100c00000| Untracked 
|  13|0x0000000100d00000, 0x0000000100e00000, 0x0000000100e00000|100%| O|  |TAMS 0x0000000100e00000, 0x0000000100d00000| Untracked 
|  14|0x0000000100e00000, 0x0000000100f00000, 0x0000000100f00000|100%| O|  |TAMS 0x0000000100f00000, 0x0000000100e00000| Untracked 
|  15|0x0000000100f00000, 0x0000000101000000, 0x0000000101000000|100%| O|  |TAMS 0x0000000101000000, 0x0000000100f00000| Untracked 
|  16|0x0000000101000000, 0x0000000101100000, 0x0000000101100000|100%| O|  |TAMS 0x0000000101100000, 0x0000000101000000| Untracked 
|  17|0x0000000101100000, 0x0000000101200000, 0x0000000101200000|100%| O|  |TAMS 0x0000000101200000, 0x0000000101100000| Untracked 
|  18|0x0000000101200000, 0x0000000101300000, 0x0000000101300000|100%| O|  |TAMS 0x0000000101300000, 0x0000000101200000| Untracked 
|  19|0x0000000101300000, 0x0000000101400000, 0x0000000101400000|100%| O|  |TAMS 0x0000000101400000, 0x0000000101300000| Untracked 
|  20|0x0000000101400000, 0x0000000101500000, 0x0000000101500000|100%| O|  |TAMS 0x0000000101500000, 0x0000000101400000| Untracked 
|  21|0x0000000101500000, 0x0000000101600000, 0x0000000101600000|100%| O|  |TAMS 0x0000000101600000, 0x0000000101500000| Untracked 
|  22|0x0000000101600000, 0x00000001016c8a00, 0x0000000101700000| 78%| O|  |TAMS 0x00000001016c8a00, 0x0000000101600000| Untracked 
|  23|0x0000000101700000, 0x0000000101800000, 0x0000000101800000|100%| O|  |TAMS 0x0000000101800000, 0x0000000101700000| Untracked 
|  24|0x0000000101800000, 0x0000000101900000, 0x0000000101900000|100%| O|  |TAMS 0x0000000101900000, 0x0000000101800000| Untracked 
|  25|0x0000000101900000, 0x0000000101a00000, 0x0000000101a00000|100%| O|  |TAMS 0x0000000101a00000, 0x0000000101900000| Untracked 
|  26|0x0000000101a00000, 0x0000000101b00000, 0x0000000101b00000|100%| O|  |TAMS 0x0000000101b00000, 0x0000000101a00000| Untracked 
|  27|0x0000000101b00000, 0x0000000101c00000, 0x0000000101c00000|100%| O|  |TAMS 0x0000000101c00000, 0x0000000101b00000| Untracked 
|  28|0x0000000101c00000, 0x0000000101d00000, 0x0000000101d00000|100%| O|  |TAMS 0x0000000101d00000, 0x0000000101c00000| Untracked 
|  29|0x0000000101d00000, 0x0000000101e00000, 0x0000000101e00000|100%| O|  |TAMS 0x0000000101e00000, 0x0000000101d00000| Untracked 
|  30|0x0000000101e00000, 0x0000000101f00000, 0x0000000101f00000|100%| O|  |TAMS 0x0000000101f00000, 0x0000000101e00000| Untracked 
|  31|0x0000000101f00000, 0x0000000102000000, 0x0000000102000000|100%| O|  |TAMS 0x0000000102000000, 0x0000000101f00000| Untracked 
|  32|0x0000000102000000, 0x0000000102100000, 0x0000000102100000|100%| O|  |TAMS 0x0000000102100000, 0x0000000102000000| Untracked 
|  33|0x0000000102100000, 0x0000000102200000, 0x0000000102200000|100%| O|  |TAMS 0x0000000102200000, 0x0000000102100000| Untracked 
|  34|0x0000000102200000, 0x0000000102300000, 0x0000000102300000|100%| O|  |TAMS 0x0000000102300000, 0x0000000102200000| Untracked 
|  35|0x0000000102300000, 0x0000000102400000, 0x0000000102400000|100%| O|  |TAMS 0x0000000102400000, 0x0000000102300000| Untracked 
|  36|0x0000000102400000, 0x0000000102500000, 0x0000000102500000|100%| O|  |TAMS 0x0000000102500000, 0x0000000102400000| Untracked 
|  37|0x0000000102500000, 0x0000000102600000, 0x0000000102600000|100%| O|  |TAMS 0x0000000102600000, 0x0000000102500000| Untracked 
|  38|0x0000000102600000, 0x0000000102700000, 0x0000000102700000|100%| O|  |TAMS 0x0000000102700000, 0x0000000102600000| Untracked 
|  39|0x0000000102700000, 0x0000000102800000, 0x0000000102800000|100%| O|  |TAMS 0x0000000102800000, 0x0000000102700000| Untracked 
|  40|0x0000000102800000, 0x0000000102900000, 0x0000000102900000|100%| O|  |TAMS 0x0000000102900000, 0x0000000102800000| Untracked 
|  41|0x0000000102900000, 0x0000000102a00000, 0x0000000102a00000|100%| O|  |TAMS 0x0000000102a00000, 0x0000000102900000| Untracked 
|  42|0x0000000102a00000, 0x0000000102b00000, 0x0000000102b00000|100%| O|  |TAMS 0x0000000102b00000, 0x0000000102a00000| Untracked 
|  43|0x0000000102b00000, 0x0000000102c00000, 0x0000000102c00000|100%| O|  |TAMS 0x0000000102c00000, 0x0000000102b00000| Untracked 
|  44|0x0000000102c00000, 0x0000000102d00000, 0x0000000102d00000|100%| O|  |TAMS 0x0000000102d00000, 0x0000000102c00000| Untracked 
|  45|0x0000000102d00000, 0x0000000102e00000, 0x0000000102e00000|100%| O|  |TAMS 0x0000000102e00000, 0x0000000102d00000| Untracked 
|  46|0x0000000102e00000, 0x0000000102f00000, 0x0000000102f00000|100%| O|  |TAMS 0x0000000102f00000, 0x0000000102e00000| Untracked 
|  47|0x0000000102f00000, 0x0000000103000000, 0x0000000103000000|100%| O|  |TAMS 0x0000000103000000, 0x0000000102f00000| Untracked 
|  48|0x0000000103000000, 0x0000000103100000, 0x0000000103100000|100%|HS|  |TAMS 0x0000000103100000, 0x0000000103000000| Complete 
|  49|0x0000000103100000, 0x0000000103200000, 0x0000000103200000|100%|HC|  |TAMS 0x0000000103200000, 0x0000000103100000| Complete 
|  50|0x0000000103200000, 0x0000000103300000, 0x0000000103300000|100%|HC|  |TAMS 0x0000000103300000, 0x0000000103200000| Complete 
|  51|0x0000000103300000, 0x0000000103400000, 0x0000000103400000|100%|HS|  |TAMS 0x0000000103400000, 0x0000000103300000| Complete 
|  52|0x0000000103400000, 0x0000000103500000, 0x0000000103500000|100%|HC|  |TAMS 0x0000000103500000, 0x0000000103400000| Complete 
|  53|0x0000000103500000, 0x0000000103600000, 0x0000000103600000|100%|HC|  |TAMS 0x0000000103600000, 0x0000000103500000| Complete 
|  54|0x0000000103600000, 0x0000000103700000, 0x0000000103700000|100%| O|  |TAMS 0x0000000103700000, 0x0000000103600000| Untracked 
|  55|0x0000000103700000, 0x0000000103800000, 0x0000000103800000|100%| O|  |TAMS 0x0000000103800000, 0x0000000103700000| Untracked 
|  56|0x0000000103800000, 0x0000000103900000, 0x0000000103900000|100%| O|  |TAMS 0x0000000103900000, 0x0000000103800000| Untracked 
|  57|0x0000000103900000, 0x0000000103a00000, 0x0000000103a00000|100%| O|  |TAMS 0x0000000103a00000, 0x0000000103900000| Untracked 
|  58|0x0000000103a00000, 0x0000000103b00000, 0x0000000103b00000|100%| O|  |TAMS 0x0000000103b00000, 0x0000000103a00000| Untracked 
|  59|0x0000000103b00000, 0x0000000103c00000, 0x0000000103c00000|100%| O|  |TAMS 0x0000000103c00000, 0x0000000103b00000| Untracked 
|  60|0x0000000103c00000, 0x0000000103d00000, 0x0000000103d00000|100%| O|  |TAMS 0x0000000103d00000, 0x0000000103c00000| Untracked 
|  61|0x0000000103d00000, 0x0000000103e00000, 0x0000000103e00000|100%| O|  |TAMS 0x0000000103e00000, 0x0000000103d00000| Untracked 
|  62|0x0000000103e00000, 0x0000000103f00000, 0x0000000103f00000|100%| O|  |TAMS 0x0000000103f00000, 0x0000000103e00000| Untracked 
|  63|0x0000000103f00000, 0x0000000104000000, 0x0000000104000000|100%| O|  |TAMS 0x0000000104000000, 0x0000000103f00000| Untracked 
|  64|0x0000000104000000, 0x0000000104100000, 0x0000000104100000|100%| O|  |TAMS 0x0000000104100000, 0x0000000104000000| Untracked 
|  65|0x0000000104100000, 0x0000000104200000, 0x0000000104200000|100%| O|  |TAMS 0x0000000104200000, 0x0000000104100000| Untracked 
|  66|0x0000000104200000, 0x0000000104300000, 0x0000000104300000|100%| O|  |TAMS 0x0000000104300000, 0x0000000104200000| Untracked 
|  67|0x0000000104300000, 0x0000000104400000, 0x0000000104400000|100%| O|  |TAMS 0x0000000104400000, 0x0000000104300000| Untracked 
|  68|0x0000000104400000, 0x0000000104500000, 0x0000000104500000|100%| O|  |TAMS 0x0000000104500000, 0x0000000104400000| Untracked 
|  69|0x0000000104500000, 0x0000000104600000, 0x0000000104600000|100%| O|  |TAMS 0x0000000104600000, 0x0000000104500000| Untracked 
|  70|0x0000000104600000, 0x0000000104700000, 0x0000000104700000|100%| O|  |TAMS 0x0000000104700000, 0x0000000104600000| Untracked 
|  71|0x0000000104700000, 0x0000000104800000, 0x0000000104800000|100%| O|  |TAMS 0x0000000104800000, 0x0000000104700000| Untracked 
|  72|0x0000000104800000, 0x0000000104900000, 0x0000000104900000|100%| O|  |TAMS 0x0000000104900000, 0x0000000104800000| Untracked 
|  73|0x0000000104900000, 0x0000000104a00000, 0x0000000104a00000|100%| O|  |TAMS 0x0000000104a00000, 0x0000000104900000| Untracked 
|  74|0x0000000104a00000, 0x0000000104b00000, 0x0000000104b00000|100%| O|  |TAMS 0x0000000104b00000, 0x0000000104a00000| Untracked 
|  75|0x0000000104b00000, 0x0000000104c00000, 0x0000000104c00000|100%| O|  |TAMS 0x0000000104c00000, 0x0000000104b00000| Untracked 
|  76|0x0000000104c00000, 0x0000000104d00000, 0x0000000104d00000|100%| O|  |TAMS 0x0000000104d00000, 0x0000000104c00000| Untracked 
|  77|0x0000000104d00000, 0x0000000104e00000, 0x0000000104e00000|100%| O|  |TAMS 0x0000000104e00000, 0x0000000104d00000| Untracked 
|  78|0x0000000104e00000, 0x0000000104f00000, 0x0000000104f00000|100%| O|  |TAMS 0x0000000104f00000, 0x0000000104e00000| Untracked 
|  79|0x0000000104f00000, 0x0000000105000000, 0x0000000105000000|100%| O|  |TAMS 0x0000000105000000, 0x0000000104f00000| Untracked 
|  80|0x0000000105000000, 0x0000000105100000, 0x0000000105100000|100%| O|  |TAMS 0x0000000105100000, 0x0000000105000000| Untracked 
|  81|0x0000000105100000, 0x0000000105200000, 0x0000000105200000|100%| O|  |TAMS 0x0000000105200000, 0x0000000105100000| Untracked 
|  82|0x0000000105200000, 0x0000000105300000, 0x0000000105300000|100%| O|  |TAMS 0x0000000105300000, 0x0000000105200000| Untracked 
|  83|0x0000000105300000, 0x0000000105400000, 0x0000000105400000|100%| O|  |TAMS 0x0000000105400000, 0x0000000105300000| Untracked 
|  84|0x0000000105400000, 0x0000000105500000, 0x0000000105500000|100%| O|  |TAMS 0x0000000105500000, 0x0000000105400000| Untracked 
|  85|0x0000000105500000, 0x0000000105600000, 0x0000000105600000|100%| O|  |TAMS 0x0000000105600000, 0x0000000105500000| Untracked 
|  86|0x0000000105600000, 0x0000000105700000, 0x0000000105700000|100%| O|  |TAMS 0x0000000105700000, 0x0000000105600000| Untracked 
|  87|0x0000000105700000, 0x0000000105800000, 0x0000000105800000|100%| O|  |TAMS 0x0000000105800000, 0x0000000105700000| Untracked 
|  88|0x0000000105800000, 0x0000000105900000, 0x0000000105900000|100%| O|  |TAMS 0x0000000105900000, 0x0000000105800000| Untracked 
|  89|0x0000000105900000, 0x0000000105a00000, 0x0000000105a00000|100%| O|  |TAMS 0x0000000105a00000, 0x0000000105900000| Untracked 
|  90|0x0000000105a00000, 0x0000000105b00000, 0x0000000105b00000|100%| O|  |TAMS 0x0000000105b00000, 0x0000000105a00000| Untracked 
|  91|0x0000000105b00000, 0x0000000105c00000, 0x0000000105c00000|100%| O|  |TAMS 0x0000000105c00000, 0x0000000105b00000| Untracked 
|  92|0x0000000105c00000, 0x0000000105d00000, 0x0000000105d00000|100%| O|  |TAMS 0x0000000105d00000, 0x0000000105c00000| Untracked 
|  93|0x0000000105d00000, 0x0000000105e00000, 0x0000000105e00000|100%| O|  |TAMS 0x0000000105e00000, 0x0000000105d00000| Untracked 
|  94|0x0000000105e00000, 0x0000000105f00000, 0x0000000105f00000|100%| O|  |TAMS 0x0000000105f00000, 0x0000000105e00000| Untracked 
|  95|0x0000000105f00000, 0x0000000106000000, 0x0000000106000000|100%| O|  |TAMS 0x0000000106000000, 0x0000000105f00000| Untracked 
|  96|0x0000000106000000, 0x0000000106100000, 0x0000000106100000|100%| O|  |TAMS 0x0000000106100000, 0x0000000106000000| Untracked 
|  97|0x0000000106100000, 0x0000000106200000, 0x0000000106200000|100%| O|  |TAMS 0x0000000106200000, 0x0000000106100000| Untracked 
|  98|0x0000000106200000, 0x0000000106300000, 0x0000000106300000|100%| O|  |TAMS 0x0000000106300000, 0x0000000106200000| Untracked 
|  99|0x0000000106300000, 0x0000000106400000, 0x0000000106400000|100%|HS|  |TAMS 0x0000000106400000, 0x0000000106300000| Complete 
| 100|0x0000000106400000, 0x0000000106500000, 0x0000000106500000|100%|HS|  |TAMS 0x0000000106500000, 0x0000000106400000| Complete 
| 101|0x0000000106500000, 0x0000000106600000, 0x0000000106600000|100%|HS|  |TAMS 0x0000000106600000, 0x0000000106500000| Complete 
| 102|0x0000000106600000, 0x0000000106700000, 0x0000000106700000|100%|HS|  |TAMS 0x0000000106700000, 0x0000000106600000| Complete 
| 103|0x0000000106700000, 0x0000000106800000, 0x0000000106800000|100%|HS|  |TAMS 0x0000000106800000, 0x0000000106700000| Complete 
| 104|0x0000000106800000, 0x0000000106900000, 0x0000000106900000|100%| O|  |TAMS 0x0000000106900000, 0x0000000106800000| Untracked 
| 105|0x0000000106900000, 0x0000000106a00000, 0x0000000106a00000|100%| O|  |TAMS 0x0000000106a00000, 0x0000000106900000| Untracked 
| 106|0x0000000106a00000, 0x0000000106b00000, 0x0000000106b00000|100%|HS|  |TAMS 0x0000000106a00000, 0x0000000106a00000| Complete 
| 107|0x0000000106b00000, 0x0000000106c00000, 0x0000000106c00000|100%| O|  |TAMS 0x0000000106c00000, 0x0000000106b00000| Untracked 
| 108|0x0000000106c00000, 0x0000000106d00000, 0x0000000106d00000|100%|HS|  |TAMS 0x0000000106d00000, 0x0000000106c00000| Complete 
| 109|0x0000000106d00000, 0x0000000106e00000, 0x0000000106e00000|100%| O|  |TAMS 0x0000000106e00000, 0x0000000106d00000| Untracked 
| 110|0x0000000106e00000, 0x0000000106f00000, 0x0000000106f00000|100%| O|  |TAMS 0x0000000106f00000, 0x0000000106e00000| Untracked 
| 111|0x0000000106f00000, 0x0000000107000000, 0x0000000107000000|100%| O|  |TAMS 0x0000000107000000, 0x0000000106f00000| Untracked 
| 112|0x0000000107000000, 0x0000000107100000, 0x0000000107100000|100%| O|  |TAMS 0x0000000107100000, 0x0000000107000000| Untracked 
| 113|0x0000000107100000, 0x0000000107200000, 0x0000000107200000|100%| O|  |TAMS 0x0000000107200000, 0x0000000107100000| Untracked 
| 114|0x0000000107200000, 0x0000000107300000, 0x0000000107300000|100%| O|  |TAMS 0x0000000107300000, 0x0000000107200000| Untracked 
| 115|0x0000000107300000, 0x0000000107400000, 0x0000000107400000|100%| O|  |TAMS 0x0000000107400000, 0x0000000107300000| Untracked 
| 116|0x0000000107400000, 0x0000000107500000, 0x0000000107500000|100%| O|  |TAMS 0x0000000107500000, 0x0000000107400000| Untracked 
| 117|0x0000000107500000, 0x0000000107600000, 0x0000000107600000|100%| O|  |TAMS 0x0000000107600000, 0x0000000107500000| Untracked 
| 118|0x0000000107600000, 0x0000000107700000, 0x0000000107700000|100%| O|  |TAMS 0x0000000107700000, 0x0000000107600000| Untracked 
| 119|0x0000000107700000, 0x0000000107800000, 0x0000000107800000|100%| O|  |TAMS 0x0000000107800000, 0x0000000107700000| Untracked 
| 120|0x0000000107800000, 0x0000000107900000, 0x0000000107900000|100%|HS|  |TAMS 0x0000000107900000, 0x0000000107800000| Complete 
| 121|0x0000000107900000, 0x0000000107a00000, 0x0000000107a00000|100%| O|  |TAMS 0x0000000107a00000, 0x0000000107900000| Untracked 
| 122|0x0000000107a00000, 0x0000000107b00000, 0x0000000107b00000|100%| O|  |TAMS 0x0000000107b00000, 0x0000000107a00000| Untracked 
| 123|0x0000000107b00000, 0x0000000107c00000, 0x0000000107c00000|100%| O|  |TAMS 0x0000000107c00000, 0x0000000107b00000| Untracked 
| 124|0x0000000107c00000, 0x0000000107d00000, 0x0000000107d00000|100%|HS|  |TAMS 0x0000000107d00000, 0x0000000107c00000| Complete 
| 125|0x0000000107d00000, 0x0000000107e00000, 0x0000000107e00000|100%|HC|  |TAMS 0x0000000107e00000, 0x0000000107d00000| Complete 
| 126|0x0000000107e00000, 0x0000000107f00000, 0x0000000107f00000|100%|HC|  |TAMS 0x0000000107f00000, 0x0000000107e00000| Complete 
| 127|0x0000000107f00000, 0x0000000108000000, 0x0000000108000000|100%| O|  |TAMS 0x0000000108000000, 0x0000000107f00000| Untracked 
| 128|0x0000000108000000, 0x0000000108100000, 0x0000000108100000|100%| O|  |TAMS 0x0000000108100000, 0x0000000108000000| Untracked 
| 129|0x0000000108100000, 0x0000000108200000, 0x0000000108200000|100%| O|  |TAMS 0x0000000108200000, 0x0000000108100000| Untracked 
| 130|0x0000000108200000, 0x0000000108300000, 0x0000000108300000|100%| O|  |TAMS 0x0000000108300000, 0x0000000108200000| Untracked 
| 131|0x0000000108300000, 0x0000000108400000, 0x0000000108400000|100%| O|  |TAMS 0x0000000108400000, 0x0000000108300000| Untracked 
| 132|0x0000000108400000, 0x0000000108500000, 0x0000000108500000|100%| O|  |TAMS 0x0000000108500000, 0x0000000108400000| Untracked 
| 133|0x0000000108500000, 0x0000000108600000, 0x0000000108600000|100%| O|  |TAMS 0x0000000108600000, 0x0000000108500000| Untracked 
| 134|0x0000000108600000, 0x0000000108700000, 0x0000000108700000|100%|HS|  |TAMS 0x0000000108600000, 0x0000000108600000| Complete 
| 135|0x0000000108700000, 0x0000000108800000, 0x0000000108800000|100%| O|  |TAMS 0x0000000108800000, 0x0000000108700000| Untracked 
| 136|0x0000000108800000, 0x0000000108900000, 0x0000000108900000|100%| O|  |TAMS 0x0000000108900000, 0x0000000108800000| Untracked 
| 137|0x0000000108900000, 0x0000000108a00000, 0x0000000108a00000|100%| O|  |TAMS 0x0000000108a00000, 0x0000000108900000| Untracked 
| 138|0x0000000108a00000, 0x0000000108b00000, 0x0000000108b00000|100%| O|  |TAMS 0x0000000108b00000, 0x0000000108a00000| Untracked 
| 139|0x0000000108b00000, 0x0000000108c00000, 0x0000000108c00000|100%| O|  |TAMS 0x0000000108c00000, 0x0000000108b00000| Untracked 
| 140|0x0000000108c00000, 0x0000000108d00000, 0x0000000108d00000|100%| O|  |TAMS 0x0000000108d00000, 0x0000000108c00000| Untracked 
| 141|0x0000000108d00000, 0x0000000108e00000, 0x0000000108e00000|100%| O|  |TAMS 0x0000000108e00000, 0x0000000108d00000| Untracked 
| 142|0x0000000108e00000, 0x0000000108f00000, 0x0000000108f00000|100%| O|  |TAMS 0x0000000108f00000, 0x0000000108e00000| Untracked 
| 143|0x0000000108f00000, 0x0000000109000000, 0x0000000109000000|100%| O|  |TAMS 0x0000000109000000, 0x0000000108f00000| Untracked 
| 144|0x0000000109000000, 0x0000000109100000, 0x0000000109100000|100%| O|  |TAMS 0x0000000109100000, 0x0000000109000000| Untracked 
| 145|0x0000000109100000, 0x0000000109200000, 0x0000000109200000|100%| O|  |TAMS 0x0000000109200000, 0x0000000109100000| Untracked 
| 146|0x0000000109200000, 0x0000000109300000, 0x0000000109300000|100%| O|  |TAMS 0x0000000109300000, 0x0000000109200000| Untracked 
| 147|0x0000000109300000, 0x0000000109400000, 0x0000000109400000|100%| O|  |TAMS 0x0000000109400000, 0x0000000109300000| Untracked 
| 148|0x0000000109400000, 0x0000000109500000, 0x0000000109500000|100%| O|  |TAMS 0x0000000109500000, 0x0000000109400000| Untracked 
| 149|0x0000000109500000, 0x0000000109600000, 0x0000000109600000|100%| O|  |TAMS 0x0000000109600000, 0x0000000109500000| Untracked 
| 150|0x0000000109600000, 0x0000000109700000, 0x0000000109700000|100%| O|  |TAMS 0x0000000109700000, 0x0000000109600000| Untracked 
| 151|0x0000000109700000, 0x0000000109800000, 0x0000000109800000|100%| O|  |TAMS 0x0000000109800000, 0x0000000109700000| Untracked 
| 152|0x0000000109800000, 0x0000000109900000, 0x0000000109900000|100%| O|  |TAMS 0x0000000109900000, 0x0000000109800000| Untracked 
| 153|0x0000000109900000, 0x0000000109a00000, 0x0000000109a00000|100%| O|  |TAMS 0x0000000109a00000, 0x0000000109900000| Untracked 
| 154|0x0000000109a00000, 0x0000000109b00000, 0x0000000109b00000|100%| O|  |TAMS 0x0000000109b00000, 0x0000000109a00000| Untracked 
| 155|0x0000000109b00000, 0x0000000109c00000, 0x0000000109c00000|100%|HS|  |TAMS 0x0000000109b00000, 0x0000000109b00000| Complete 
| 156|0x0000000109c00000, 0x0000000109d00000, 0x0000000109d00000|100%| O|  |TAMS 0x0000000109c00000, 0x0000000109c00000| Untracked 
| 157|0x0000000109d00000, 0x0000000109e00000, 0x0000000109e00000|100%| O|  |TAMS 0x0000000109d00000, 0x0000000109d00000| Untracked 
| 158|0x0000000109e00000, 0x0000000109f00000, 0x0000000109f00000|100%| O|  |TAMS 0x0000000109f00000, 0x0000000109e00000| Untracked 
| 159|0x0000000109f00000, 0x000000010a000000, 0x000000010a000000|100%| O|  |TAMS 0x000000010a000000, 0x0000000109f00000| Untracked 
| 160|0x000000010a000000, 0x000000010a100000, 0x000000010a100000|100%| O|  |TAMS 0x000000010a000000, 0x000000010a000000| Untracked 
| 161|0x000000010a100000, 0x000000010a200000, 0x000000010a200000|100%| O|  |TAMS 0x000000010a200000, 0x000000010a100000| Untracked 
| 162|0x000000010a200000, 0x000000010a300000, 0x000000010a300000|100%| O|  |TAMS 0x000000010a200000, 0x000000010a200000| Untracked 
| 163|0x000000010a300000, 0x000000010a400000, 0x000000010a400000|100%| O|  |TAMS 0x000000010a400000, 0x000000010a300000| Untracked 
| 164|0x000000010a400000, 0x000000010a500000, 0x000000010a500000|100%| O|  |TAMS 0x000000010a500000, 0x000000010a400000| Untracked 
| 165|0x000000010a500000, 0x000000010a600000, 0x000000010a600000|100%| O|  |TAMS 0x000000010a600000, 0x000000010a500000| Untracked 
| 166|0x000000010a600000, 0x000000010a700000, 0x000000010a700000|100%| O|  |TAMS 0x000000010a700000, 0x000000010a600000| Untracked 
| 167|0x000000010a700000, 0x000000010a800000, 0x000000010a800000|100%| O|  |TAMS 0x000000010a800000, 0x000000010a700000| Untracked 
| 168|0x000000010a800000, 0x000000010a900000, 0x000000010a900000|100%| O|  |TAMS 0x000000010a900000, 0x000000010a800000| Untracked 
| 169|0x000000010a900000, 0x000000010aa00000, 0x000000010aa00000|100%| O|  |TAMS 0x000000010aa00000, 0x000000010a900000| Untracked 
| 170|0x000000010aa00000, 0x000000010ab00000, 0x000000010ab00000|100%| O|  |TAMS 0x000000010ab00000, 0x000000010aa00000| Untracked 
| 171|0x000000010ab00000, 0x000000010ac00000, 0x000000010ac00000|100%| O|  |TAMS 0x000000010ac00000, 0x000000010ab00000| Untracked 
| 172|0x000000010ac00000, 0x000000010ad00000, 0x000000010ad00000|100%| O|  |TAMS 0x000000010ad00000, 0x000000010ac00000| Untracked 
| 173|0x000000010ad00000, 0x000000010ae00000, 0x000000010ae00000|100%| O|  |TAMS 0x000000010ae00000, 0x000000010ad00000| Untracked 
| 174|0x000000010ae00000, 0x000000010af00000, 0x000000010af00000|100%| O|  |TAMS 0x000000010af00000, 0x000000010ae00000| Untracked 
| 175|0x000000010af00000, 0x000000010b000000, 0x000000010b000000|100%| O|  |TAMS 0x000000010af00000, 0x000000010af00000| Untracked 
| 176|0x000000010b000000, 0x000000010b100000, 0x000000010b100000|100%| O|  |TAMS 0x000000010b000000, 0x000000010b000000| Untracked 
| 177|0x000000010b100000, 0x000000010b200000, 0x000000010b200000|100%| O|  |TAMS 0x000000010b200000, 0x000000010b100000| Untracked 
| 178|0x000000010b200000, 0x000000010b300000, 0x000000010b300000|100%| O|  |TAMS 0x000000010b300000, 0x000000010b200000| Untracked 
| 179|0x000000010b300000, 0x000000010b400000, 0x000000010b400000|100%| O|  |TAMS 0x000000010b300000, 0x000000010b300000| Untracked 
| 180|0x000000010b400000, 0x000000010b500000, 0x000000010b500000|100%| O|  |TAMS 0x000000010b400000, 0x000000010b400000| Untracked 
| 181|0x000000010b500000, 0x000000010b600000, 0x000000010b600000|100%| O|  |TAMS 0x000000010b600000, 0x000000010b500000| Untracked 
| 182|0x000000010b600000, 0x000000010b700000, 0x000000010b700000|100%| O|  |TAMS 0x000000010b700000, 0x000000010b600000| Untracked 
| 183|0x000000010b700000, 0x000000010b800000, 0x000000010b800000|100%| O|  |TAMS 0x000000010b800000, 0x000000010b700000| Untracked 
| 184|0x000000010b800000, 0x000000010b900000, 0x000000010b900000|100%| O|  |TAMS 0x000000010b800000, 0x000000010b800000| Untracked 
| 185|0x000000010b900000, 0x000000010ba00000, 0x000000010ba00000|100%| O|  |TAMS 0x000000010ba00000, 0x000000010b900000| Untracked 
| 186|0x000000010ba00000, 0x000000010bb00000, 0x000000010bb00000|100%| O|  |TAMS 0x000000010bb00000, 0x000000010ba00000| Untracked 
| 187|0x000000010bb00000, 0x000000010bc00000, 0x000000010bc00000|100%| O|  |TAMS 0x000000010bc00000, 0x000000010bb00000| Untracked 
| 188|0x000000010bc00000, 0x000000010bd00000, 0x000000010bd00000|100%| O|  |TAMS 0x000000010bd00000, 0x000000010bc00000| Untracked 
| 189|0x000000010bd00000, 0x000000010be00000, 0x000000010be00000|100%| O|  |TAMS 0x000000010bd00000, 0x000000010bd00000| Untracked 
| 190|0x000000010be00000, 0x000000010bf00000, 0x000000010bf00000|100%| O|  |TAMS 0x000000010be00000, 0x000000010be00000| Untracked 
| 191|0x000000010bf00000, 0x000000010bfad000, 0x000000010c000000| 67%| O|  |TAMS 0x000000010bf00000, 0x000000010bf00000| Untracked 
| 192|0x000000010c000000, 0x000000010c000000, 0x000000010c100000|  0%| F|  |TAMS 0x000000010c000000, 0x000000010c000000| Untracked 
| 193|0x000000010c100000, 0x000000010c100000, 0x000000010c200000|  0%| F|  |TAMS 0x000000010c100000, 0x000000010c100000| Untracked 
| 194|0x000000010c200000, 0x000000010c200000, 0x000000010c300000|  0%| F|  |TAMS 0x000000010c200000, 0x000000010c200000| Untracked 
| 195|0x000000010c300000, 0x000000010c300000, 0x000000010c400000|  0%| F|  |TAMS 0x000000010c300000, 0x000000010c300000| Untracked 
| 196|0x000000010c400000, 0x000000010c500000, 0x000000010c500000|100%| O|  |TAMS 0x000000010c500000, 0x000000010c400000| Untracked 
| 197|0x000000010c500000, 0x000000010c600000, 0x000000010c600000|100%| O|  |TAMS 0x000000010c600000, 0x000000010c500000| Untracked 
| 198|0x000000010c600000, 0x000000010c700000, 0x000000010c700000|100%|HS|  |TAMS 0x000000010c700000, 0x000000010c600000| Complete 
| 199|0x000000010c700000, 0x000000010c800000, 0x000000010c800000|100%|HS|  |TAMS 0x000000010c800000, 0x000000010c700000| Complete 
| 200|0x000000010c800000, 0x000000010c900000, 0x000000010c900000|100%| O|  |TAMS 0x000000010c800000, 0x000000010c800000| Untracked 
| 201|0x000000010c900000, 0x000000010ca00000, 0x000000010ca00000|100%| O|  |TAMS 0x000000010ca00000, 0x000000010c900000| Untracked 
| 202|0x000000010ca00000, 0x000000010cb00000, 0x000000010cb00000|100%| O|  |TAMS 0x000000010cb00000, 0x000000010ca00000| Untracked 
| 203|0x000000010cb00000, 0x000000010cc00000, 0x000000010cc00000|100%| O|  |TAMS 0x000000010cc00000, 0x000000010cb00000| Untracked 
| 204|0x000000010cc00000, 0x000000010cd00000, 0x000000010cd00000|100%| O|  |TAMS 0x000000010cd00000, 0x000000010cc00000| Untracked 
| 205|0x000000010cd00000, 0x000000010ce00000, 0x000000010ce00000|100%| O|  |TAMS 0x000000010cd90600, 0x000000010cd00000| Untracked 
| 206|0x000000010ce00000, 0x000000010cf00000, 0x000000010cf00000|100%| O|  |TAMS 0x000000010ce00000, 0x000000010ce00000| Untracked 
| 207|0x000000010cf00000, 0x000000010d000000, 0x000000010d000000|100%|HS|  |TAMS 0x000000010cf00000, 0x000000010cf00000| Complete 
| 208|0x000000010d000000, 0x000000010d100000, 0x000000010d100000|100%|HC|  |TAMS 0x000000010d000000, 0x000000010d000000| Complete 
| 209|0x000000010d100000, 0x000000010d200000, 0x000000010d200000|100%| O|  |TAMS 0x000000010d100000, 0x000000010d100000| Untracked 
| 210|0x000000010d200000, 0x000000010d300000, 0x000000010d300000|100%| O|  |TAMS 0x000000010d200000, 0x000000010d200000| Untracked 
| 211|0x000000010d300000, 0x000000010d400000, 0x000000010d400000|100%| O|  |TAMS 0x000000010d300000, 0x000000010d300000| Untracked 
| 212|0x000000010d400000, 0x000000010d500000, 0x000000010d500000|100%| O|  |TAMS 0x000000010d400000, 0x000000010d400000| Untracked 
| 213|0x000000010d500000, 0x000000010d600000, 0x000000010d600000|100%| O|  |TAMS 0x000000010d500000, 0x000000010d500000| Untracked 
| 214|0x000000010d600000, 0x000000010d700000, 0x000000010d700000|100%| O|  |TAMS 0x000000010d600000, 0x000000010d600000| Untracked 
| 215|0x000000010d700000, 0x000000010d800000, 0x000000010d800000|100%| O|  |TAMS 0x000000010d700000, 0x000000010d700000| Untracked 
| 216|0x000000010d800000, 0x000000010d900000, 0x000000010d900000|100%| O|  |TAMS 0x000000010d800000, 0x000000010d800000| Untracked 
| 217|0x000000010d900000, 0x000000010da00000, 0x000000010da00000|100%| O|  |TAMS 0x000000010d900000, 0x000000010d900000| Untracked 
| 218|0x000000010da00000, 0x000000010db00000, 0x000000010db00000|100%| O|  |TAMS 0x000000010da00000, 0x000000010da00000| Untracked 
| 219|0x000000010db00000, 0x000000010dc00000, 0x000000010dc00000|100%| O|  |TAMS 0x000000010db00000, 0x000000010db00000| Untracked 
| 220|0x000000010dc00000, 0x000000010dd00000, 0x000000010dd00000|100%| O|  |TAMS 0x000000010dc00000, 0x000000010dc00000| Untracked 
| 221|0x000000010dd00000, 0x000000010de00000, 0x000000010de00000|100%| O|  |TAMS 0x000000010dd00000, 0x000000010dd00000| Untracked 
| 222|0x000000010de00000, 0x000000010df00000, 0x000000010df00000|100%| O|  |TAMS 0x000000010de00000, 0x000000010de00000| Untracked 
| 223|0x000000010df00000, 0x000000010df00000, 0x000000010e000000|  0%| F|  |TAMS 0x000000010df00000, 0x000000010df00000| Untracked 
| 224|0x000000010e000000, 0x000000010e000000, 0x000000010e100000|  0%| F|  |TAMS 0x000000010e000000, 0x000000010e000000| Untracked 
| 225|0x000000010e100000, 0x000000010e100000, 0x000000010e200000|  0%| F|  |TAMS 0x000000010e100000, 0x000000010e100000| Untracked 
| 226|0x000000010e200000, 0x000000010e200000, 0x000000010e300000|  0%| F|  |TAMS 0x000000010e200000, 0x000000010e200000| Untracked 
| 227|0x000000010e300000, 0x000000010e300000, 0x000000010e400000|  0%| F|  |TAMS 0x000000010e300000, 0x000000010e300000| Untracked 
| 228|0x000000010e400000, 0x000000010e400000, 0x000000010e500000|  0%| F|  |TAMS 0x000000010e400000, 0x000000010e400000| Untracked 
| 229|0x000000010e500000, 0x000000010e500000, 0x000000010e600000|  0%| F|  |TAMS 0x000000010e500000, 0x000000010e500000| Untracked 
| 230|0x000000010e600000, 0x000000010e600000, 0x000000010e700000|  0%| F|  |TAMS 0x000000010e600000, 0x000000010e600000| Untracked 
| 231|0x000000010e700000, 0x000000010e700000, 0x000000010e800000|  0%| F|  |TAMS 0x000000010e700000, 0x000000010e700000| Untracked 
| 232|0x000000010e800000, 0x000000010e800000, 0x000000010e900000|  0%| F|  |TAMS 0x000000010e800000, 0x000000010e800000| Untracked 
| 233|0x000000010e900000, 0x000000010e900000, 0x000000010ea00000|  0%| F|  |TAMS 0x000000010e900000, 0x000000010e900000| Untracked 
| 234|0x000000010ea00000, 0x000000010ea00000, 0x000000010eb00000|  0%| F|  |TAMS 0x000000010ea00000, 0x000000010ea00000| Untracked 
| 235|0x000000010eb00000, 0x000000010eb00000, 0x000000010ec00000|  0%| F|  |TAMS 0x000000010eb00000, 0x000000010eb00000| Untracked 
| 236|0x000000010ec00000, 0x000000010ec00000, 0x000000010ed00000|  0%| F|  |TAMS 0x000000010ec00000, 0x000000010ec00000| Untracked 
| 237|0x000000010ed00000, 0x000000010ed00000, 0x000000010ee00000|  0%| F|  |TAMS 0x000000010ed00000, 0x000000010ed00000| Untracked 
| 238|0x000000010ee00000, 0x000000010ee00000, 0x000000010ef00000|  0%| F|  |TAMS 0x000000010ee00000, 0x000000010ee00000| Untracked 
| 239|0x000000010ef00000, 0x000000010ef00000, 0x000000010f000000|  0%| F|  |TAMS 0x000000010ef00000, 0x000000010ef00000| Untracked 
| 240|0x000000010f000000, 0x000000010f000000, 0x000000010f100000|  0%| F|  |TAMS 0x000000010f000000, 0x000000010f000000| Untracked 
| 241|0x000000010f100000, 0x000000010f100000, 0x000000010f200000|  0%| F|  |TAMS 0x000000010f100000, 0x000000010f100000| Untracked 
| 242|0x000000010f200000, 0x000000010f200000, 0x000000010f300000|  0%| F|  |TAMS 0x000000010f200000, 0x000000010f200000| Untracked 
| 243|0x000000010f300000, 0x000000010f300000, 0x000000010f400000|  0%| F|  |TAMS 0x000000010f300000, 0x000000010f300000| Untracked 
| 244|0x000000010f400000, 0x000000010f400000, 0x000000010f500000|  0%| F|  |TAMS 0x000000010f400000, 0x000000010f400000| Untracked 
| 245|0x000000010f500000, 0x000000010f500000, 0x000000010f600000|  0%| F|  |TAMS 0x000000010f500000, 0x000000010f500000| Untracked 
| 246|0x000000010f600000, 0x000000010f600000, 0x000000010f700000|  0%| F|  |TAMS 0x000000010f600000, 0x000000010f600000| Untracked 
| 247|0x000000010f700000, 0x000000010f700000, 0x000000010f800000|  0%| F|  |TAMS 0x000000010f700000, 0x000000010f700000| Untracked 
| 248|0x000000010f800000, 0x000000010f800000, 0x000000010f900000|  0%| F|  |TAMS 0x000000010f800000, 0x000000010f800000| Untracked 
| 249|0x000000010f900000, 0x000000010f900000, 0x000000010fa00000|  0%| F|  |TAMS 0x000000010f900000, 0x000000010f900000| Untracked 
| 250|0x000000010fa00000, 0x000000010fa00000, 0x000000010fb00000|  0%| F|  |TAMS 0x000000010fa00000, 0x000000010fa00000| Untracked 
| 251|0x000000010fb00000, 0x000000010fb00000, 0x000000010fc00000|  0%| F|  |TAMS 0x000000010fb00000, 0x000000010fb00000| Untracked 
| 252|0x000000010fc00000, 0x000000010fc00000, 0x000000010fd00000|  0%| F|  |TAMS 0x000000010fc00000, 0x000000010fc00000| Untracked 
| 253|0x000000010fd00000, 0x000000010fd00000, 0x000000010fe00000|  0%| F|  |TAMS 0x000000010fd00000, 0x000000010fd00000| Untracked 
| 254|0x000000010fe00000, 0x000000010fe00000, 0x000000010ff00000|  0%| F|  |TAMS 0x000000010fe00000, 0x000000010fe00000| Untracked 
| 255|0x000000010ff00000, 0x000000010ff00000, 0x0000000110000000|  0%| F|  |TAMS 0x000000010ff00000, 0x000000010ff00000| Untracked 
| 256|0x0000000110000000, 0x0000000110000000, 0x0000000110100000|  0%| F|  |TAMS 0x0000000110000000, 0x0000000110000000| Untracked 
| 257|0x0000000110100000, 0x0000000110100000, 0x0000000110200000|  0%| F|  |TAMS 0x0000000110100000, 0x0000000110100000| Untracked 
| 258|0x0000000110200000, 0x0000000110200000, 0x0000000110300000|  0%| F|  |TAMS 0x0000000110200000, 0x0000000110200000| Untracked 
| 259|0x0000000110300000, 0x0000000110300000, 0x0000000110400000|  0%| F|  |TAMS 0x0000000110300000, 0x0000000110300000| Untracked 
| 260|0x0000000110400000, 0x0000000110400000, 0x0000000110500000|  0%| F|  |TAMS 0x0000000110400000, 0x0000000110400000| Untracked 
| 261|0x0000000110500000, 0x0000000110500000, 0x0000000110600000|  0%| F|  |TAMS 0x0000000110500000, 0x0000000110500000| Untracked 
| 262|0x0000000110600000, 0x0000000110600000, 0x0000000110700000|  0%| F|  |TAMS 0x0000000110600000, 0x0000000110600000| Untracked 
| 263|0x0000000110700000, 0x0000000110700000, 0x0000000110800000|  0%| F|  |TAMS 0x0000000110700000, 0x0000000110700000| Untracked 
| 264|0x0000000110800000, 0x0000000110800000, 0x0000000110900000|  0%| F|  |TAMS 0x0000000110800000, 0x0000000110800000| Untracked 
| 265|0x0000000110900000, 0x0000000110900000, 0x0000000110a00000|  0%| F|  |TAMS 0x0000000110900000, 0x0000000110900000| Untracked 
| 266|0x0000000110a00000, 0x0000000110a00000, 0x0000000110b00000|  0%| F|  |TAMS 0x0000000110a00000, 0x0000000110a00000| Untracked 
| 267|0x0000000110b00000, 0x0000000110b00000, 0x0000000110c00000|  0%| F|  |TAMS 0x0000000110b00000, 0x0000000110b00000| Untracked 
| 268|0x0000000110c00000, 0x0000000110c00000, 0x0000000110d00000|  0%| F|  |TAMS 0x0000000110c00000, 0x0000000110c00000| Untracked 
| 269|0x0000000110d00000, 0x0000000110d00000, 0x0000000110e00000|  0%| F|  |TAMS 0x0000000110d00000, 0x0000000110d00000| Untracked 
| 270|0x0000000110e00000, 0x0000000110e00000, 0x0000000110f00000|  0%| F|  |TAMS 0x0000000110e00000, 0x0000000110e00000| Untracked 
| 271|0x0000000110f00000, 0x0000000110f00000, 0x0000000111000000|  0%| F|  |TAMS 0x0000000110f00000, 0x0000000110f00000| Untracked 
| 272|0x0000000111000000, 0x0000000111000000, 0x0000000111100000|  0%| F|  |TAMS 0x0000000111000000, 0x0000000111000000| Untracked 
| 273|0x0000000111100000, 0x0000000111100000, 0x0000000111200000|  0%| F|  |TAMS 0x0000000111100000, 0x0000000111100000| Untracked 
| 274|0x0000000111200000, 0x0000000111200000, 0x0000000111300000|  0%| F|  |TAMS 0x0000000111200000, 0x0000000111200000| Untracked 
| 275|0x0000000111300000, 0x0000000111300000, 0x0000000111400000|  0%| F|  |TAMS 0x0000000111300000, 0x0000000111300000| Untracked 
| 276|0x0000000111400000, 0x0000000111400000, 0x0000000111500000|  0%| F|  |TAMS 0x0000000111400000, 0x0000000111400000| Untracked 
| 277|0x0000000111500000, 0x0000000111500000, 0x0000000111600000|  0%| F|  |TAMS 0x0000000111500000, 0x0000000111500000| Untracked 
| 278|0x0000000111600000, 0x0000000111600000, 0x0000000111700000|  0%| F|  |TAMS 0x0000000111600000, 0x0000000111600000| Untracked 
| 279|0x0000000111700000, 0x0000000111700000, 0x0000000111800000|  0%| F|  |TAMS 0x0000000111700000, 0x0000000111700000| Untracked 
| 280|0x0000000111800000, 0x0000000111800000, 0x0000000111900000|  0%| F|  |TAMS 0x0000000111800000, 0x0000000111800000| Untracked 
| 281|0x0000000111900000, 0x0000000111900000, 0x0000000111a00000|  0%| F|  |TAMS 0x0000000111900000, 0x0000000111900000| Untracked 
| 282|0x0000000111a00000, 0x0000000111a00000, 0x0000000111b00000|  0%| F|  |TAMS 0x0000000111a00000, 0x0000000111a00000| Untracked 
| 283|0x0000000111b00000, 0x0000000111b00000, 0x0000000111c00000|  0%| F|  |TAMS 0x0000000111b00000, 0x0000000111b00000| Untracked 
| 284|0x0000000111c00000, 0x0000000111c00000, 0x0000000111d00000|  0%| F|  |TAMS 0x0000000111c00000, 0x0000000111c00000| Untracked 
| 285|0x0000000111d00000, 0x0000000111d00000, 0x0000000111e00000|  0%| F|  |TAMS 0x0000000111d00000, 0x0000000111d00000| Untracked 
| 286|0x0000000111e00000, 0x0000000111e64860, 0x0000000111f00000| 39%| S|CS|TAMS 0x0000000111e00000, 0x0000000111e00000| Complete 
| 287|0x0000000111f00000, 0x0000000112000000, 0x0000000112000000|100%| S|CS|TAMS 0x0000000111f00000, 0x0000000111f00000| Complete 
| 288|0x0000000112000000, 0x0000000112100000, 0x0000000112100000|100%| S|CS|TAMS 0x0000000112000000, 0x0000000112000000| Complete 
| 289|0x0000000112100000, 0x0000000112200000, 0x0000000112200000|100%| S|CS|TAMS 0x0000000112100000, 0x0000000112100000| Complete 
| 290|0x0000000112200000, 0x0000000112300000, 0x0000000112300000|100%| S|CS|TAMS 0x0000000112200000, 0x0000000112200000| Complete 
| 291|0x0000000112300000, 0x0000000112400000, 0x0000000112400000|100%| S|CS|TAMS 0x0000000112300000, 0x0000000112300000| Complete 
| 292|0x0000000112400000, 0x0000000112400000, 0x0000000112500000|  0%| F|  |TAMS 0x0000000112400000, 0x0000000112400000| Untracked 
| 293|0x0000000112500000, 0x0000000112500000, 0x0000000112600000|  0%| F|  |TAMS 0x0000000112500000, 0x0000000112500000| Untracked 
| 294|0x0000000112600000, 0x0000000112600000, 0x0000000112700000|  0%| F|  |TAMS 0x0000000112600000, 0x0000000112600000| Untracked 
| 295|0x0000000112700000, 0x0000000112700000, 0x0000000112800000|  0%| F|  |TAMS 0x0000000112700000, 0x0000000112700000| Untracked 
| 296|0x0000000112800000, 0x0000000112800000, 0x0000000112900000|  0%| F|  |TAMS 0x0000000112800000, 0x0000000112800000| Untracked 
| 297|0x0000000112900000, 0x0000000112900000, 0x0000000112a00000|  0%| F|  |TAMS 0x0000000112900000, 0x0000000112900000| Untracked 
| 298|0x0000000112a00000, 0x0000000112a00000, 0x0000000112b00000|  0%| F|  |TAMS 0x0000000112a00000, 0x0000000112a00000| Untracked 
| 299|0x0000000112b00000, 0x0000000112b00000, 0x0000000112c00000|  0%| F|  |TAMS 0x0000000112b00000, 0x0000000112b00000| Untracked 
| 300|0x0000000112c00000, 0x0000000112c00000, 0x0000000112d00000|  0%| F|  |TAMS 0x0000000112c00000, 0x0000000112c00000| Untracked 
| 301|0x0000000112d00000, 0x0000000112d00000, 0x0000000112e00000|  0%| F|  |TAMS 0x0000000112d00000, 0x0000000112d00000| Untracked 
| 302|0x0000000112e00000, 0x0000000112e80000, 0x0000000112f00000| 50%| E|  |TAMS 0x0000000112e00000, 0x0000000112e00000| Complete 
| 303|0x0000000112f00000, 0x0000000113000000, 0x0000000113000000|100%| E|CS|TAMS 0x0000000112f00000, 0x0000000112f00000| Complete 
| 304|0x0000000113000000, 0x0000000113100000, 0x0000000113100000|100%| E|CS|TAMS 0x0000000113000000, 0x0000000113000000| Complete 
| 305|0x0000000113100000, 0x0000000113200000, 0x0000000113200000|100%| E|CS|TAMS 0x0000000113100000, 0x0000000113100000| Complete 
| 306|0x0000000113200000, 0x0000000113300000, 0x0000000113300000|100%| E|CS|TAMS 0x0000000113200000, 0x0000000113200000| Complete 
| 307|0x0000000113300000, 0x0000000113400000, 0x0000000113400000|100%| E|CS|TAMS 0x0000000113300000, 0x0000000113300000| Complete 
| 308|0x0000000113400000, 0x0000000113500000, 0x0000000113500000|100%| E|CS|TAMS 0x0000000113400000, 0x0000000113400000| Complete 
| 309|0x0000000113500000, 0x0000000113600000, 0x0000000113600000|100%| E|CS|TAMS 0x0000000113500000, 0x0000000113500000| Complete 
| 310|0x0000000113600000, 0x0000000113700000, 0x0000000113700000|100%| E|CS|TAMS 0x0000000113600000, 0x0000000113600000| Complete 
| 311|0x0000000113700000, 0x0000000113800000, 0x0000000113800000|100%| E|CS|TAMS 0x0000000113700000, 0x0000000113700000| Complete 
| 312|0x0000000113800000, 0x0000000113900000, 0x0000000113900000|100%| E|CS|TAMS 0x0000000113800000, 0x0000000113800000| Complete 
| 313|0x0000000113900000, 0x0000000113a00000, 0x0000000113a00000|100%| E|CS|TAMS 0x0000000113900000, 0x0000000113900000| Complete 
| 314|0x0000000113a00000, 0x0000000113b00000, 0x0000000113b00000|100%| E|CS|TAMS 0x0000000113a00000, 0x0000000113a00000| Complete 
| 315|0x0000000113b00000, 0x0000000113c00000, 0x0000000113c00000|100%| E|CS|TAMS 0x0000000113b00000, 0x0000000113b00000| Complete 
| 316|0x0000000113c00000, 0x0000000113d00000, 0x0000000113d00000|100%| E|CS|TAMS 0x0000000113c00000, 0x0000000113c00000| Complete 
| 317|0x0000000113d00000, 0x0000000113e00000, 0x0000000113e00000|100%| E|CS|TAMS 0x0000000113d00000, 0x0000000113d00000| Complete 
| 318|0x0000000113e00000, 0x0000000113f00000, 0x0000000113f00000|100%| E|CS|TAMS 0x0000000113e00000, 0x0000000113e00000| Complete 
| 319|0x0000000113f00000, 0x0000000114000000, 0x0000000114000000|100%| E|CS|TAMS 0x0000000113f00000, 0x0000000113f00000| Complete 
| 320|0x0000000114000000, 0x0000000114100000, 0x0000000114100000|100%| E|CS|TAMS 0x0000000114000000, 0x0000000114000000| Complete 
| 321|0x0000000114100000, 0x0000000114200000, 0x0000000114200000|100%| E|CS|TAMS 0x0000000114100000, 0x0000000114100000| Complete 
| 322|0x0000000114200000, 0x0000000114300000, 0x0000000114300000|100%| E|CS|TAMS 0x0000000114200000, 0x0000000114200000| Complete 
| 323|0x0000000114300000, 0x0000000114400000, 0x0000000114400000|100%| E|CS|TAMS 0x0000000114300000, 0x0000000114300000| Complete 
| 324|0x0000000114400000, 0x0000000114500000, 0x0000000114500000|100%| E|CS|TAMS 0x0000000114400000, 0x0000000114400000| Complete 
| 325|0x0000000114500000, 0x0000000114600000, 0x0000000114600000|100%| E|CS|TAMS 0x0000000114500000, 0x0000000114500000| Complete 
| 326|0x0000000114600000, 0x0000000114700000, 0x0000000114700000|100%| E|CS|TAMS 0x0000000114600000, 0x0000000114600000| Complete 
| 327|0x0000000114700000, 0x0000000114800000, 0x0000000114800000|100%| E|CS|TAMS 0x0000000114700000, 0x0000000114700000| Complete 
| 328|0x0000000114800000, 0x0000000114900000, 0x0000000114900000|100%| E|CS|TAMS 0x0000000114800000, 0x0000000114800000| Complete 
| 329|0x0000000114900000, 0x0000000114a00000, 0x0000000114a00000|100%| E|CS|TAMS 0x0000000114900000, 0x0000000114900000| Complete 
| 330|0x0000000114a00000, 0x0000000114b00000, 0x0000000114b00000|100%| E|CS|TAMS 0x0000000114a00000, 0x0000000114a00000| Complete 
| 331|0x0000000114b00000, 0x0000000114c00000, 0x0000000114c00000|100%| E|CS|TAMS 0x0000000114b00000, 0x0000000114b00000| Complete 
| 332|0x0000000114c00000, 0x0000000114d00000, 0x0000000114d00000|100%| E|CS|TAMS 0x0000000114c00000, 0x0000000114c00000| Complete 
| 333|0x0000000114d00000, 0x0000000114e00000, 0x0000000114e00000|100%| E|CS|TAMS 0x0000000114d00000, 0x0000000114d00000| Complete 
| 334|0x0000000114e00000, 0x0000000114f00000, 0x0000000114f00000|100%| E|CS|TAMS 0x0000000114e00000, 0x0000000114e00000| Complete 
| 335|0x0000000114f00000, 0x0000000115000000, 0x0000000115000000|100%| E|CS|TAMS 0x0000000114f00000, 0x0000000114f00000| Complete 
| 336|0x0000000115000000, 0x0000000115100000, 0x0000000115100000|100%| E|CS|TAMS 0x0000000115000000, 0x0000000115000000| Complete 
| 337|0x0000000115100000, 0x0000000115200000, 0x0000000115200000|100%| E|CS|TAMS 0x0000000115100000, 0x0000000115100000| Complete 
| 338|0x0000000115200000, 0x0000000115300000, 0x0000000115300000|100%| E|CS|TAMS 0x0000000115200000, 0x0000000115200000| Complete 
| 339|0x0000000115300000, 0x0000000115400000, 0x0000000115400000|100%| E|CS|TAMS 0x0000000115300000, 0x0000000115300000| Complete 
| 340|0x0000000115400000, 0x0000000115500000, 0x0000000115500000|100%| E|CS|TAMS 0x0000000115400000, 0x0000000115400000| Complete 
| 341|0x0000000115500000, 0x0000000115600000, 0x0000000115600000|100%| E|CS|TAMS 0x0000000115500000, 0x0000000115500000| Complete 
| 342|0x0000000115600000, 0x0000000115700000, 0x0000000115700000|100%| E|CS|TAMS 0x0000000115600000, 0x0000000115600000| Complete 
| 343|0x0000000115700000, 0x0000000115800000, 0x0000000115800000|100%| E|CS|TAMS 0x0000000115700000, 0x0000000115700000| Complete 
| 344|0x0000000115800000, 0x0000000115900000, 0x0000000115900000|100%| E|CS|TAMS 0x0000000115800000, 0x0000000115800000| Complete 
| 345|0x0000000115900000, 0x0000000115a00000, 0x0000000115a00000|100%| E|CS|TAMS 0x0000000115900000, 0x0000000115900000| Complete 
| 346|0x0000000115a00000, 0x0000000115b00000, 0x0000000115b00000|100%| E|CS|TAMS 0x0000000115a00000, 0x0000000115a00000| Complete 
| 347|0x0000000115b00000, 0x0000000115c00000, 0x0000000115c00000|100%| E|CS|TAMS 0x0000000115b00000, 0x0000000115b00000| Complete 
| 348|0x0000000115c00000, 0x0000000115d00000, 0x0000000115d00000|100%| E|CS|TAMS 0x0000000115c00000, 0x0000000115c00000| Complete 
| 349|0x0000000115d00000, 0x0000000115e00000, 0x0000000115e00000|100%| E|CS|TAMS 0x0000000115d00000, 0x0000000115d00000| Complete 
| 350|0x0000000115e00000, 0x0000000115f00000, 0x0000000115f00000|100%| E|CS|TAMS 0x0000000115e00000, 0x0000000115e00000| Complete 
| 351|0x0000000115f00000, 0x0000000116000000, 0x0000000116000000|100%| E|CS|TAMS 0x0000000115f00000, 0x0000000115f00000| Complete 
| 352|0x0000000116000000, 0x0000000116100000, 0x0000000116100000|100%| E|CS|TAMS 0x0000000116000000, 0x0000000116000000| Complete 
| 353|0x0000000116100000, 0x0000000116200000, 0x0000000116200000|100%| E|CS|TAMS 0x0000000116100000, 0x0000000116100000| Complete 
| 354|0x0000000116200000, 0x0000000116300000, 0x0000000116300000|100%| E|CS|TAMS 0x0000000116200000, 0x0000000116200000| Complete 
| 355|0x0000000116300000, 0x0000000116400000, 0x0000000116400000|100%| E|CS|TAMS 0x0000000116300000, 0x0000000116300000| Complete 
| 356|0x0000000116400000, 0x0000000116500000, 0x0000000116500000|100%| E|CS|TAMS 0x0000000116400000, 0x0000000116400000| Complete 
| 357|0x0000000116500000, 0x0000000116600000, 0x0000000116600000|100%| E|CS|TAMS 0x0000000116500000, 0x0000000116500000| Complete 
| 358|0x0000000116600000, 0x0000000116700000, 0x0000000116700000|100%| E|CS|TAMS 0x0000000116600000, 0x0000000116600000| Complete 
| 359|0x0000000116700000, 0x0000000116800000, 0x0000000116800000|100%| E|CS|TAMS 0x0000000116700000, 0x0000000116700000| Complete 
| 360|0x0000000116800000, 0x0000000116900000, 0x0000000116900000|100%| E|CS|TAMS 0x0000000116800000, 0x0000000116800000| Complete 
| 361|0x0000000116900000, 0x0000000116a00000, 0x0000000116a00000|100%| E|CS|TAMS 0x0000000116900000, 0x0000000116900000| Complete 
| 362|0x0000000116a00000, 0x0000000116b00000, 0x0000000116b00000|100%| E|CS|TAMS 0x0000000116a00000, 0x0000000116a00000| Complete 
| 363|0x0000000116b00000, 0x0000000116c00000, 0x0000000116c00000|100%| E|CS|TAMS 0x0000000116b00000, 0x0000000116b00000| Complete 

Card table byte_map: [0x000002456be10000,0x000002456c010000] _byte_map_base: 0x000002456b610000

Marking Bits (Prev, Next): (CMBitMap*) 0x0000024554da8360, (CMBitMap*) 0x0000024554da83a0
 Prev Bits: [0x000002456c210000, 0x000002456d210000)
 Next Bits: [0x000002456d210000, 0x000002456e210000)

Polling page: 0x0000024554510000

Metaspace:

Usage:
  Non-class:    107.87 MB used.
      Class:     17.40 MB used.
       Both:    125.27 MB used.

Virtual space:
  Non-class space:      128.00 MB reserved,     108.88 MB ( 85%) committed,  2 nodes.
      Class space:      208.00 MB reserved,      18.31 MB (  9%) committed,  1 nodes.
             Both:      336.00 MB reserved,     127.19 MB ( 38%) committed. 

Chunk freelists:
   Non-Class:  2.70 MB
       Class:  13.56 MB
        Both:  16.26 MB

MaxMetaspaceSize: 256.00 MB
CompressedClassSpaceSize: 208.00 MB
Initial GC threshold: 21.00 MB
Current GC threshold: 211.50 MB
CDS: on
MetaspaceReclaimPolicy: balanced
 - commit_granule_bytes: 65536.
 - commit_granule_words: 8192.
 - virtual_space_node_default_size: 8388608.
 - enlarge_chunks_in_place: 1.
 - new_chunks_are_fully_committed: 0.
 - uncommit_free_chunks: 1.
 - use_allocation_guard: 0.
 - handle_deallocations: 1.


Internal statistics:

num_allocs_failed_limit: 6.
num_arena_births: 2856.
num_arena_deaths: 0.
num_vsnodes_births: 3.
num_vsnodes_deaths: 0.
num_space_committed: 2035.
num_space_uncommitted: 0.
num_chunks_returned_to_freelist: 6.
num_chunks_taken_from_freelist: 8929.
num_chunk_merges: 6.
num_chunk_splits: 5626.
num_chunks_enlarged: 3389.
num_inconsistent_stats: 0.

CodeHeap 'non-profiled nmethods': size=120064Kb used=10285Kb max_used=10285Kb free=109778Kb
 bounds [0x00000245643a0000, 0x0000024564db0000, 0x000002456b8e0000]
CodeHeap 'profiled nmethods': size=120000Kb used=32536Kb max_used=32536Kb free=87464Kb
 bounds [0x000002455c8e0000, 0x000002455e8b0000, 0x0000024563e10000]
CodeHeap 'non-nmethods': size=5696Kb used=2528Kb max_used=2578Kb free=3167Kb
 bounds [0x0000024563e10000, 0x00000245640a0000, 0x00000245643a0000]
 total_blobs=17767 nmethods=16702 adapters=976
 compilation: enabled
              stopped_count=0, restarted_count=0
 full_count=0

Compilation events (20 events):
Event: 109.348 Thread 0x0000024570c72c20 nmethod 20211 0x0000024564da8b10 code [0x0000024564da8ca0, 0x0000024564da8e38]
Event: 109.397 Thread 0x0000024570c72c20 20212       4       org.gradle.internal.execution.steps.AssignImmutableWorkspaceStep$$Lambda$553/0x000002457249a230::apply (12 bytes)
Event: 109.400 Thread 0x0000024570c72c20 nmethod 20212 0x0000024564da8f90 code [0x0000024564da9140, 0x0000024564da9318]
Event: 109.465 Thread 0x0000024570c72c20 20213       4       org.gradle.internal.snapshot.impl.HashCodeSnapshot::appendToHasher (14 bytes)
Event: 110.502 Thread 0x0000024570c72c20 nmethod 20213 0x0000024564da9510 code [0x0000024564da9700, 0x0000024564da9ed8]
Event: 110.502 Thread 0x0000024570c72c20 20214   !   4       org.gradle.internal.Deferrable$3::completeAndGet (46 bytes)
Event: 110.506 Thread 0x0000024570c72c20 nmethod 20214 0x0000024564daa990 code [0x0000024564daab20, 0x0000024564daaef8]
Event: 110.921 Thread 0x0000024570c72c20 20215       4       com.google.common.cache.LocalCache::put (29 bytes)
Event: 110.937 Thread 0x0000024570c72c20 nmethod 20215 0x0000024564dab010 code [0x0000024564dab1c0, 0x0000024564dab478]
Event: 110.972 Thread 0x0000024570c72c20 20216       4       org.gradle.internal.execution.steps.IdentifyStep$$Lambda$501/0x00000245724812f0::apply (20 bytes)
Event: 112.017 Thread 0x0000024570c73940 20219       3       org.gradle.api.internal.artifacts.configurations.DefaultConfiguration::isFullyResolved (20 bytes)
Event: 112.029 Thread 0x0000024570c73940 nmethod 20219 0x000002455e8a3890 code [0x000002455e8a3ae0, 0x000002455e8a4638]
Event: 113.147 Thread 0x0000024570c73940 20220       3       org.gradle.api.internal.changedetection.state.IgnoringResourceHasher::hash (33 bytes)
Event: 113.150 Thread 0x0000024570c73940 nmethod 20220 0x000002455e8a4990 code [0x000002455e8a4b60, 0x000002455e8a4ed8]
Event: 113.150 Thread 0x0000024570c73940 20221       3       org.gradle.api.internal.changedetection.state.MetaInfAwareClasspathResourceHasher::hash (6 bytes)
Event: 113.150 Thread 0x0000024570c73940 nmethod 20221 0x000002455e8a5010 code [0x000002455e8a51c0, 0x000002455e8a5308]
Event: 113.150 Thread 0x0000024570c73940 20222       3       org.gradle.api.internal.changedetection.state.MetaInfAwareClasspathResourceHasher::filter (23 bytes)
Event: 113.151 Thread 0x0000024570c73940 nmethod 20222 0x000002455e8a5390 code [0x000002455e8a5580, 0x000002455e8a59a8]
Event: 113.444 Thread 0x0000024570c73940 20223       3       org.gradle.internal.serialize.InputStreamBackedDecoder::readString (8 bytes)
Event: 113.446 Thread 0x0000024570c73940 nmethod 20223 0x000002455e8a5b90 code [0x000002455e8a5d40, 0x000002455e8a5ee8]

GC Heap History (20 events):
Event: 90.049 GC heap before
{Heap before GC invocations=127 (full 0):
 garbage-first heap   total 242688K, used 211599K [0x0000000100000000, 0x0000000140000000)
  region size 1024K, 11 young (11264K), 2 survivors (2048K)
 Metaspace       used 127769K, committed 129728K, reserved 344064K
  class space    used 17745K, committed 18688K, reserved 212992K
}
Event: 90.053 GC heap after
{Heap after GC invocations=128 (full 0):
 garbage-first heap   total 242688K, used 202888K [0x0000000100000000, 0x0000000140000000)
  region size 1024K, 2 young (2048K), 2 survivors (2048K)
 Metaspace       used 127769K, committed 129728K, reserved 344064K
  class space    used 17745K, committed 18688K, reserved 212992K
}
Event: 90.247 GC heap before
{Heap before GC invocations=128 (full 0):
 garbage-first heap   total 242688K, used 212104K [0x0000000100000000, 0x0000000140000000)
  region size 1024K, 11 young (11264K), 2 survivors (2048K)
 Metaspace       used 127800K, committed 129792K, reserved 344064K
  class space    used 17750K, committed 18688K, reserved 212992K
}
Event: 90.252 GC heap after
{Heap after GC invocations=129 (full 0):
 garbage-first heap   total 242688K, used 204245K [0x0000000100000000, 0x0000000140000000)
  region size 1024K, 2 young (2048K), 2 survivors (2048K)
 Metaspace       used 127800K, committed 129792K, reserved 344064K
  class space    used 17750K, committed 18688K, reserved 212992K
}
Event: 90.488 GC heap before
{Heap before GC invocations=129 (full 0):
 garbage-first heap   total 242688K, used 215509K [0x0000000100000000, 0x0000000140000000)
  region size 1024K, 11 young (11264K), 2 survivors (2048K)
 Metaspace       used 127841K, committed 129792K, reserved 344064K
  class space    used 17757K, committed 18688K, reserved 212992K
}
Event: 90.492 GC heap after
{Heap after GC invocations=130 (full 0):
 garbage-first heap   total 242688K, used 211300K [0x0000000100000000, 0x0000000140000000)
  region size 1024K, 2 young (2048K), 2 survivors (2048K)
 Metaspace       used 127841K, committed 129792K, reserved 344064K
  class space    used 17757K, committed 18688K, reserved 212992K
}
Event: 90.518 GC heap before
{Heap before GC invocations=130 (full 0):
 garbage-first heap   total 242688K, used 211300K [0x0000000100000000, 0x0000000140000000)
  region size 1024K, 3 young (3072K), 2 survivors (2048K)
 Metaspace       used 127841K, committed 129792K, reserved 344064K
  class space    used 17757K, committed 18688K, reserved 212992K
}
Event: 90.529 GC heap after
{Heap after GC invocations=131 (full 0):
 garbage-first heap   total 242688K, used 211666K [0x0000000100000000, 0x0000000140000000)
  region size 1024K, 1 young (1024K), 1 survivors (1024K)
 Metaspace       used 127841K, committed 129792K, reserved 344064K
  class space    used 17757K, committed 18688K, reserved 212992K
}
Event: 90.799 GC heap before
{Heap before GC invocations=131 (full 0):
 garbage-first heap   total 242688K, used 223954K [0x0000000100000000, 0x0000000140000000)
  region size 1024K, 11 young (11264K), 1 survivors (1024K)
 Metaspace       used 127889K, committed 129856K, reserved 344064K
  class space    used 17763K, committed 18688K, reserved 212992K
}
Event: 90.805 GC heap after
{Heap after GC invocations=132 (full 0):
 garbage-first heap   total 242688K, used 216899K [0x0000000100000000, 0x0000000140000000)
  region size 1024K, 2 young (2048K), 2 survivors (2048K)
 Metaspace       used 127889K, committed 129856K, reserved 344064K
  class space    used 17763K, committed 18688K, reserved 212992K
}
Event: 91.472 GC heap before
{Heap before GC invocations=133 (full 0):
 garbage-first heap   total 372736K, used 232259K [0x0000000100000000, 0x0000000140000000)
  region size 1024K, 18 young (18432K), 2 survivors (2048K)
 Metaspace       used 127979K, committed 129920K, reserved 344064K
  class space    used 17772K, committed 18688K, reserved 212992K
}
Event: 91.481 GC heap after
{Heap after GC invocations=134 (full 0):
 garbage-first heap   total 372736K, used 220094K [0x0000000100000000, 0x0000000140000000)
  region size 1024K, 3 young (3072K), 3 survivors (3072K)
 Metaspace       used 127979K, committed 129920K, reserved 344064K
  class space    used 17772K, committed 18688K, reserved 212992K
}
Event: 91.960 GC heap before
{Heap before GC invocations=134 (full 0):
 garbage-first heap   total 372736K, used 235454K [0x0000000100000000, 0x0000000140000000)
  region size 1024K, 18 young (18432K), 3 survivors (3072K)
 Metaspace       used 127979K, committed 129920K, reserved 344064K
  class space    used 17772K, committed 18688K, reserved 212992K
}
Event: 91.984 GC heap after
{Heap after GC invocations=135 (full 0):
 garbage-first heap   total 372736K, used 210650K [0x0000000100000000, 0x0000000140000000)
  region size 1024K, 3 young (3072K), 3 survivors (3072K)
 Metaspace       used 127979K, committed 129920K, reserved 344064K
  class space    used 17772K, committed 18688K, reserved 212992K
}
Event: 95.706 GC heap before
{Heap before GC invocations=135 (full 0):
 garbage-first heap   total 372736K, used 289498K [0x0000000100000000, 0x0000000140000000)
  region size 1024K, 80 young (81920K), 3 survivors (3072K)
 Metaspace       used 127981K, committed 129984K, reserved 344064K
  class space    used 17773K, committed 18688K, reserved 212992K
}
Event: 95.715 GC heap after
{Heap after GC invocations=136 (full 0):
 garbage-first heap   total 372736K, used 212109K [0x0000000100000000, 0x0000000140000000)
  region size 1024K, 5 young (5120K), 5 survivors (5120K)
 Metaspace       used 127981K, committed 129984K, reserved 344064K
  class space    used 17773K, committed 18688K, reserved 212992K
}
Event: 101.900 GC heap before
{Heap before GC invocations=136 (full 0):
 garbage-first heap   total 372736K, used 301197K [0x0000000100000000, 0x0000000140000000)
  region size 1024K, 88 young (90112K), 5 survivors (5120K)
 Metaspace       used 128237K, committed 130240K, reserved 344064K
  class space    used 17813K, committed 18752K, reserved 212992K
}
Event: 101.938 GC heap after
{Heap after GC invocations=137 (full 0):
 garbage-first heap   total 372736K, used 225296K [0x0000000100000000, 0x0000000140000000)
  region size 1024K, 11 young (11264K), 11 survivors (11264K)
 Metaspace       used 128237K, committed 130240K, reserved 344064K
  class space    used 17813K, committed 18752K, reserved 212992K
}
Event: 108.812 GC heap before
{Heap before GC invocations=137 (full 0):
 garbage-first heap   total 372736K, used 298000K [0x0000000100000000, 0x0000000140000000)
  region size 1024K, 83 young (84992K), 11 survivors (11264K)
 Metaspace       used 128253K, committed 130240K, reserved 344064K
  class space    used 17813K, committed 18752K, reserved 212992K
}
Event: 108.903 GC heap after
{Heap after GC invocations=138 (full 0):
 garbage-first heap   total 372736K, used 229224K [0x0000000100000000, 0x0000000140000000)
  region size 1024K, 6 young (6144K), 6 survivors (6144K)
 Metaspace       used 128253K, committed 130240K, reserved 344064K
  class space    used 17813K, committed 18752K, reserved 212992K
}

Dll operation events (15 events):
Event: 0.014 Loaded shared library C:\Program Files\Eclipse Adoptium\jdk-17.0.19.10-hotspot\bin\java.dll
Event: 0.030 Loaded shared library C:\Program Files\Eclipse Adoptium\jdk-17.0.19.10-hotspot\bin\jsvml.dll
Event: 0.075 Loaded shared library C:\Program Files\Eclipse Adoptium\jdk-17.0.19.10-hotspot\bin\zip.dll
Event: 0.078 Loaded shared library C:\Program Files\Eclipse Adoptium\jdk-17.0.19.10-hotspot\bin\instrument.dll
Event: 0.082 Loaded shared library C:\Program Files\Eclipse Adoptium\jdk-17.0.19.10-hotspot\bin\net.dll
Event: 0.084 Loaded shared library C:\Program Files\Eclipse Adoptium\jdk-17.0.19.10-hotspot\bin\nio.dll
Event: 0.086 Loaded shared library C:\Program Files\Eclipse Adoptium\jdk-17.0.19.10-hotspot\bin\zip.dll
Event: 0.680 Loaded shared library C:\Program Files\Eclipse Adoptium\jdk-17.0.19.10-hotspot\bin\jimage.dll
Event: 1.079 Loaded shared library C:\Program Files\Eclipse Adoptium\jdk-17.0.19.10-hotspot\bin\verify.dll
Event: 1.122 Loaded shared library C:\Users\User\.gradle\native\1def1411415f61bf3af743bc5b6707747c0891f09f0c88961ee8f79bc544acac\windows-amd64\native-platform.dll
Event: 1.141 Loaded shared library C:\Users\User\.gradle\native\0.2.8\x86_64-windows-gnu\gradle-fileevents.dll
Event: 2.679 Loaded shared library C:\Program Files\Eclipse Adoptium\jdk-17.0.19.10-hotspot\bin\management.dll
Event: 2.684 Loaded shared library C:\Program Files\Eclipse Adoptium\jdk-17.0.19.10-hotspot\bin\management_ext.dll
Event: 3.101 Loaded shared library C:\Program Files\Eclipse Adoptium\jdk-17.0.19.10-hotspot\bin\extnet.dll
Event: 3.465 Loaded shared library C:\Program Files\Eclipse Adoptium\jdk-17.0.19.10-hotspot\bin\sunmscapi.dll

Deoptimization events (20 events):
Event: 100.462 Thread 0x0000024504f074b0 DEOPT PACKING pc=0x0000024564d5e7b0 sp=0x000000bc6d634f20
Event: 100.462 Thread 0x0000024504f074b0 DEOPT UNPACKING pc=0x0000024563e6a1a3 sp=0x000000bc6d634e90 mode 2
Event: 100.462 Thread 0x0000024504f074b0 Uncommon trap: trap_request=0xffffffbe fr.pc=0x0000024564d5e7b0 relative=0x0000000000000310
Event: 100.462 Thread 0x0000024504f074b0 Uncommon trap: reason=profile_predicate action=maybe_recompile pc=0x0000024564d5e7b0 method=java.util.regex.Pattern$Slice.match(Ljava/util/regex/Matcher;ILjava/lang/CharSequence;)Z @ 18 c2
Event: 100.462 Thread 0x0000024504f074b0 DEOPT PACKING pc=0x0000024564d5e7b0 sp=0x000000bc6d634f20
Event: 100.462 Thread 0x0000024504f074b0 DEOPT UNPACKING pc=0x0000024563e6a1a3 sp=0x000000bc6d634e90 mode 2
Event: 100.464 Thread 0x0000024504f074b0 Uncommon trap: trap_request=0xffffffbe fr.pc=0x0000024564d5e7b0 relative=0x0000000000000310
Event: 100.464 Thread 0x0000024504f074b0 Uncommon trap: reason=profile_predicate action=maybe_recompile pc=0x0000024564d5e7b0 method=java.util.regex.Pattern$Slice.match(Ljava/util/regex/Matcher;ILjava/lang/CharSequence;)Z @ 18 c2
Event: 100.464 Thread 0x0000024504f074b0 DEOPT PACKING pc=0x0000024564d5e7b0 sp=0x000000bc6d634e40
Event: 100.464 Thread 0x0000024504f074b0 DEOPT UNPACKING pc=0x0000024563e6a1a3 sp=0x000000bc6d634db0 mode 2
Event: 100.576 Thread 0x0000024504f074b0 DEOPT PACKING pc=0x000002455cab70a0 sp=0x000000bc6d635a40
Event: 100.576 Thread 0x0000024504f074b0 DEOPT UNPACKING pc=0x0000024563e6ace3 sp=0x000000bc6d634e98 mode 0
Event: 100.756 Thread 0x0000024504f074b0 DEOPT PACKING pc=0x000002455e7880c4 sp=0x000000bc6d633b60
Event: 100.756 Thread 0x0000024504f074b0 DEOPT UNPACKING pc=0x0000024563e6ace3 sp=0x000000bc6d633038 mode 0
Event: 101.169 Thread 0x00000245069f1820 Uncommon trap: trap_request=0xffffffdc fr.pc=0x0000024564d3834c relative=0x000000000000022c
Event: 101.169 Thread 0x00000245069f1820 Uncommon trap: reason=class_check action=make_not_entrant pc=0x0000024564d3834c method=java.util.ArrayDeque.toArray(Ljava/lang/Class;)[Ljava/lang/Object; @ 45 c2
Event: 101.169 Thread 0x00000245069f1820 DEOPT PACKING pc=0x0000024564d3834c sp=0x000000bc6e9fe5b0
Event: 101.169 Thread 0x00000245069f1820 DEOPT UNPACKING pc=0x0000024563e6a1a3 sp=0x000000bc6e9fe550 mode 2
Event: 101.192 Thread 0x0000024504f074b0 DEOPT PACKING pc=0x000002455cc00efc sp=0x000000bc6d6354f0
Event: 101.192 Thread 0x0000024504f074b0 DEOPT UNPACKING pc=0x0000024563e6ace3 sp=0x000000bc6d634a58 mode 0

Classes loaded (20 events):
Event: 99.637 Loading class java/util/HashtableBeanInfo
Event: 99.637 Loading class java/util/HashtableBeanInfo done
Event: 99.639 Loading class java/util/HashtableBeanInfo
Event: 99.639 Loading class java/util/HashtableBeanInfo done
Event: 99.640 Loading class java/util/DictionaryBeanInfo
Event: 99.640 Loading class java/util/DictionaryBeanInfo done
Event: 99.641 Loading class java/util/DictionaryBeanInfo
Event: 99.641 Loading class java/util/DictionaryBeanInfo done
Event: 99.641 Loading class java/util/DictionaryCustomizer
Event: 99.642 Loading class java/util/DictionaryCustomizer done
Event: 99.644 Loading class java/util/DictionaryCustomizer
Event: 99.644 Loading class java/util/DictionaryCustomizer done
Event: 99.645 Loading class java/util/HashtableCustomizer
Event: 99.645 Loading class java/util/HashtableCustomizer done
Event: 99.647 Loading class java/util/HashtableCustomizer
Event: 99.647 Loading class java/util/HashtableCustomizer done
Event: 99.650 Loading class java/util/PropertiesCustomizer
Event: 99.651 Loading class java/util/PropertiesCustomizer done
Event: 99.652 Loading class java/util/PropertiesCustomizer
Event: 99.652 Loading class java/util/PropertiesCustomizer done

Classes unloaded (0 events):
No events

Classes redefined (0 events):
No events

Internal exceptions (20 events):
Event: 100.011 Thread 0x0000024504f074b0 Exception <a 'java/lang/ClassNotFoundException'{0x0000000112ebd258}: com/android/build/gradle/internal/CompileOptions$AgpDecorated_DecoratedBeanInfo> (0x0000000112ebd258) 
thrown [s\src\hotspot\share\classfile\systemDictionary.cpp, line 256]
Event: 100.015 Thread 0x0000024504f074b0 Exception <a 'java/lang/ClassNotFoundException'{0x0000000112eda3e0}: com/android/build/gradle/internal/CompileOptions$AgpDecoratedBeanInfo> (0x0000000112eda3e0) 
thrown [s\src\hotspot\share\classfile\systemDictionary.cpp, line 256]
Event: 100.020 Thread 0x0000024504f074b0 Exception <a 'java/lang/ClassNotFoundException'{0x0000000112ef71c8}: com/android/build/gradle/internal/CompileOptionsBeanInfo> (0x0000000112ef71c8) 
thrown [s\src\hotspot\share\classfile\systemDictionary.cpp, line 256]
Event: 100.023 Thread 0x0000024504f074b0 Exception <a 'java/lang/ClassNotFoundException'{0x0000000112d14250}: com/android/build/gradle/internal/CompileOptionsCustomizer> (0x0000000112d14250) 
thrown [s\src\hotspot\share\classfile\systemDictionary.cpp, line 256]
Event: 100.027 Thread 0x0000024504f074b0 Exception <a 'java/lang/ClassNotFoundException'{0x0000000112d3d2e8}: com/android/build/gradle/internal/CompileOptions$AgpDecoratedCustomizer> (0x0000000112d3d2e8) 
thrown [s\src\hotspot\share\classfile\systemDictionary.cpp, line 256]
Event: 100.029 Thread 0x0000024504f074b0 Exception <a 'java/lang/ClassNotFoundException'{0x0000000112d5e200}: com/android/build/gradle/internal/CompileOptions$AgpDecorated_DecoratedCustomizer> (0x0000000112d5e200) 
thrown [s\src\hotspot\share\classfile\systemDictionary.cpp, line 256]
Event: 100.210 Thread 0x0000024504f074b0 Exception <a 'java/lang/ClassNotFoundException'{0x0000000112c9df10}: org/gradle/api/internal/artifacts/dsl/dependencies/DefaultDependencyConstraintHandler_DecoratedBeanInfo> (0x0000000112c9df10) 
thrown [s\src\hotspot\share\classfile\systemDictionary.cpp, line 256]
Event: 100.229 Thread 0x0000024504f074b0 Exception <a 'java/lang/ClassNotFoundException'{0x0000000112cc7c38}: org/gradle/api/internal/artifacts/dsl/dependencies/DefaultDependencyConstraintHandlerBeanInfo> (0x0000000112cc7c38) 
thrown [s\src\hotspot\share\classfile\systemDictionary.cpp, line 256]
Event: 100.239 Thread 0x0000024504f074b0 Exception <a 'java/lang/ClassNotFoundException'{0x0000000112cf1800}: org/gradle/api/internal/artifacts/dsl/dependencies/DefaultDependencyConstraintHandlerCustomizer> (0x0000000112cf1800) 
thrown [s\src\hotspot\share\classfile\systemDictionary.cpp, line 256]
Event: 100.244 Thread 0x0000024504f074b0 Exception <a 'java/lang/ClassNotFoundException'{0x0000000112b2c228}: org/gradle/api/internal/artifacts/dsl/dependencies/DefaultDependencyConstraintHandler_DecoratedCustomizer> (0x0000000112b2c228) 
thrown [s\src\hotspot\share\classfile\systemDictionary.cpp, line 256]
Event: 100.262 Thread 0x0000024504f074b0 Exception <a 'java/lang/ClassNotFoundException'{0x0000000112bb2300}: org/gradle/api/internal/artifacts/dependencies/DefaultDependencyConstraint_DecoratedBeanInfo> (0x0000000112bb2300) 
thrown [s\src\hotspot\share\classfile\systemDictionary.cpp, line 256]
Event: 100.270 Thread 0x0000024504f074b0 Exception <a 'java/lang/ClassNotFoundException'{0x0000000112bdddd0}: org/gradle/api/internal/artifacts/dependencies/DefaultDependencyConstraintBeanInfo> (0x0000000112bdddd0) 
thrown [s\src\hotspot\share\classfile\systemDictionary.cpp, line 256]
Event: 100.274 Thread 0x0000024504f074b0 Exception <a 'java/lang/ClassNotFoundException'{0x0000000112a0a170}: org/gradle/api/internal/artifacts/dependencies/AbstractDependencyConstraintBeanInfo> (0x0000000112a0a170) 
thrown [s\src\hotspot\share\classfile\systemDictionary.cpp, line 256]
Event: 100.277 Thread 0x0000024504f074b0 Exception <a 'java/lang/ClassNotFoundException'{0x0000000112a35c60}: org/gradle/api/internal/artifacts/dependencies/AbstractDependencyConstraintCustomizer> (0x0000000112a35c60) 
thrown [s\src\hotspot\share\classfile\systemDictionary.cpp, line 256]
Event: 100.281 Thread 0x0000024504f074b0 Exception <a 'java/lang/ClassNotFoundException'{0x0000000112a65f20}: org/gradle/api/internal/artifacts/dependencies/DefaultDependencyConstraintCustomizer> (0x0000000112a65f20) 
thrown [s\src\hotspot\share\classfile\systemDictionary.cpp, line 256]
Event: 100.285 Thread 0x0000024504f074b0 Exception <a 'java/lang/ClassNotFoundException'{0x0000000112aa2e08}: org/gradle/api/internal/artifacts/dependencies/DefaultDependencyConstraint_DecoratedCustomizer> (0x0000000112aa2e08) 
thrown [s\src\hotspot\share\classfile\systemDictionary.cpp, line 256]
Event: 101.189 Thread 0x0000024504f074b0 Exception <a 'java/lang/ClassNotFoundException'{0x000000011169a480}: build_97cp15bbaphptms7yvsk3wznuBeanInfo> (0x000000011169a480) 
thrown [s\src\hotspot\share\classfile\systemDictionary.cpp, line 256]
Event: 101.191 Thread 0x0000024504f074b0 Exception <a 'java/lang/ClassNotFoundException'{0x00000001116a4340}: build_97cp15bbaphptms7yvsk3wznuCustomizer> (0x00000001116a4340) 
thrown [s\src\hotspot\share\classfile\systemDictionary.cpp, line 256]
Event: 101.238 Thread 0x0000024504f074b0 Exception <a 'java/lang/ClassNotFoundException'{0x0000000111519038}: build_97cp15bbaphptms7yvsk3wznu$_run_closure1BeanInfo> (0x0000000111519038) 
thrown [s\src\hotspot\share\classfile\systemDictionary.cpp, line 256]
Event: 101.239 Thread 0x0000024504f074b0 Exception <a 'java/lang/ClassNotFoundException'{0x0000000111527420}: build_97cp15bbaphptms7yvsk3wznu$_run_closure1Customizer> (0x0000000111527420) 
thrown [s\src\hotspot\share\classfile\systemDictionary.cpp, line 256]

VM Operations (20 events):
Event: 101.900 Executing VM operation: G1CollectForAllocation
Event: 101.938 Executing VM operation: G1CollectForAllocation done
Event: 102.946 Executing VM operation: Cleanup
Event: 102.962 Executing VM operation: Cleanup done
Event: 103.963 Executing VM operation: Cleanup
Event: 103.963 Executing VM operation: Cleanup done
Event: 104.965 Executing VM operation: Cleanup
Event: 104.981 Executing VM operation: Cleanup done
Event: 105.981 Executing VM operation: Cleanup
Event: 105.982 Executing VM operation: Cleanup done
Event: 106.983 Executing VM operation: Cleanup
Event: 106.984 Executing VM operation: Cleanup done
Event: 108.810 Executing VM operation: G1CollectForAllocation
Event: 108.903 Executing VM operation: G1CollectForAllocation done
Event: 109.913 Executing VM operation: Cleanup
Event: 109.913 Executing VM operation: Cleanup done
Event: 110.927 Executing VM operation: Cleanup
Event: 110.928 Executing VM operation: Cleanup done
Event: 112.944 Executing VM operation: Cleanup
Event: 113.126 Executing VM operation: Cleanup done

Memory protections (0 events):
No events

Nmethod flushes (20 events):
Event: 84.623 Thread 0x0000024570c78270 flushing  nmethod 0x000002455c976890
Event: 84.624 Thread 0x0000024570c78270 flushing  nmethod 0x000002455caab910
Event: 84.625 Thread 0x0000024570c78270 flushing  nmethod 0x000002455cb26c10
Event: 84.626 Thread 0x0000024570c78270 flushing  nmethod 0x000002455cb9ac90
Event: 84.629 Thread 0x0000024570c78270 flushing  nmethod 0x000002455ce03110
Event: 84.630 Thread 0x0000024570c78270 flushing  nmethod 0x000002455ce97290
Event: 84.630 Thread 0x0000024570c78270 flushing  nmethod 0x000002455ced0d10
Event: 84.630 Thread 0x0000024570c78270 flushing  nmethod 0x000002455ced1a10
Event: 84.632 Thread 0x0000024570c78270 flushing  nmethod 0x000002455d00ba10
Event: 84.632 Thread 0x0000024570c78270 flushing  nmethod 0x000002455d00fa90
Event: 84.632 Thread 0x0000024570c78270 flushing  nmethod 0x000002455d03c910
Event: 84.632 Thread 0x0000024570c78270 flushing  nmethod 0x000002455d04af90
Event: 84.634 Thread 0x0000024570c78270 flushing  nmethod 0x000002455d0ed790
Event: 84.634 Thread 0x0000024570c78270 flushing  nmethod 0x000002455d173a10
Event: 84.641 Thread 0x0000024570c78270 flushing  nmethod 0x000002455d677290
Event: 84.641 Thread 0x0000024570c78270 flushing  nmethod 0x000002455d683190
Event: 84.641 Thread 0x0000024570c78270 flushing  nmethod 0x000002455d6d6490
Event: 84.645 Thread 0x0000024570c78270 flushing  nmethod 0x000002455d9e6f10
Event: 84.648 Thread 0x0000024570c78270 flushing  nmethod 0x000002455dcfb190
Event: 84.656 Thread 0x0000024570c78270 flushing  nmethod 0x000002455e426090

Events (20 events):
Event: 37.547 Thread 0x0000024504f074b0 Thread added: 0x0000024507a470b0
Event: 37.633 Thread 0x0000024507a433f0 Thread added: 0x0000024507a49930
Event: 38.067 Thread 0x0000024507a46ba0 Thread added: 0x0000024507a475c0
Event: 43.869 Thread 0x0000024504f074b0 Thread added: 0x0000024507a47fe0
Event: 51.210 Thread 0x0000024504f074b0 Thread added: 0x000002450664a770
Event: 51.956 Thread 0x0000024504f074b0 Thread added: 0x00000245069f3170
Event: 52.358 Thread 0x0000024504f074b0 Thread added: 0x00000245069f1820
Event: 53.324 Thread 0x0000024504f074b0 Thread added: 0x00000245069ef9c0
Event: 53.326 Thread 0x0000024507a433f0 Thread added: 0x00000245069f2240
Event: 62.730 Thread 0x0000024504f074b0 Thread added: 0x00000245069f2750
Event: 63.194 Thread 0x0000024504f074b0 Thread added: 0x00000245069f3680
Event: 63.379 Thread 0x0000024504f074b0 Thread added: 0x00000245069efed0
Event: 63.399 Thread 0x0000024504f074b0 Thread added: 0x00000245069f3b90
Event: 67.211 Thread 0x0000024504f074b0 Thread added: 0x00000245069f40a0
Event: 70.099 Thread 0x0000024506645160 Thread exited: 0x0000024506645160
Event: 76.651 Thread 0x0000024504f074b0 Thread added: 0x00000245069f54e0
Event: 76.785 Thread 0x0000024504f074b0 Thread added: 0x00000245069f7340
Event: 97.416 Thread 0x0000024507a46180 Thread exited: 0x0000024507a46180
Event: 97.425 Thread 0x0000024507a45c70 Thread exited: 0x0000024507a45c70
Event: 97.432 Thread 0x0000024507a44d40 Thread exited: 0x0000024507a44d40


Dynamic libraries:
0x00007ff781b50000 - 0x00007ff781b5e000 	C:\Program Files\Eclipse Adoptium\jdk-17.0.19.10-hotspot\bin\java.exe
0x00007ffe8d460000 - 0x00007ffe8d6c6000 	C:\WINDOWS\SYSTEM32\ntdll.dll
0x00007ffe8b640000 - 0x00007ffe8b709000 	C:\WINDOWS\System32\KERNEL32.DLL
0x00007ffe8ada0000 - 0x00007ffe8b19a000 	C:\WINDOWS\System32\KERNELBASE.dll
0x00007ffe8ac50000 - 0x00007ffe8ad9c000 	C:\WINDOWS\System32\ucrtbase.dll
0x00007ffe502a0000 - 0x00007ffe502be000 	C:\Program Files\Eclipse Adoptium\jdk-17.0.19.10-hotspot\bin\VCRUNTIME140.dll
0x00007ffe502c0000 - 0x00007ffe502d8000 	C:\Program Files\Eclipse Adoptium\jdk-17.0.19.10-hotspot\bin\jli.dll
0x00007ffe8b920000 - 0x00007ffe8bae7000 	C:\WINDOWS\System32\USER32.dll
0x00007ffe6d8d0000 - 0x00007ffe6db62000 	C:\WINDOWS\WinSxS\amd64_microsoft.windows.common-controls_6595b64144ccf1df_6.0.26100.8521_none_3e08b75ce33403b3\COMCTL32.dll
0x00007ffe8b1a0000 - 0x00007ffe8b1c7000 	C:\WINDOWS\System32\win32u.dll
0x00007ffe8cf50000 - 0x00007ffe8cff9000 	C:\WINDOWS\System32\msvcrt.dll
0x00007ffe8d3f0000 - 0x00007ffe8d41b000 	C:\WINDOWS\System32\GDI32.dll
0x00007ffe8a7a0000 - 0x00007ffe8a8cb000 	C:\WINDOWS\System32\gdi32full.dll
0x00007ffe8a8d0000 - 0x00007ffe8a973000 	C:\WINDOWS\System32\msvcp_win.dll
0x00007ffe8c160000 - 0x00007ffe8c192000 	C:\WINDOWS\System32\IMM32.DLL
0x00007ffe50250000 - 0x00007ffe5025c000 	C:\Program Files\Eclipse Adoptium\jdk-17.0.19.10-hotspot\bin\vcruntime140_1.dll
0x00007ffdf93b0000 - 0x00007ffdf943d000 	C:\Program Files\Eclipse Adoptium\jdk-17.0.19.10-hotspot\bin\msvcp140.dll
0x00007ffd95b30000 - 0x00007ffd9679c000 	C:\Program Files\Eclipse Adoptium\jdk-17.0.19.10-hotspot\bin\server\jvm.dll
0x00007ffe8bba0000 - 0x00007ffe8bc56000 	C:\WINDOWS\System32\ADVAPI32.dll
0x00007ffe8baf0000 - 0x00007ffe8bb9a000 	C:\WINDOWS\System32\sechost.dll
0x00007ffe8c1a0000 - 0x00007ffe8c2b8000 	C:\WINDOWS\System32\RPCRT4.dll
0x00007ffe8bd40000 - 0x00007ffe8bdc0000 	C:\WINDOWS\System32\WS2_32.dll
0x00007ffe8a570000 - 0x00007ffe8a5ce000 	C:\WINDOWS\SYSTEM32\POWRPROF.dll
0x00007ffe79e30000 - 0x00007ffe79e3b000 	C:\WINDOWS\SYSTEM32\VERSION.dll
0x00007ffe7f970000 - 0x00007ffe7f9a6000 	C:\WINDOWS\SYSTEM32\WINMM.dll
0x00007ffe8a550000 - 0x00007ffe8a564000 	C:\WINDOWS\SYSTEM32\UMPDC.dll
0x00007ffe89480000 - 0x00007ffe8949b000 	C:\WINDOWS\SYSTEM32\kernel.appcore.dll
0x00007ffe44400000 - 0x00007ffe4440a000 	C:\Program Files\Eclipse Adoptium\jdk-17.0.19.10-hotspot\bin\jimage.dll
0x00007ffe87e70000 - 0x00007ffe880b2000 	C:\WINDOWS\SYSTEM32\DBGHELP.DLL
0x00007ffe8bdd0000 - 0x00007ffe8c153000 	C:\WINDOWS\System32\combase.dll
0x00007ffe8bc60000 - 0x00007ffe8bd39000 	C:\WINDOWS\System32\OLEAUT32.dll
0x00007ffe69910000 - 0x00007ffe6994b000 	C:\WINDOWS\SYSTEM32\dbgcore.DLL
0x00007ffe8a6f0000 - 0x00007ffe8a798000 	C:\WINDOWS\System32\bcryptPrimitives.dll
0x00007ffe422a0000 - 0x00007ffe422ae000 	C:\Program Files\Eclipse Adoptium\jdk-17.0.19.10-hotspot\bin\instrument.dll
0x00007ffe078a0000 - 0x00007ffe078c5000 	C:\Program Files\Eclipse Adoptium\jdk-17.0.19.10-hotspot\bin\java.dll
0x00007ffdcb770000 - 0x00007ffdcb847000 	C:\Program Files\Eclipse Adoptium\jdk-17.0.19.10-hotspot\bin\jsvml.dll
0x00007ffe8c2c0000 - 0x00007ffe8ca44000 	C:\WINDOWS\System32\SHELL32.dll
0x00007ffe88280000 - 0x00007ffe88b00000 	C:\WINDOWS\SYSTEM32\windows.storage.dll
0x00007ffe8b810000 - 0x00007ffe8b906000 	C:\WINDOWS\System32\SHCORE.dll
0x00007ffe8d300000 - 0x00007ffe8d367000 	C:\WINDOWS\System32\shlwapi.dll
0x00007ffe8a610000 - 0x00007ffe8a639000 	C:\WINDOWS\SYSTEM32\profapi.dll
0x00007ffe0b5e0000 - 0x00007ffe0b5f8000 	C:\Program Files\Eclipse Adoptium\jdk-17.0.19.10-hotspot\bin\zip.dll
0x00007ffe16820000 - 0x00007ffe1683a000 	C:\Program Files\Eclipse Adoptium\jdk-17.0.19.10-hotspot\bin\net.dll
0x00007ffe7f800000 - 0x00007ffe7f929000 	C:\WINDOWS\SYSTEM32\WINHTTP.dll
0x00007ffe899f0000 - 0x00007ffe89a5c000 	C:\WINDOWS\system32\mswsock.dll
0x00007ffe0c8b0000 - 0x00007ffe0c8c6000 	C:\Program Files\Eclipse Adoptium\jdk-17.0.19.10-hotspot\bin\nio.dll
0x00007ffe42630000 - 0x00007ffe42640000 	C:\Program Files\Eclipse Adoptium\jdk-17.0.19.10-hotspot\bin\verify.dll
0x00007ffe06860000 - 0x00007ffe06887000 	C:\Users\User\.gradle\native\1def1411415f61bf3af743bc5b6707747c0891f09f0c88961ee8f79bc544acac\windows-amd64\native-platform.dll
0x00007ffdf9230000 - 0x00007ffdf92a7000 	C:\Users\User\.gradle\native\0.2.8\x86_64-windows-gnu\gradle-fileevents.dll
0x00007ffe42fb0000 - 0x00007ffe42fba000 	C:\Program Files\Eclipse Adoptium\jdk-17.0.19.10-hotspot\bin\management.dll
0x00007ffe42e90000 - 0x00007ffe42e9c000 	C:\Program Files\Eclipse Adoptium\jdk-17.0.19.10-hotspot\bin\management_ext.dll
0x00007ffe8b1d0000 - 0x00007ffe8b1d8000 	C:\WINDOWS\System32\PSAPI.DLL
0x00007ffe88e30000 - 0x00007ffe88e63000 	C:\WINDOWS\SYSTEM32\IPHLPAPI.DLL
0x00007ffe8b330000 - 0x00007ffe8b33a000 	C:\WINDOWS\System32\NSI.dll
0x00007ffe819d0000 - 0x00007ffe819ed000 	C:\WINDOWS\SYSTEM32\dhcpcsvc6.DLL
0x00007ffe819a0000 - 0x00007ffe819c5000 	C:\WINDOWS\SYSTEM32\dhcpcsvc.DLL
0x00007ffe88e70000 - 0x00007ffe88fba000 	C:\WINDOWS\SYSTEM32\DNSAPI.dll
0x00007ffe89810000 - 0x00007ffe8981d000 	C:\WINDOWS\SYSTEM32\DSPARSE.dll
0x00007ffe42360000 - 0x00007ffe42369000 	C:\Program Files\Eclipse Adoptium\jdk-17.0.19.10-hotspot\bin\extnet.dll
0x00007ffe89cd0000 - 0x00007ffe89ceb000 	C:\WINDOWS\SYSTEM32\CRYPTSP.dll
0x00007ffe893c0000 - 0x00007ffe893f9000 	C:\WINDOWS\system32\rsaenh.dll
0x00007ffe89aa0000 - 0x00007ffe89ad3000 	C:\WINDOWS\SYSTEM32\USERENV.dll
0x00007ffe8a5e0000 - 0x00007ffe8a60a000 	C:\WINDOWS\SYSTEM32\bcrypt.dll
0x00007ffe89cf0000 - 0x00007ffe89cfc000 	C:\WINDOWS\SYSTEM32\CRYPTBASE.dll
0x00007ffe41570000 - 0x00007ffe4157e000 	C:\Program Files\Eclipse Adoptium\jdk-17.0.19.10-hotspot\bin\sunmscapi.dll
0x00007ffe8aad0000 - 0x00007ffe8ac48000 	C:\WINDOWS\System32\CRYPT32.dll
0x00007ffe89ef0000 - 0x00007ffe89f20000 	C:\WINDOWS\SYSTEM32\ncrypt.dll
0x00007ffe89ea0000 - 0x00007ffe89edf000 	C:\WINDOWS\SYSTEM32\NTASN1.dll
0x00007ffe6a7f0000 - 0x00007ffe6a7f8000 	C:\WINDOWS\system32\wshunix.dll
0x00007ffe7ef30000 - 0x00007ffe7ef3b000 	C:\Windows\System32\rasadhlp.dll
0x00007ffe81be0000 - 0x00007ffe81c66000 	C:\WINDOWS\System32\fwpuclnt.dll

dbghelp: loaded successfully - version: 4.0.5 - missing functions: none
symbol engine: initialized successfully - sym options: 0x614 - pdb path: .;C:\Program Files\Eclipse Adoptium\jdk-17.0.19.10-hotspot\bin;C:\WINDOWS\SYSTEM32;C:\WINDOWS\WinSxS\amd64_microsoft.windows.common-controls_6595b64144ccf1df_6.0.26100.8521_none_3e08b75ce33403b3;C:\Program Files\Eclipse Adoptium\jdk-17.0.19.10-hotspot\bin\server;C:\Users\User\.gradle\native\1def1411415f61bf3af743bc5b6707747c0891f09f0c88961ee8f79bc544acac\windows-amd64;C:\Users\User\.gradle\native\0.2.8\x86_64-windows-gnu

VM Arguments:
jvm_args: --add-opens=java.base/java.lang=ALL-UNNAMED --add-opens=java.base/java.lang.invoke=ALL-UNNAMED --add-opens=java.base/java.util=ALL-UNNAMED --add-opens=java.prefs/java.util.prefs=ALL-UNNAMED --add-exports=jdk.compiler/com.sun.tools.javac.api=ALL-UNNAMED --add-exports=jdk.compiler/com.sun.tools.javac.util=ALL-UNNAMED --add-opens=java.base/java.util=ALL-UNNAMED --add-opens=java.prefs/java.util.prefs=ALL-UNNAMED --add-opens=java.base/java.nio.charset=ALL-UNNAMED --add-opens=java.base/java.net=ALL-UNNAMED --add-opens=java.base/java.util.concurrent=ALL-UNNAMED --add-opens=java.base/java.util.concurrent.atomic=ALL-UNNAMED --add-opens=java.xml/javax.xml.namespace=ALL-UNNAMED -XX:MaxMetaspaceSize=256m -XX:HeapBaseMinAddress=4g -XX:CICompilerCount=2 -Xss256k -Xmx1024m -Dfile.encoding=windows-1252 -Duser.country=IN -Duser.language=en -Duser.variant -javaagent:C:\Users\User\.gradle\wrapper\dists\gradle-9.0.0-bin\d6wjpkvcgsg3oed0qlfss3wgl\gradle-9.0.0\lib\agents\gradle-instrumentation-agent-9.0.0.jar 
java_command: org.gradle.launcher.daemon.bootstrap.GradleDaemon 9.0.0
java_class_path (initial): C:\Users\User\.gradle\wrapper\dists\gradle-9.0.0-bin\d6wjpkvcgsg3oed0qlfss3wgl\gradle-9.0.0\lib\gradle-daemon-main-9.0.0.jar
Launcher Type: SUN_STANDARD

[Global flags]
     intx CICompilerCount                          = 2                                         {product} {command line}
   size_t CompressedClassSpaceSize                 = 218103808                                 {product} {ergonomic}
     uint ConcGCThreads                            = 2                                         {product} {ergonomic}
     uint G1ConcRefinementThreads                  = 8                                         {product} {ergonomic}
   size_t G1HeapRegionSize                         = 1048576                                   {product} {ergonomic}
    uintx GCDrainStackTargetSize                   = 64                                        {product} {ergonomic}
   size_t HeapBaseMinAddress                       = 4294967296                             {pd product} {command line}
   size_t InitialHeapSize                          = 132120576                                 {product} {ergonomic}
   size_t MarkStackSize                            = 4194304                                   {product} {ergonomic}
   size_t MaxHeapSize                              = 1073741824                                {product} {command line}
   size_t MaxMetaspaceSize                         = 268435456                                 {product} {command line}
   size_t MaxNewSize                               = 643825664                                 {product} {ergonomic}
   size_t MinHeapDeltaBytes                        = 1048576                                   {product} {ergonomic}
   size_t MinHeapSize                              = 8388608                                   {product} {ergonomic}
    uintx NonNMethodCodeHeapSize                   = 5826188                                {pd product} {ergonomic}
    uintx NonProfiledCodeHeapSize                  = 122916026                              {pd product} {ergonomic}
    uintx ProfiledCodeHeapSize                     = 122916026                              {pd product} {ergonomic}
    uintx ReservedCodeCacheSize                    = 251658240                              {pd product} {ergonomic}
     bool SegmentedCodeCache                       = true                                      {product} {ergonomic}
   size_t SoftMaxHeapSize                          = 1073741824                             {manageable} {ergonomic}
     intx ThreadStackSize                          = 256                                    {pd product} {command line}
     bool UseCompressedClassPointers               = true                           {product lp64_product} {ergonomic}
     bool UseCompressedOops                        = true                           {product lp64_product} {ergonomic}
     bool UseG1GC                                  = true                                      {product} {ergonomic}
     bool UseLargePagesIndividualAllocation        = false                                  {pd product} {ergonomic}

Logging:
Log output configuration:
 #0: stdout all=warning uptime,level,tags
 #1: stderr all=off uptime,level,tags

Environment Variables:
JAVA_HOME=C:\Program Files\Eclipse Adoptium\jdk-17.0.19.10-hotspot
PATH=D:\Hinduja\SyncFound\codebase\syncfound-mobile-frontend\node_modules\.bin;D:\Hinduja\SyncFound\codebase\node_modules\.bin;D:\Hinduja\SyncFound\node_modules\.bin;D:\Hinduja\node_modules\.bin;D:\node_modules\.bin;C:\Users\User\AppData\Roaming\npm\node_modules\npm\node_modules\@npmcli\run-script\lib\node-gyp-bin;c:\Users\User\AppData\Roaming\Code\User\globalStorage\github.copilot-chat\debugCommand;c:\Users\User\AppData\Roaming\Code\User\globalStorage\github.copilot-chat\copilotCli;C:\Program Files\Eclipse Adoptium\jdk-17.0.19.10-hotspot\bin;C:\Python314\Scripts\;C:\Python314\;D:\Installation\Python311\Scripts\;D:\Installation\Python311\;C:\Windows\system32;C:\Windows;C:\Windows\System32\Wbem;C:\Windows\System32\WindowsPowerShell\v1.0\;C:\Windows\System32\OpenSSH\;D:\Installation\Git\cmd;C:\Program Files\Docker\Docker\resources\bin;C:\Program Files\Kubernetes\Minikube;C:\ProgramData\chocolatey\bin;C:\Program Files\Microsoft SQL Server\150\Tools\Binn\;C:\Program Files\Microsoft SQL Server\Client SDK\ODBC\170\Tools\Binn\;C:\Program Files\dotnet\;C:\Program Files (x86)\Windows Kits\10\Windows Performance Toolkit\;C:\Program Files (x86)\Yarn\bin\;D:\Installation\Go\bin;C:\WINDOWS\system32;C:\WINDOWS;C:\WINDOWS\System32\Wbem;C:\WINDOWS\System32\WindowsPowerShell\v1.0\;C:\WINDOWS\System32\OpenSSH\;D:\Installation\Void\bin;C:\Program Files\Meld\;D:\Installation\nodejs\;C:\Users\User\scoop\shims;C:\Users\User\AppData\Local\Microsoft\WindowsApps;D:\Installations\JetBrains\PyCharm Community Edition 2022.3.1\bin;;D:\Installation\flutter\bin;C:\Program Files\Eclipse Adoptium\jdk-17.0.19.10-hotspot\bin;D:\Installation\Python311;D:\Installation\Python311\Scripts\;D:\Installation\nodejs\;D:\Installation\Microsoft VS Code\bin;D:\Installation\Kubernetes;C:\Program Files\Kubernetes\Minikube;C:\ProgramData\chocolatey;C:\Program Files\MySQL\MySQL Server 8.0\bin;C:\Users\User\.dotnet\tools;C:\Users\User\AppData\Roaming\npm\node_modules\serverless\bin;D:\Installation\JetBrains\IntelliJ IDEA Community Edition 2022.3.3\bin;;D:\Installation\PostgreSQL\15\bin;C:\Users\User\AppData\Local\Yarn\bin;C:\Users\User\AppData\Local\Android\Sdk\platform-tools;D:\Installation\Anaconda3\condabin;D:\Installation\apache-maven-3.9.2\bin;C:\Users\User\AppData\Local\Pandoc\;C:\Users\User\go\bin;D:\Installation\Go\bin;C:\Users\User\AppData\Local\Programs\cursor\resources\app\bin;C:\Users\User\AppData\Local\GitHubDesktop\bin;C:\Users\User\AppData\Local\Programs\Ollama;C:\Users\User\AppData\Local\Android\Sdk\platform-tools;C:\Users\User\AppData\Roaming\npm;D:\Installation\Antigravity\bin;D:\Installation\Google\Cloud SDK\google-cloud-sdk\bin;C:\Program Files\Eclipse Adoptium\jdk-17.0.19.10-hotspot\bin;c:\Users\User\.vscode\extensions\vscjava.vscode-java-debug-0.59.0\bundled\scripts\noConfigScripts;c:\Users\User\.vscode\extensions\ms-python.debugpy-2026.6.0-win32-x64\bundled\scripts\noConfigScripts
USERNAME=User
LANG=en_US.UTF-8
OS=Windows_NT
PROCESSOR_IDENTIFIER=Intel64 Family 6 Model 140 Stepping 2, GenuineIntel
TMP=C:\Users\User\AppData\Local\Temp
TEMP=C:\Users\User\AppData\Local\Temp



Periodic native trim disabled


---------------  S Y S T E M  ---------------

OS:
 Windows 11 , 64 bit Build 26100 (10.0.26100.8521)
OS uptime: 1 days 13:21 hours
Hyper-V role detected

CPU: total 8 (initial active 8) (4 cores per cpu, 2 threads per core) family 6 model 140 stepping 2 microcode 0x2c, cx8, cmov, fxsr, ht, mmx, 3dnowpref, sse, sse2, sse3, ssse3, sse4.1, sse4.2, popcnt, lzcnt, tsc, tscinvbit, avx, avx2, aes, erms, clmul, bmi1, bmi2, adx, avx512f, avx512dq, avx512cd, avx512bw, avx512vl, sha, fma, vzeroupper, avx512_vpopcntdq, avx512_vpclmulqdq, avx512_vaes, avx512_vnni, clflush, clflushopt, clwb, avx512_vbmi2, avx512_vbmi, hv
Processor Information for processor 0
  Max Mhz: 2496, Current Mhz: 2496, Mhz Limit: 2496
Processor Information for processor 1
  Max Mhz: 2496, Current Mhz: 2496, Mhz Limit: 2496
Processor Information for processor 2
  Max Mhz: 2496, Current Mhz: 2496, Mhz Limit: 2496
Processor Information for processor 3
  Max Mhz: 2496, Current Mhz: 1198, Mhz Limit: 2496
Processor Information for processor 4
  Max Mhz: 2496, Current Mhz: 2496, Mhz Limit: 2496
Processor Information for processor 5
  Max Mhz: 2496, Current Mhz: 2496, Mhz Limit: 2496
Processor Information for processor 6
  Max Mhz: 2496, Current Mhz: 2496, Mhz Limit: 2496
Processor Information for processor 7
  Max Mhz: 2496, Current Mhz: 2496, Mhz Limit: 2496

Memory: 4k page, system-wide physical 7941M (390M free)
TotalPageFile size 32517M (AvailPageFile size 68M)
current process WorkingSet (physical memory assigned to process): 176M, peak: 485M
current process commit charge ("private bytes"): 733M, peak: 754M

vm_info: OpenJDK 64-Bit Server VM (17.0.19+10) for windows-amd64 JRE (17.0.19+10), built on Apr 25 2026 08:04:44 by "admin" with MS VC++ 17.12 (VS2022)

END.
