#
# There is insufficient memory for the Java Runtime Environment to continue.
# Native memory allocation (malloc) failed to allocate 1403616 bytes. Error detail: Chunk::new
# Possible reasons:
#   The system is out of physical RAM or swap space
#   This process is running with CompressedOops enabled, and the Java Heap may be blocking the growth of the native heap
# Possible solutions:
#   Reduce memory load on the system
#   Increase physical memory or swap space
#   Check if swap backing store is full
#   Decrease Java heap size (-Xmx/-Xms)
#   Decrease number of Java threads
#   Decrease Java thread stack sizes (-Xss)
#   Set larger code cache with -XX:ReservedCodeCacheSize=
#   JVM is running with Zero Based Compressed Oops mode in which the Java heap is
#     placed in the first 32GB address space. The Java Heap base address is the
#     maximum limit for the native heap growth. Please use -XX:HeapBaseMinAddress
#     to set the Java Heap base and to place the Java Heap above 32GB virtual address.
# This output file may be truncated or incomplete.
#
#  Out of Memory Error (arena.cpp:191), pid=35588, tid=34020
#
# JRE version: OpenJDK Runtime Environment Temurin-17.0.19+10 (17.0.19+10) (build 17.0.19+10)
# Java VM: OpenJDK 64-Bit Server VM Temurin-17.0.19+10 (17.0.19+10, mixed mode, sharing, tiered, compressed oops, compressed class ptrs, g1 gc, windows-amd64)
# No core dump will be written. Minidumps are not enabled by default on client versions of Windows
#

---------------  S U M M A R Y ------------

Command Line: --add-opens=java.base/java.lang=ALL-UNNAMED --add-opens=java.base/java.lang.invoke=ALL-UNNAMED --add-opens=java.base/java.util=ALL-UNNAMED --add-opens=java.prefs/java.util.prefs=ALL-UNNAMED --add-exports=jdk.compiler/com.sun.tools.javac.api=ALL-UNNAMED --add-exports=jdk.compiler/com.sun.tools.javac.util=ALL-UNNAMED --add-opens=java.base/java.util=ALL-UNNAMED --add-opens=java.prefs/java.util.prefs=ALL-UNNAMED --add-opens=java.base/java.nio.charset=ALL-UNNAMED --add-opens=java.base/java.net=ALL-UNNAMED --add-opens=java.base/java.util.concurrent=ALL-UNNAMED --add-opens=java.base/java.util.concurrent.atomic=ALL-UNNAMED --add-opens=java.xml/javax.xml.namespace=ALL-UNNAMED -XX:MaxMetaspaceSize=256m -XX:HeapBaseMinAddress=4g -XX:CICompilerCount=2 -Xss256k -Xmx1024m -Dfile.encoding=windows-1252 -Duser.country=IN -Duser.language=en -Duser.variant -javaagent:C:\Users\User\.gradle\wrapper\dists\gradle-9.0.0-bin\d6wjpkvcgsg3oed0qlfss3wgl\gradle-9.0.0\lib\agents\gradle-instrumentation-agent-9.0.0.jar org.gradle.launcher.daemon.bootstrap.GradleDaemon 9.0.0

Host: 11th Gen Intel(R) Core(TM) i5-1155G7 @ 2.50GHz, 8 cores, 7G,  Windows 11 , 64 bit Build 26100 (10.0.26100.8521)
Time: Wed Jul 15 23:13:23 2026 India Standard Time elapsed time: 176.444141 seconds (0d 0h 2m 56s)

---------------  T H R E A D  ---------------

Current thread (0x00000224b42e2fb0):  JavaThread "C2 CompilerThread0" daemon [_thread_in_native, id=34020, stack(0x0000006111e00000,0x0000006111f00000)]


Current CompileTask:
C2:176444 24497       4       com.sun.org.apache.xerces.internal.impl.XMLNSDocumentScannerImpl::scanStartElement (1031 bytes)

Stack: [0x0000006111e00000,0x0000006111f00000]
Native frames: (J=compiled Java code, j=interpreted, Vv=VM code, C=native code)
V  [jvm.dll+0x684b29]
V  [jvm.dll+0x83a2d5]
V  [jvm.dll+0x83bd4e]
V  [jvm.dll+0x83c3d3]
V  [jvm.dll+0x24905f]
V  [jvm.dll+0xad536]
V  [jvm.dll+0xadbdc]
V  [jvm.dll+0x368d9e]
V  [jvm.dll+0x1bc4c9]
V  [jvm.dll+0x219fc0]
V  [jvm.dll+0x2192af]
V  [jvm.dll+0x1a49f0]
V  [jvm.dll+0x2299fa]
V  [jvm.dll+0x227bab]
V  [jvm.dll+0x7f0a88]
V  [jvm.dll+0x7eaf1c]
V  [jvm.dll+0x6839f7]
C  [ucrtbase.dll+0x2cd30]
C  [KERNEL32.DLL+0x2e957]
C  [ntdll.dll+0x87c1c]


---------------  P R O C E S S  ---------------

Threads class SMR info:
_java_thread_list=0x00000224d28e4c30, length=70, elements={
0x000002249840c8b0, 0x00000224b42be880, 0x00000224b42bf250, 0x00000224b42dc920,
0x00000224b42dd1f0, 0x00000224b42ddac0, 0x00000224b42e03a0, 0x00000224b42e2fb0,
0x00000224b42f1d30, 0x00000224b4302650, 0x00000224b42a7720, 0x00000224b45d2770,
0x00000224c844a860, 0x00000224c84b7df0, 0x00000224c7aebab0, 0x00000224c873b610,
0x00000224c873a6e0, 0x00000224c8737e60, 0x00000224c873a1d0, 0x00000224c873b100,
0x00000224c873abf0, 0x00000224c8738d90, 0x00000224c8738370, 0x00000224c8738880,
0x00000224c87392a0, 0x00000224c87397b0, 0x00000224c8739cc0, 0x00000224c8c4ee00,
0x00000224c8c4f820, 0x00000224c8c50750, 0x00000224c8c4d9c0, 0x00000224c8c50240,
0x00000224c8c4f310, 0x00000224c8c525b0, 0x00000224c8c52ac0, 0x00000224c8c53f00,
0x00000224c8c52fd0, 0x00000224c8c520a0, 0x00000224c8c51b90, 0x00000224c8c534e0,
0x00000224c8c50c60, 0x00000224c8c54410, 0x00000224c8c54920, 0x00000224c8c54e30,
0x00000224c8c55340, 0x00000224c903b500, 0x00000224c903dd80, 0x00000224c903c430,
0x00000224c903e7a0, 0x00000224c903ce50, 0x00000224c903c940, 0x00000224c903d870,
0x00000224c903d360, 0x00000224c903bf20, 0x00000224c9042970, 0x00000224c90400f0,
0x00000224c9042e80, 0x00000224c9040b10, 0x00000224c9042460, 0x00000224c9041530,
0x00000224c9041f50, 0x00000224c7931780, 0x00000224c792dfd0, 0x00000224c792f410,
0x00000224c792ef00, 0x00000224c792e9f0, 0x00000224c7930d60, 0x00000224c792f920,
0x00000224c8c4ded0, 0x00000224c956c3e0
}

Java Threads: ( => current thread )
  0x000002249840c8b0 JavaThread "main" [_thread_blocked, id=7368, stack(0x0000006111140000,0x0000006111180000)]
  0x00000224b42be880 JavaThread "Reference Handler" daemon [_thread_blocked, id=10232, stack(0x0000006111180000,0x00000061111c0000)]
  0x00000224b42bf250 JavaThread "Finalizer" daemon [_thread_blocked, id=4556, stack(0x00000061111c0000,0x0000006111200000)]
  0x00000224b42dc920 JavaThread "Signal Dispatcher" daemon [_thread_blocked, id=1344, stack(0x0000006111d00000,0x0000006111d40000)]
  0x00000224b42dd1f0 JavaThread "Attach Listener" daemon [_thread_blocked, id=17552, stack(0x0000006111d40000,0x0000006111d80000)]
  0x00000224b42ddac0 JavaThread "Service Thread" daemon [_thread_blocked, id=2344, stack(0x0000006111d80000,0x0000006111dc0000)]
  0x00000224b42e03a0 JavaThread "Monitor Deflation Thread" daemon [_thread_blocked, id=17528, stack(0x0000006111dc0000,0x0000006111e00000)]
=>0x00000224b42e2fb0 JavaThread "C2 CompilerThread0" daemon [_thread_in_native, id=34020, stack(0x0000006111e00000,0x0000006111f00000)]
  0x00000224b42f1d30 JavaThread "C1 CompilerThread0" daemon [_thread_blocked, id=21300, stack(0x0000006111f00000,0x0000006112000000)]
  0x00000224b4302650 JavaThread "Sweeper thread" daemon [_thread_blocked, id=9736, stack(0x0000006112000000,0x0000006112040000)]
  0x00000224b42a7720 JavaThread "Common-Cleaner" daemon [_thread_blocked, id=34356, stack(0x0000006112040000,0x0000006112080000)]
  0x00000224b45d2770 JavaThread "Notification Thread" daemon [_thread_blocked, id=20444, stack(0x0000006112080000,0x00000061120c0000)]
  0x00000224c844a860 JavaThread "Daemon health stats" [_thread_blocked, id=25996, stack(0x00000061125c0000,0x0000006112600000)]
  0x00000224c84b7df0 JavaThread "Incoming local TCP Connector on port 57352" [_thread_in_native, id=28036, stack(0x0000006112600000,0x0000006112640000)]
  0x00000224c7aebab0 JavaThread "Daemon periodic checks" [_thread_blocked, id=16172, stack(0x0000006112640000,0x0000006112680000)]
  0x00000224c873b610 JavaThread "Daemon" [_thread_blocked, id=31960, stack(0x0000006112680000,0x00000061126c0000)]
  0x00000224c873a6e0 JavaThread "Handler for socket connection from /127.0.0.1:57352 to /127.0.0.1:57355" [_thread_in_native, id=32356, stack(0x00000061126c0000,0x0000006112700000)]
  0x00000224c8737e60 JavaThread "Cancel handler" [_thread_blocked, id=29452, stack(0x0000006112700000,0x0000006112740000)]
  0x00000224c873a1d0 JavaThread "Daemon worker" [_thread_blocked, id=32372, stack(0x0000006112740000,0x0000006112780000)]
  0x00000224c873b100 JavaThread "Asynchronous log dispatcher for DefaultDaemonConnection: socket connection from /127.0.0.1:57352 to /127.0.0.1:57355" [_thread_blocked, id=17924, stack(0x0000006112780000,0x00000061127c0000)]
  0x00000224c873abf0 JavaThread "Stdin handler" [_thread_blocked, id=28716, stack(0x00000061127c0000,0x0000006112800000)]
  0x00000224c8738d90 JavaThread "Daemon client event forwarder" [_thread_blocked, id=35292, stack(0x0000006112800000,0x0000006112840000)]
  0x00000224c8738370 JavaThread "Cache worker for journal cache (C:\Users\User\.gradle\caches\journal-1)" [_thread_blocked, id=33020, stack(0x0000006112840000,0x0000006112880000)]
  0x00000224c8738880 JavaThread "File lock request listener" [_thread_in_native, id=16864, stack(0x0000006112880000,0x00000061128c0000)]
  0x00000224c87392a0 JavaThread "Cache worker for file hash cache (C:\Users\User\.gradle\caches\9.0.0\fileHashes)" [_thread_blocked, id=18944, stack(0x00000061128c0000,0x0000006112900000)]
  0x00000224c87397b0 JavaThread "Cache worker for file hash cache (D:\Hinduja\SyncFound\codebase\syncfound-mobile-frontend\android\.gradle\9.0.0\fileHashes)" [_thread_blocked, id=2728, stack(0x0000006112d00000,0x0000006112d40000)]
  0x00000224c8739cc0 JavaThread "Cache worker for Build Output Cleanup Cache (D:\Hinduja\SyncFound\codebase\syncfound-mobile-frontend\android\.gradle\buildOutputCleanup)" [_thread_blocked, id=21600, stack(0x0000006112d40000,0x0000006112d80000)]
  0x00000224c8c4ee00 JavaThread "Cache worker for checksums cache (D:\Hinduja\SyncFound\codebase\syncfound-mobile-frontend\android\.gradle\9.0.0\checksums)" [_thread_blocked, id=9240, stack(0x0000006112d80000,0x0000006112dc0000)]
  0x00000224c8c4f820 JavaThread "Cache worker for file content cache (C:\Users\User\.gradle\caches\9.0.0\fileContent)" [_thread_blocked, id=33984, stack(0x0000006112dc0000,0x0000006112e00000)]
  0x00000224c8c50750 JavaThread "Cache worker for cache directory md-supplier (C:\Users\User\.gradle\caches\9.0.0\md-supplier)" [_thread_blocked, id=28496, stack(0x0000006112e00000,0x0000006112e40000)]
  0x00000224c8c4d9c0 JavaThread "Cache worker for cache directory md-rule (C:\Users\User\.gradle\caches\9.0.0\md-rule)" [_thread_blocked, id=23368, stack(0x0000006112e40000,0x0000006112e80000)]
  0x00000224c8c50240 JavaThread "jar transforms" [_thread_blocked, id=6740, stack(0x0000006112e80000,0x0000006112ec0000)]
  0x00000224c8c4f310 JavaThread "Cache worker for Build Output Cleanup Cache (D:\Hinduja\SyncFound\codebase\syncfound-mobile-frontend\node_modules\@react-native\gradle-plugin\.gradle\buildOutputCleanup)" [_thread_blocked, id=3752, stack(0x0000006113080000,0x00000061130c0000)]
  0x00000224c8c525b0 JavaThread "Unconstrained build operations" [_thread_blocked, id=20716, stack(0x00000061130c0000,0x0000006113100000)]
  0x00000224c8c52ac0 JavaThread "Unconstrained build operations Thread 2" [_thread_blocked, id=30220, stack(0x0000006113100000,0x0000006113140000)]
  0x00000224c8c53f00 JavaThread "Unconstrained build operations Thread 3" [_thread_blocked, id=1860, stack(0x0000006113140000,0x0000006113180000)]
  0x00000224c8c52fd0 JavaThread "Cache worker for Build Output Cleanup Cache (D:\Hinduja\SyncFound\codebase\syncfound-mobile-frontend\node_modules\expo-modules-autolinking\android\expo-gradle-plugin\.gradle\buildOutputCleanup)" [_thread_blocked, id=2140, stack(0x0000006113180000,0x00000061131c0000)]
  0x00000224c8c520a0 JavaThread "Unconstrained build operations Thread 4" [_thread_blocked, id=26548, stack(0x00000061131c0000,0x0000006113200000)]
  0x00000224c8c51b90 JavaThread "Unconstrained build operations Thread 5" [_thread_blocked, id=4180, stack(0x0000006113200000,0x0000006113240000)]
  0x00000224c8c534e0 JavaThread "Unconstrained build operations Thread 6" [_thread_blocked, id=25900, stack(0x0000006113240000,0x0000006113280000)]
  0x00000224c8c50c60 JavaThread "build event listener" [_thread_blocked, id=11812, stack(0x0000006113280000,0x00000061132c0000)]
  0x00000224c8c54410 JavaThread "Memory manager" [_thread_blocked, id=34612, stack(0x00000061132c0000,0x0000006113300000)]
  0x00000224c8c54920 JavaThread "Unconstrained build operations Thread 7" [_thread_blocked, id=29620, stack(0x0000006113300000,0x0000006113340000)]
  0x00000224c8c54e30 JavaThread "build event listener" [_thread_blocked, id=856, stack(0x0000006113340000,0x0000006113380000)]
  0x00000224c8c55340 JavaThread "Unconstrained build operations Thread 8" [_thread_blocked, id=17484, stack(0x0000006113380000,0x00000061133c0000)]
  0x00000224c903b500 JavaThread "Unconstrained build operations Thread 9" [_thread_blocked, id=32576, stack(0x00000061133c0000,0x0000006113400000)]
  0x00000224c903dd80 JavaThread "Unconstrained build operations Thread 10" [_thread_blocked, id=31416, stack(0x0000006113400000,0x0000006113440000)]
  0x00000224c903c430 JavaThread "ForkJoinPool.commonPool-worker-1" daemon [_thread_blocked, id=11992, stack(0x0000006113440000,0x0000006113480000)]
  0x00000224c903e7a0 JavaThread "ForkJoinPool.commonPool-worker-2" daemon [_thread_blocked, id=16524, stack(0x0000006113480000,0x00000061134c0000)]
  0x00000224c903ce50 JavaThread "ForkJoinPool.commonPool-worker-3" daemon [_thread_blocked, id=25324, stack(0x00000061134c0000,0x0000006113500000)]
  0x00000224c903c940 JavaThread "ForkJoinPool.commonPool-worker-5" daemon [_thread_blocked, id=28212, stack(0x0000006113540000,0x0000006113580000)]
  0x00000224c903d870 JavaThread "ForkJoinPool.commonPool-worker-6" daemon [_thread_blocked, id=34464, stack(0x0000006113580000,0x00000061135c0000)]
  0x00000224c903d360 JavaThread "ForkJoinPool.commonPool-worker-7" daemon [_thread_blocked, id=29460, stack(0x00000061135c0000,0x0000006113600000)]
  0x00000224c903bf20 JavaThread "included builds Thread 2" [_thread_blocked, id=31920, stack(0x0000006113700000,0x0000006113740000)]
  0x00000224c9042970 JavaThread "Cache worker for execution history cache (D:\Hinduja\SyncFound\codebase\syncfound-mobile-frontend\node_modules\@react-native\gradle-plugin\.gradle\9.0.0\executionHistory)" [_thread_blocked, id=26744, stack(0x0000006113780000,0x00000061137c0000)]
  0x00000224c90400f0 JavaThread "Cache worker for execution history cache (D:\Hinduja\SyncFound\codebase\syncfound-mobile-frontend\node_modules\expo-modules-autolinking\android\expo-gradle-plugin\.gradle\9.0.0\executionHistory)" [_thread_blocked, id=33296, stack(0x00000061137c0000,0x0000006113800000)]
  0x00000224c9042e80 JavaThread "jar transforms Thread 2" [_thread_blocked, id=18032, stack(0x0000006113a00000,0x0000006113a40000)]
  0x00000224c9040b10 JavaThread "Cache worker for Build Output Cleanup Cache (D:\Hinduja\SyncFound\codebase\syncfound-mobile-frontend\node_modules\expo-modules-core\expo-module-gradle-plugin\.gradle\buildOutputCleanup)" [_thread_blocked, id=30760, stack(0x0000006113a40000,0x0000006113a80000)]
  0x00000224c9042460 JavaThread "build event listener" [_thread_blocked, id=33580, stack(0x0000006113a80000,0x0000006113ac0000)]
  0x00000224c9041530 JavaThread "jar transforms Thread 3" [_thread_blocked, id=9820, stack(0x0000006113ac0000,0x0000006113b00000)]
  0x00000224c9041f50 JavaThread "Cache worker for execution history cache (D:\Hinduja\SyncFound\codebase\syncfound-mobile-frontend\node_modules\expo-modules-core\expo-module-gradle-plugin\.gradle\9.0.0\executionHistory)" [_thread_blocked, id=29764, stack(0x0000006113b40000,0x0000006113b80000)]
  0x00000224c7931780 JavaThread "jar transforms Thread 4" [_thread_blocked, id=27292, stack(0x0000006113b80000,0x0000006113bc0000)]
  0x00000224c792dfd0 JavaThread "Problems report writer" [_thread_blocked, id=33492, stack(0x0000006113bc0000,0x0000006113c00000)]
  0x00000224c792f410 JavaThread "jar transforms Thread 5" [_thread_blocked, id=26864, stack(0x0000006113c00000,0x0000006113c40000)]
  0x00000224c792ef00 JavaThread "jar transforms Thread 6" [_thread_blocked, id=19752, stack(0x0000006113c40000,0x0000006113c80000)]
  0x00000224c792e9f0 JavaThread "build event listener" [_thread_blocked, id=16076, stack(0x0000006113c80000,0x0000006113cc0000)]
  0x00000224c7930d60 JavaThread "jar transforms Thread 7" [_thread_blocked, id=9420, stack(0x0000006113cc0000,0x0000006113d00000)]
  0x00000224c792f920 JavaThread "jar transforms Thread 8" [_thread_blocked, id=21044, stack(0x0000006113d00000,0x0000006113d40000)]
  0x00000224c8c4ded0 JavaThread "Cache worker for execution history cache (D:\Hinduja\SyncFound\codebase\syncfound-mobile-frontend\android\.gradle\9.0.0\executionHistory)" [_thread_blocked, id=20356, stack(0x0000006111500000,0x0000006111540000)]
  0x00000224c956c3e0 JavaThread "WorkerExecutor Queue" [_thread_blocked, id=23560, stack(0x0000006111540000,0x0000006111580000)]

Other Threads:
  0x00000224b42bc890 VMThread "VM Thread" [stack: 0x0000006111c00000,0x0000006111d00000] [id=24324]
  0x000002249840d640 WatcherThread [stack: 0x00000061120c0000,0x00000061121c0000] [id=14176]
  0x0000022498445f40 GCTaskThread "GC Thread#0" [stack: 0x0000006111700000,0x0000006111800000] [id=29220]
  0x00000224b47069b0 GCTaskThread "GC Thread#1" [stack: 0x00000061121c0000,0x00000061122c0000] [id=30004]
  0x00000224b46a8500 GCTaskThread "GC Thread#2" [stack: 0x00000061122c0000,0x00000061123c0000] [id=30980]
  0x00000224c708b6e0 GCTaskThread "GC Thread#3" [stack: 0x00000061123c0000,0x00000061124c0000] [id=20816]
  0x00000224c7814cf0 GCTaskThread "GC Thread#4" [stack: 0x00000061124c0000,0x00000061125c0000] [id=16176]
  0x00000224c86f9e00 GCTaskThread "GC Thread#5" [stack: 0x0000006112900000,0x0000006112a00000] [id=22500]
  0x00000224c86f95c0 GCTaskThread "GC Thread#6" [stack: 0x0000006112a00000,0x0000006112b00000] [id=4040]
  0x00000224c86fb140 GCTaskThread "GC Thread#7" [stack: 0x0000006112b00000,0x0000006112c00000] [id=33088]
  0x000002249844eda0 ConcurrentGCThread "G1 Main Marker" [stack: 0x0000006111800000,0x0000006111900000] [id=26792]
  0x000002249844f6d0 ConcurrentGCThread "G1 Conc#0" [stack: 0x0000006111900000,0x0000006111a00000] [id=35296]
  0x00000224c86f9b40 ConcurrentGCThread "G1 Conc#1" [stack: 0x0000006112c00000,0x0000006112d00000] [id=20572]
  0x00000224b417a100 ConcurrentGCThread "G1 Refine#0" [stack: 0x0000006111a00000,0x0000006111b00000] [id=6236]
  0x00000224c93bfa70 ConcurrentGCThread "G1 Refine#1" [stack: 0x0000006112ec0000,0x0000006112fc0000] [id=35156]
  0x00000224b417a7e0 ConcurrentGCThread "G1 Service" [stack: 0x0000006111b00000,0x0000006111c00000] [id=33768]

Threads with active compile tasks:
C2 CompilerThread0  176569 24497       4       com.sun.org.apache.xerces.internal.impl.XMLNSDocumentScannerImpl::scanStartElement (1031 bytes)

VM state: not at safepoint (normal execution)

VM Mutex/Monitor currently owned by a thread: None

Heap address: 0x0000000100000000, size: 1024 MB, Compressed Oops mode: Zero based, Oop shift amount: 3

CDS archive(s) mapped at: [0x00000224b5000000-0x00000224b5bb0000-0x00000224b5bb0000), size 12255232, SharedBaseAddress: 0x00000224b5000000, ArchiveRelocationMode: 1.
Compressed class space mapped at: 0x00000224b6000000-0x00000224c3000000, reserved size: 218103808
Narrow klass base: 0x00000224b5000000, Narrow klass shift: 0, Narrow klass range: 0x100000000

GC Precious Log:
 CPUs: 8 total, 8 available
 Memory: 7941M
 Large Page Support: Disabled
 NUMA Support: Disabled
 Compressed Oops: Enabled (Zero based)
 Heap Region Size: 1M
 Heap Min Capacity: 8M
 Heap Initial Capacity: 126M
 Heap Max Capacity: 1G
 Pre-touch: Disabled
 Parallel Workers: 8
 Concurrent Workers: 2
 Concurrent Refinement Workers: 8
 Periodic GC: Disabled

Heap:
 garbage-first heap   total 409600K, used 318608K [0x0000000100000000, 0x0000000140000000)
  region size 1024K, 10 young (10240K), 9 survivors (9216K)
 Metaspace       used 136215K, committed 138368K, reserved 344064K
  class space    used 18624K, committed 19648K, reserved 212992K

Heap Regions: E=young(eden), S=young(survivor), O=old, HS=humongous(starts), HC=humongous(continues), CS=collection set, F=free, OA=open archive, CA=closed archive, TAMS=top-at-mark-start (previous, next)
|   0|0x0000000100000000, 0x0000000100100000, 0x0000000100100000|100%|HS|  |TAMS 0x0000000100100000, 0x0000000100000000| Complete 
|   1|0x0000000100100000, 0x0000000100200000, 0x0000000100200000|100%|HC|  |TAMS 0x0000000100200000, 0x0000000100100000| Complete 
|   2|0x0000000100200000, 0x0000000100300000, 0x0000000100300000|100%|HC|  |TAMS 0x0000000100300000, 0x0000000100200000| Complete 
|   3|0x0000000100300000, 0x0000000100400000, 0x0000000100400000|100%| O|  |TAMS 0x0000000100400000, 0x0000000100300000| Untracked 
|   4|0x0000000100400000, 0x0000000100500000, 0x0000000100500000|100%| O|  |TAMS 0x0000000100500000, 0x0000000100400000| Untracked 
|   5|0x0000000100500000, 0x0000000100600000, 0x0000000100600000|100%| O|  |TAMS 0x0000000100600000, 0x0000000100500000| Untracked 
|   6|0x0000000100600000, 0x0000000100700000, 0x0000000100700000|100%|HS|  |TAMS 0x0000000100700000, 0x0000000100600000| Complete 
|   7|0x0000000100700000, 0x0000000100800000, 0x0000000100800000|100%| O|  |TAMS 0x0000000100800000, 0x0000000100700000| Untracked 
|   8|0x0000000100800000, 0x0000000100900000, 0x0000000100900000|100%| O|  |TAMS 0x0000000100900000, 0x0000000100800000| Untracked 
|   9|0x0000000100900000, 0x0000000100a00000, 0x0000000100a00000|100%| O|  |TAMS 0x0000000100a00000, 0x0000000100900000| Untracked 
|  10|0x0000000100a00000, 0x0000000100b00000, 0x0000000100b00000|100%| O|  |TAMS 0x0000000100b00000, 0x0000000100a00000| Untracked 
|  11|0x0000000100b00000, 0x0000000100c00000, 0x0000000100c00000|100%| O|  |TAMS 0x0000000100c00000, 0x0000000100b00000| Untracked 
|  12|0x0000000100c00000, 0x0000000100d00000, 0x0000000100d00000|100%| O|  |TAMS 0x0000000100d00000, 0x0000000100c00000| Untracked 
|  13|0x0000000100d00000, 0x0000000100e00000, 0x0000000100e00000|100%| O|  |TAMS 0x0000000100e00000, 0x0000000100d00000| Untracked 
|  14|0x0000000100e00000, 0x0000000100f00000, 0x0000000100f00000|100%| O|  |TAMS 0x0000000100f00000, 0x0000000100e00000| Untracked 
|  15|0x0000000100f00000, 0x0000000101000000, 0x0000000101000000|100%| O|  |TAMS 0x0000000101000000, 0x0000000100f00000| Untracked 
|  16|0x0000000101000000, 0x0000000101100000, 0x0000000101100000|100%| O|  |TAMS 0x0000000101100000, 0x0000000101000000| Untracked 
|  17|0x0000000101100000, 0x0000000101200000, 0x0000000101200000|100%| O|  |TAMS 0x0000000101200000, 0x0000000101100000| Untracked 
|  18|0x0000000101200000, 0x0000000101300000, 0x0000000101300000|100%| O|  |TAMS 0x0000000101300000, 0x0000000101200000| Untracked 
|  19|0x0000000101300000, 0x0000000101400000, 0x0000000101400000|100%| O|  |TAMS 0x0000000101400000, 0x0000000101300000| Untracked 
|  20|0x0000000101400000, 0x0000000101500000, 0x0000000101500000|100%| O|  |TAMS 0x0000000101500000, 0x0000000101400000| Untracked 
|  21|0x0000000101500000, 0x0000000101600000, 0x0000000101600000|100%| O|  |TAMS 0x0000000101600000, 0x0000000101500000| Untracked 
|  22|0x0000000101600000, 0x0000000101700000, 0x0000000101700000|100%| O|  |TAMS 0x0000000101700000, 0x0000000101600000| Untracked 
|  23|0x0000000101700000, 0x0000000101800000, 0x0000000101800000|100%| O|  |TAMS 0x0000000101800000, 0x0000000101700000| Untracked 
|  24|0x0000000101800000, 0x0000000101900000, 0x0000000101900000|100%| O|  |TAMS 0x0000000101900000, 0x0000000101800000| Untracked 
|  25|0x0000000101900000, 0x0000000101a00000, 0x0000000101a00000|100%| O|  |TAMS 0x0000000101a00000, 0x0000000101900000| Untracked 
|  26|0x0000000101a00000, 0x0000000101b00000, 0x0000000101b00000|100%| O|  |TAMS 0x0000000101b00000, 0x0000000101a00000| Untracked 
|  27|0x0000000101b00000, 0x0000000101c00000, 0x0000000101c00000|100%| O|  |TAMS 0x0000000101c00000, 0x0000000101b00000| Untracked 
|  28|0x0000000101c00000, 0x0000000101d00000, 0x0000000101d00000|100%| O|  |TAMS 0x0000000101d00000, 0x0000000101c00000| Untracked 
|  29|0x0000000101d00000, 0x0000000101e00000, 0x0000000101e00000|100%| O|  |TAMS 0x0000000101e00000, 0x0000000101d00000| Untracked 
|  30|0x0000000101e00000, 0x0000000101f00000, 0x0000000101f00000|100%| O|  |TAMS 0x0000000101f00000, 0x0000000101e00000| Untracked 
|  31|0x0000000101f00000, 0x0000000102000000, 0x0000000102000000|100%| O|  |TAMS 0x0000000102000000, 0x0000000101f00000| Untracked 
|  32|0x0000000102000000, 0x0000000102100000, 0x0000000102100000|100%| O|  |TAMS 0x0000000102100000, 0x0000000102000000| Untracked 
|  33|0x0000000102100000, 0x0000000102200000, 0x0000000102200000|100%| O|  |TAMS 0x0000000102200000, 0x0000000102100000| Untracked 
|  34|0x0000000102200000, 0x0000000102300000, 0x0000000102300000|100%| O|  |TAMS 0x0000000102300000, 0x0000000102200000| Untracked 
|  35|0x0000000102300000, 0x0000000102400000, 0x0000000102400000|100%| O|  |TAMS 0x0000000102400000, 0x0000000102300000| Untracked 
|  36|0x0000000102400000, 0x0000000102500000, 0x0000000102500000|100%| O|  |TAMS 0x0000000102500000, 0x0000000102400000| Untracked 
|  37|0x0000000102500000, 0x0000000102600000, 0x0000000102600000|100%| O|  |TAMS 0x0000000102600000, 0x0000000102500000| Untracked 
|  38|0x0000000102600000, 0x0000000102700000, 0x0000000102700000|100%| O|  |TAMS 0x0000000102700000, 0x0000000102600000| Untracked 
|  39|0x0000000102700000, 0x0000000102800000, 0x0000000102800000|100%| O|  |TAMS 0x0000000102800000, 0x0000000102700000| Untracked 
|  40|0x0000000102800000, 0x0000000102900000, 0x0000000102900000|100%| O|  |TAMS 0x0000000102900000, 0x0000000102800000| Untracked 
|  41|0x0000000102900000, 0x0000000102a00000, 0x0000000102a00000|100%| O|  |TAMS 0x0000000102a00000, 0x0000000102900000| Untracked 
|  42|0x0000000102a00000, 0x0000000102b00000, 0x0000000102b00000|100%|HS|  |TAMS 0x0000000102b00000, 0x0000000102a00000| Complete 
|  43|0x0000000102b00000, 0x0000000102c00000, 0x0000000102c00000|100%|HC|  |TAMS 0x0000000102c00000, 0x0000000102b00000| Complete 
|  44|0x0000000102c00000, 0x0000000102d00000, 0x0000000102d00000|100%|HC|  |TAMS 0x0000000102d00000, 0x0000000102c00000| Complete 
|  45|0x0000000102d00000, 0x0000000102e00000, 0x0000000102e00000|100%|HS|  |TAMS 0x0000000102e00000, 0x0000000102d00000| Complete 
|  46|0x0000000102e00000, 0x0000000102f00000, 0x0000000102f00000|100%|HC|  |TAMS 0x0000000102f00000, 0x0000000102e00000| Complete 
|  47|0x0000000102f00000, 0x0000000103000000, 0x0000000103000000|100%|HC|  |TAMS 0x0000000103000000, 0x0000000102f00000| Complete 
|  48|0x0000000103000000, 0x0000000103100000, 0x0000000103100000|100%| O|  |TAMS 0x0000000103100000, 0x0000000103000000| Untracked 
|  49|0x0000000103100000, 0x0000000103200000, 0x0000000103200000|100%| O|  |TAMS 0x0000000103200000, 0x0000000103100000| Untracked 
|  50|0x0000000103200000, 0x0000000103300000, 0x0000000103300000|100%| O|  |TAMS 0x0000000103300000, 0x0000000103200000| Untracked 
|  51|0x0000000103300000, 0x0000000103400000, 0x0000000103400000|100%| O|  |TAMS 0x0000000103400000, 0x0000000103300000| Untracked 
|  52|0x0000000103400000, 0x0000000103500000, 0x0000000103500000|100%| O|  |TAMS 0x0000000103500000, 0x0000000103400000| Untracked 
|  53|0x0000000103500000, 0x0000000103600000, 0x0000000103600000|100%| O|  |TAMS 0x0000000103600000, 0x0000000103500000| Untracked 
|  54|0x0000000103600000, 0x0000000103700000, 0x0000000103700000|100%| O|  |TAMS 0x0000000103700000, 0x0000000103600000| Untracked 
|  55|0x0000000103700000, 0x0000000103800000, 0x0000000103800000|100%| O|  |TAMS 0x0000000103800000, 0x0000000103700000| Untracked 
|  56|0x0000000103800000, 0x0000000103900000, 0x0000000103900000|100%| O|  |TAMS 0x0000000103900000, 0x0000000103800000| Untracked 
|  57|0x0000000103900000, 0x0000000103a00000, 0x0000000103a00000|100%| O|  |TAMS 0x0000000103a00000, 0x0000000103900000| Untracked 
|  58|0x0000000103a00000, 0x0000000103b00000, 0x0000000103b00000|100%| O|  |TAMS 0x0000000103b00000, 0x0000000103a00000| Untracked 
|  59|0x0000000103b00000, 0x0000000103c00000, 0x0000000103c00000|100%| O|  |TAMS 0x0000000103c00000, 0x0000000103b00000| Untracked 
|  60|0x0000000103c00000, 0x0000000103d00000, 0x0000000103d00000|100%| O|  |TAMS 0x0000000103d00000, 0x0000000103c00000| Untracked 
|  61|0x0000000103d00000, 0x0000000103e00000, 0x0000000103e00000|100%| O|  |TAMS 0x0000000103e00000, 0x0000000103d00000| Untracked 
|  62|0x0000000103e00000, 0x0000000103f00000, 0x0000000103f00000|100%| O|  |TAMS 0x0000000103f00000, 0x0000000103e00000| Untracked 
|  63|0x0000000103f00000, 0x0000000104000000, 0x0000000104000000|100%| O|  |TAMS 0x0000000104000000, 0x0000000103f00000| Untracked 
|  64|0x0000000104000000, 0x0000000104100000, 0x0000000104100000|100%| O|  |TAMS 0x0000000104100000, 0x0000000104000000| Untracked 
|  65|0x0000000104100000, 0x0000000104200000, 0x0000000104200000|100%| O|  |TAMS 0x0000000104200000, 0x0000000104100000| Untracked 
|  66|0x0000000104200000, 0x0000000104300000, 0x0000000104300000|100%|HS|  |TAMS 0x0000000104300000, 0x0000000104200000| Complete 
|  67|0x0000000104300000, 0x0000000104400000, 0x0000000104400000|100%|HS|  |TAMS 0x0000000104300000, 0x0000000104300000| Complete 
|  68|0x0000000104400000, 0x0000000104500000, 0x0000000104500000|100%| O|  |TAMS 0x0000000104500000, 0x0000000104400000| Untracked 
|  69|0x0000000104500000, 0x0000000104600000, 0x0000000104600000|100%|HS|  |TAMS 0x0000000104600000, 0x0000000104500000| Complete 
|  70|0x0000000104600000, 0x0000000104700000, 0x0000000104700000|100%|HS|  |TAMS 0x0000000104700000, 0x0000000104600000| Complete 
|  71|0x0000000104700000, 0x0000000104800000, 0x0000000104800000|100%|HS|  |TAMS 0x0000000104800000, 0x0000000104700000| Complete 
|  72|0x0000000104800000, 0x0000000104900000, 0x0000000104900000|100%| O|  |TAMS 0x0000000104900000, 0x0000000104800000| Untracked 
|  73|0x0000000104900000, 0x0000000104a00000, 0x0000000104a00000|100%|HS|  |TAMS 0x0000000104a00000, 0x0000000104900000| Complete 
|  74|0x0000000104a00000, 0x0000000104b00000, 0x0000000104b00000|100%|HS|  |TAMS 0x0000000104a00000, 0x0000000104a00000| Complete 
|  75|0x0000000104b00000, 0x0000000104c00000, 0x0000000104c00000|100%| O|  |TAMS 0x0000000104b00000, 0x0000000104b00000| Untracked 
|  76|0x0000000104c00000, 0x0000000104d00000, 0x0000000104d00000|100%| O|  |TAMS 0x0000000104c00000, 0x0000000104c00000| Untracked 
|  77|0x0000000104d00000, 0x0000000104e00000, 0x0000000104e00000|100%| O|  |TAMS 0x0000000104e00000, 0x0000000104d00000| Untracked 
|  78|0x0000000104e00000, 0x0000000104f00000, 0x0000000104f00000|100%| O|  |TAMS 0x0000000104f00000, 0x0000000104e00000| Untracked 
|  79|0x0000000104f00000, 0x0000000105000000, 0x0000000105000000|100%| O|  |TAMS 0x0000000105000000, 0x0000000104f00000| Untracked 
|  80|0x0000000105000000, 0x0000000105100000, 0x0000000105100000|100%| O|  |TAMS 0x0000000105100000, 0x0000000105000000| Untracked 
|  81|0x0000000105100000, 0x0000000105200000, 0x0000000105200000|100%| O|  |TAMS 0x0000000105200000, 0x0000000105100000| Untracked 
|  82|0x0000000105200000, 0x0000000105300000, 0x0000000105300000|100%| O|  |TAMS 0x0000000105300000, 0x0000000105200000| Untracked 
|  83|0x0000000105300000, 0x0000000105400000, 0x0000000105400000|100%| O|  |TAMS 0x0000000105400000, 0x0000000105300000| Untracked 
|  84|0x0000000105400000, 0x0000000105500000, 0x0000000105500000|100%| O|  |TAMS 0x0000000105500000, 0x0000000105400000| Untracked 
|  85|0x0000000105500000, 0x0000000105600000, 0x0000000105600000|100%| O|  |TAMS 0x0000000105600000, 0x0000000105500000| Untracked 
|  86|0x0000000105600000, 0x0000000105700000, 0x0000000105700000|100%|HS|  |TAMS 0x0000000105700000, 0x0000000105600000| Complete 
|  87|0x0000000105700000, 0x0000000105800000, 0x0000000105800000|100%| O|  |TAMS 0x0000000105800000, 0x0000000105700000| Untracked 
|  88|0x0000000105800000, 0x0000000105900000, 0x0000000105900000|100%| O|  |TAMS 0x0000000105900000, 0x0000000105800000| Untracked 
|  89|0x0000000105900000, 0x0000000105a00000, 0x0000000105a00000|100%| O|  |TAMS 0x0000000105a00000, 0x0000000105900000| Untracked 
|  90|0x0000000105a00000, 0x0000000105b00000, 0x0000000105b00000|100%| O|  |TAMS 0x0000000105b00000, 0x0000000105a00000| Untracked 
|  91|0x0000000105b00000, 0x0000000105c00000, 0x0000000105c00000|100%| O|  |TAMS 0x0000000105c00000, 0x0000000105b00000| Untracked 
|  92|0x0000000105c00000, 0x0000000105d00000, 0x0000000105d00000|100%| O|  |TAMS 0x0000000105d00000, 0x0000000105c00000| Untracked 
|  93|0x0000000105d00000, 0x0000000105e00000, 0x0000000105e00000|100%| O|  |TAMS 0x0000000105d00000, 0x0000000105d00000| Untracked 
|  94|0x0000000105e00000, 0x0000000105f00000, 0x0000000105f00000|100%| O|  |TAMS 0x0000000105f00000, 0x0000000105e00000| Untracked 
|  95|0x0000000105f00000, 0x0000000106000000, 0x0000000106000000|100%| O|  |TAMS 0x0000000106000000, 0x0000000105f00000| Untracked 
|  96|0x0000000106000000, 0x0000000106100000, 0x0000000106100000|100%| O|  |TAMS 0x0000000106100000, 0x0000000106000000| Untracked 
|  97|0x0000000106100000, 0x0000000106200000, 0x0000000106200000|100%| O|  |TAMS 0x0000000106200000, 0x0000000106100000| Untracked 
|  98|0x0000000106200000, 0x0000000106300000, 0x0000000106300000|100%| O|  |TAMS 0x0000000106300000, 0x0000000106200000| Untracked 
|  99|0x0000000106300000, 0x0000000106400000, 0x0000000106400000|100%| O|  |TAMS 0x0000000106400000, 0x0000000106300000| Untracked 
| 100|0x0000000106400000, 0x0000000106500000, 0x0000000106500000|100%| O|  |TAMS 0x0000000106500000, 0x0000000106400000| Untracked 
| 101|0x0000000106500000, 0x0000000106600000, 0x0000000106600000|100%| O|  |TAMS 0x0000000106600000, 0x0000000106500000| Untracked 
| 102|0x0000000106600000, 0x0000000106700000, 0x0000000106700000|100%| O|  |TAMS 0x0000000106700000, 0x0000000106600000| Untracked 
| 103|0x0000000106700000, 0x0000000106800000, 0x0000000106800000|100%| O|  |TAMS 0x0000000106800000, 0x0000000106700000| Untracked 
| 104|0x0000000106800000, 0x0000000106900000, 0x0000000106900000|100%| O|  |TAMS 0x0000000106900000, 0x0000000106800000| Untracked 
| 105|0x0000000106900000, 0x0000000106a00000, 0x0000000106a00000|100%| O|  |TAMS 0x0000000106a00000, 0x0000000106900000| Untracked 
| 106|0x0000000106a00000, 0x0000000106b00000, 0x0000000106b00000|100%| O|  |TAMS 0x0000000106b00000, 0x0000000106a00000| Untracked 
| 107|0x0000000106b00000, 0x0000000106c00000, 0x0000000106c00000|100%| O|  |TAMS 0x0000000106c00000, 0x0000000106b00000| Untracked 
| 108|0x0000000106c00000, 0x0000000106d00000, 0x0000000106d00000|100%| O|  |TAMS 0x0000000106d00000, 0x0000000106c00000| Untracked 
| 109|0x0000000106d00000, 0x0000000106e00000, 0x0000000106e00000|100%| O|  |TAMS 0x0000000106e00000, 0x0000000106d00000| Untracked 
| 110|0x0000000106e00000, 0x0000000106f00000, 0x0000000106f00000|100%| O|  |TAMS 0x0000000106f00000, 0x0000000106e00000| Untracked 
| 111|0x0000000106f00000, 0x0000000107000000, 0x0000000107000000|100%| O|  |TAMS 0x0000000107000000, 0x0000000106f00000| Untracked 
| 112|0x0000000107000000, 0x0000000107100000, 0x0000000107100000|100%| O|  |TAMS 0x0000000107100000, 0x0000000107000000| Untracked 
| 113|0x0000000107100000, 0x0000000107200000, 0x0000000107200000|100%| O|  |TAMS 0x0000000107200000, 0x0000000107100000| Untracked 
| 114|0x0000000107200000, 0x0000000107300000, 0x0000000107300000|100%| O|  |TAMS 0x0000000107300000, 0x0000000107200000| Untracked 
| 115|0x0000000107300000, 0x0000000107400000, 0x0000000107400000|100%|HS|  |TAMS 0x0000000107400000, 0x0000000107300000| Complete 
| 116|0x0000000107400000, 0x0000000107500000, 0x0000000107500000|100%| O|  |TAMS 0x0000000107500000, 0x0000000107400000| Untracked 
| 117|0x0000000107500000, 0x0000000107600000, 0x0000000107600000|100%|HS|  |TAMS 0x0000000107600000, 0x0000000107500000| Complete 
| 118|0x0000000107600000, 0x0000000107700000, 0x0000000107700000|100%|HC|  |TAMS 0x0000000107700000, 0x0000000107600000| Complete 
| 119|0x0000000107700000, 0x0000000107800000, 0x0000000107800000|100%|HC|  |TAMS 0x0000000107800000, 0x0000000107700000| Complete 
| 120|0x0000000107800000, 0x0000000107900000, 0x0000000107900000|100%| O|  |TAMS 0x0000000107900000, 0x0000000107800000| Untracked 
| 121|0x0000000107900000, 0x0000000107a00000, 0x0000000107a00000|100%| O|  |TAMS 0x0000000107a00000, 0x0000000107900000| Untracked 
| 122|0x0000000107a00000, 0x0000000107b00000, 0x0000000107b00000|100%| O|  |TAMS 0x0000000107b00000, 0x0000000107a00000| Untracked 
| 123|0x0000000107b00000, 0x0000000107c00000, 0x0000000107c00000|100%| O|  |TAMS 0x0000000107c00000, 0x0000000107b00000| Untracked 
| 124|0x0000000107c00000, 0x0000000107d00000, 0x0000000107d00000|100%| O|  |TAMS 0x0000000107d00000, 0x0000000107c00000| Untracked 
| 125|0x0000000107d00000, 0x0000000107e00000, 0x0000000107e00000|100%| O|  |TAMS 0x0000000107e00000, 0x0000000107d00000| Untracked 
| 126|0x0000000107e00000, 0x0000000107f00000, 0x0000000107f00000|100%| O|  |TAMS 0x0000000107f00000, 0x0000000107e00000| Untracked 
| 127|0x0000000107f00000, 0x0000000108000000, 0x0000000108000000|100%| O|  |TAMS 0x0000000108000000, 0x0000000107f00000| Untracked 
| 128|0x0000000108000000, 0x0000000108100000, 0x0000000108100000|100%| O|  |TAMS 0x0000000108100000, 0x0000000108000000| Untracked 
| 129|0x0000000108100000, 0x0000000108200000, 0x0000000108200000|100%| O|  |TAMS 0x0000000108200000, 0x0000000108100000| Untracked 
| 130|0x0000000108200000, 0x0000000108300000, 0x0000000108300000|100%| O|  |TAMS 0x0000000108300000, 0x0000000108200000| Untracked 
| 131|0x0000000108300000, 0x0000000108400000, 0x0000000108400000|100%| O|  |TAMS 0x0000000108400000, 0x0000000108300000| Untracked 
| 132|0x0000000108400000, 0x0000000108500000, 0x0000000108500000|100%| O|  |TAMS 0x0000000108500000, 0x0000000108400000| Untracked 
| 133|0x0000000108500000, 0x0000000108600000, 0x0000000108600000|100%| O|  |TAMS 0x0000000108600000, 0x0000000108500000| Untracked 
| 134|0x0000000108600000, 0x0000000108700000, 0x0000000108700000|100%| O|  |TAMS 0x0000000108700000, 0x0000000108600000| Untracked 
| 135|0x0000000108700000, 0x0000000108800000, 0x0000000108800000|100%| O|  |TAMS 0x0000000108800000, 0x0000000108700000| Untracked 
| 136|0x0000000108800000, 0x0000000108900000, 0x0000000108900000|100%| O|  |TAMS 0x0000000108900000, 0x0000000108800000| Untracked 
| 137|0x0000000108900000, 0x0000000108a00000, 0x0000000108a00000|100%| O|  |TAMS 0x0000000108a00000, 0x0000000108900000| Untracked 
| 138|0x0000000108a00000, 0x0000000108b00000, 0x0000000108b00000|100%| O|  |TAMS 0x0000000108b00000, 0x0000000108a00000| Untracked 
| 139|0x0000000108b00000, 0x0000000108c00000, 0x0000000108c00000|100%| O|  |TAMS 0x0000000108c00000, 0x0000000108b00000| Untracked 
| 140|0x0000000108c00000, 0x0000000108d00000, 0x0000000108d00000|100%| O|  |TAMS 0x0000000108d00000, 0x0000000108c00000| Untracked 
| 141|0x0000000108d00000, 0x0000000108e00000, 0x0000000108e00000|100%| O|  |TAMS 0x0000000108e00000, 0x0000000108d00000| Untracked 
| 142|0x0000000108e00000, 0x0000000108f00000, 0x0000000108f00000|100%| O|  |TAMS 0x0000000108f00000, 0x0000000108e00000| Untracked 
| 143|0x0000000108f00000, 0x0000000109000000, 0x0000000109000000|100%| O|  |TAMS 0x0000000109000000, 0x0000000108f00000| Untracked 
| 144|0x0000000109000000, 0x0000000109100000, 0x0000000109100000|100%| O|  |TAMS 0x0000000109100000, 0x0000000109000000| Untracked 
| 145|0x0000000109100000, 0x0000000109200000, 0x0000000109200000|100%| O|  |TAMS 0x0000000109200000, 0x0000000109100000| Untracked 
| 146|0x0000000109200000, 0x0000000109300000, 0x0000000109300000|100%| O|  |TAMS 0x0000000109200000, 0x0000000109200000| Untracked 
| 147|0x0000000109300000, 0x0000000109400000, 0x0000000109400000|100%| O|  |TAMS 0x0000000109300000, 0x0000000109300000| Untracked 
| 148|0x0000000109400000, 0x0000000109500000, 0x0000000109500000|100%| O|  |TAMS 0x0000000109500000, 0x0000000109400000| Untracked 
| 149|0x0000000109500000, 0x0000000109600000, 0x0000000109600000|100%| O|  |TAMS 0x0000000109600000, 0x0000000109500000| Untracked 
| 150|0x0000000109600000, 0x0000000109700000, 0x0000000109700000|100%| O|  |TAMS 0x0000000109700000, 0x0000000109600000| Untracked 
| 151|0x0000000109700000, 0x0000000109800000, 0x0000000109800000|100%| O|  |TAMS 0x0000000109800000, 0x0000000109700000| Untracked 
| 152|0x0000000109800000, 0x0000000109900000, 0x0000000109900000|100%| O|  |TAMS 0x0000000109900000, 0x0000000109800000| Untracked 
| 153|0x0000000109900000, 0x0000000109a00000, 0x0000000109a00000|100%| O|  |TAMS 0x0000000109a00000, 0x0000000109900000| Untracked 
| 154|0x0000000109a00000, 0x0000000109b00000, 0x0000000109b00000|100%| O|  |TAMS 0x0000000109b00000, 0x0000000109a00000| Untracked 
| 155|0x0000000109b00000, 0x0000000109c00000, 0x0000000109c00000|100%| O|  |TAMS 0x0000000109c00000, 0x0000000109b00000| Untracked 
| 156|0x0000000109c00000, 0x0000000109d00000, 0x0000000109d00000|100%| O|  |TAMS 0x0000000109d00000, 0x0000000109c00000| Untracked 
| 157|0x0000000109d00000, 0x0000000109e00000, 0x0000000109e00000|100%| O|  |TAMS 0x0000000109e00000, 0x0000000109d00000| Untracked 
| 158|0x0000000109e00000, 0x0000000109f00000, 0x0000000109f00000|100%| O|  |TAMS 0x0000000109f00000, 0x0000000109e00000| Untracked 
| 159|0x0000000109f00000, 0x000000010a000000, 0x000000010a000000|100%| O|  |TAMS 0x000000010a000000, 0x0000000109f00000| Untracked 
| 160|0x000000010a000000, 0x000000010a100000, 0x000000010a100000|100%| O|  |TAMS 0x000000010a100000, 0x000000010a000000| Untracked 
| 161|0x000000010a100000, 0x000000010a200000, 0x000000010a200000|100%| O|  |TAMS 0x000000010a200000, 0x000000010a100000| Untracked 
| 162|0x000000010a200000, 0x000000010a300000, 0x000000010a300000|100%| O|  |TAMS 0x000000010a300000, 0x000000010a200000| Untracked 
| 163|0x000000010a300000, 0x000000010a400000, 0x000000010a400000|100%| O|  |TAMS 0x000000010a400000, 0x000000010a300000| Untracked 
| 164|0x000000010a400000, 0x000000010a500000, 0x000000010a500000|100%| O|  |TAMS 0x000000010a500000, 0x000000010a400000| Untracked 
| 165|0x000000010a500000, 0x000000010a600000, 0x000000010a600000|100%| O|  |TAMS 0x000000010a600000, 0x000000010a500000| Untracked 
| 166|0x000000010a600000, 0x000000010a700000, 0x000000010a700000|100%| O|  |TAMS 0x000000010a700000, 0x000000010a600000| Untracked 
| 167|0x000000010a700000, 0x000000010a800000, 0x000000010a800000|100%| O|  |TAMS 0x000000010a800000, 0x000000010a700000| Untracked 
| 168|0x000000010a800000, 0x000000010a900000, 0x000000010a900000|100%| O|  |TAMS 0x000000010a900000, 0x000000010a800000| Untracked 
| 169|0x000000010a900000, 0x000000010aa00000, 0x000000010aa00000|100%| O|  |TAMS 0x000000010a900000, 0x000000010a900000| Untracked 
| 170|0x000000010aa00000, 0x000000010ab00000, 0x000000010ab00000|100%| O|  |TAMS 0x000000010ab00000, 0x000000010aa00000| Untracked 
| 171|0x000000010ab00000, 0x000000010ac00000, 0x000000010ac00000|100%| O|  |TAMS 0x000000010ab00000, 0x000000010ab00000| Untracked 
| 172|0x000000010ac00000, 0x000000010ad00000, 0x000000010ad00000|100%| O|  |TAMS 0x000000010ad00000, 0x000000010ac00000| Untracked 
| 173|0x000000010ad00000, 0x000000010ae00000, 0x000000010ae00000|100%| O|  |TAMS 0x000000010ae00000, 0x000000010ad00000| Untracked 
| 174|0x000000010ae00000, 0x000000010af00000, 0x000000010af00000|100%| O|  |TAMS 0x000000010af00000, 0x000000010ae00000| Untracked 
| 175|0x000000010af00000, 0x000000010b000000, 0x000000010b000000|100%| O|  |TAMS 0x000000010b000000, 0x000000010af00000| Untracked 
| 176|0x000000010b000000, 0x000000010b100000, 0x000000010b100000|100%| O|  |TAMS 0x000000010b000000, 0x000000010b000000| Untracked 
| 177|0x000000010b100000, 0x000000010b200000, 0x000000010b200000|100%| O|  |TAMS 0x000000010b200000, 0x000000010b100000| Untracked 
| 178|0x000000010b200000, 0x000000010b300000, 0x000000010b300000|100%| O|  |TAMS 0x000000010b300000, 0x000000010b200000| Untracked 
| 179|0x000000010b300000, 0x000000010b400000, 0x000000010b400000|100%| O|  |TAMS 0x000000010b400000, 0x000000010b300000| Untracked 
| 180|0x000000010b400000, 0x000000010b500000, 0x000000010b500000|100%| O|  |TAMS 0x000000010b500000, 0x000000010b400000| Untracked 
| 181|0x000000010b500000, 0x000000010b600000, 0x000000010b600000|100%| O|  |TAMS 0x000000010b600000, 0x000000010b500000| Untracked 
| 182|0x000000010b600000, 0x000000010b700000, 0x000000010b700000|100%| O|  |TAMS 0x000000010b700000, 0x000000010b600000| Untracked 
| 183|0x000000010b700000, 0x000000010b800000, 0x000000010b800000|100%| O|  |TAMS 0x000000010b700000, 0x000000010b700000| Untracked 
| 184|0x000000010b800000, 0x000000010b900000, 0x000000010b900000|100%| O|  |TAMS 0x000000010b900000, 0x000000010b800000| Untracked 
| 185|0x000000010b900000, 0x000000010ba00000, 0x000000010ba00000|100%| O|  |TAMS 0x000000010b900000, 0x000000010b900000| Untracked 
| 186|0x000000010ba00000, 0x000000010bb00000, 0x000000010bb00000|100%| O|  |TAMS 0x000000010ba00000, 0x000000010ba00000| Untracked 
| 187|0x000000010bb00000, 0x000000010bc00000, 0x000000010bc00000|100%| O|  |TAMS 0x000000010bc00000, 0x000000010bb00000| Untracked 
| 188|0x000000010bc00000, 0x000000010bd00000, 0x000000010bd00000|100%| O|  |TAMS 0x000000010bd00000, 0x000000010bc00000| Untracked 
| 189|0x000000010bd00000, 0x000000010be00000, 0x000000010be00000|100%|HS|  |TAMS 0x000000010be00000, 0x000000010bd00000| Complete 
| 190|0x000000010be00000, 0x000000010bf00000, 0x000000010bf00000|100%|HS|  |TAMS 0x000000010bf00000, 0x000000010be00000| Complete 
| 191|0x000000010bf00000, 0x000000010c000000, 0x000000010c000000|100%| O|  |TAMS 0x000000010c000000, 0x000000010bf00000| Untracked 
| 192|0x000000010c000000, 0x000000010c100000, 0x000000010c100000|100%|HS|  |TAMS 0x000000010c100000, 0x000000010c000000| Complete 
| 193|0x000000010c100000, 0x000000010c200000, 0x000000010c200000|100%|HC|  |TAMS 0x000000010c200000, 0x000000010c100000| Complete 
| 194|0x000000010c200000, 0x000000010c300000, 0x000000010c300000|100%| O|  |TAMS 0x000000010c300000, 0x000000010c200000| Untracked 
| 195|0x000000010c300000, 0x000000010c400000, 0x000000010c400000|100%| O|  |TAMS 0x000000010c300000, 0x000000010c300000| Untracked 
| 196|0x000000010c400000, 0x000000010c500000, 0x000000010c500000|100%| O|  |TAMS 0x000000010c400000, 0x000000010c400000| Untracked 
| 197|0x000000010c500000, 0x000000010c600000, 0x000000010c600000|100%| O|  |TAMS 0x000000010c600000, 0x000000010c500000| Untracked 
| 198|0x000000010c600000, 0x000000010c700000, 0x000000010c700000|100%| O|  |TAMS 0x000000010c700000, 0x000000010c600000| Untracked 
| 199|0x000000010c700000, 0x000000010c800000, 0x000000010c800000|100%| O|  |TAMS 0x000000010c800000, 0x000000010c700000| Untracked 
| 200|0x000000010c800000, 0x000000010c900000, 0x000000010c900000|100%| O|  |TAMS 0x000000010c900000, 0x000000010c800000| Untracked 
| 201|0x000000010c900000, 0x000000010ca00000, 0x000000010ca00000|100%| O|  |TAMS 0x000000010ca00000, 0x000000010c900000| Untracked 
| 202|0x000000010ca00000, 0x000000010cb00000, 0x000000010cb00000|100%| O|  |TAMS 0x000000010cb00000, 0x000000010ca00000| Untracked 
| 203|0x000000010cb00000, 0x000000010cc00000, 0x000000010cc00000|100%| O|  |TAMS 0x000000010cc00000, 0x000000010cb00000| Untracked 
| 204|0x000000010cc00000, 0x000000010cd00000, 0x000000010cd00000|100%| O|  |TAMS 0x000000010cd00000, 0x000000010cc00000| Untracked 
| 205|0x000000010cd00000, 0x000000010ce00000, 0x000000010ce00000|100%| O|  |TAMS 0x000000010ce00000, 0x000000010cd00000| Untracked 
| 206|0x000000010ce00000, 0x000000010cf00000, 0x000000010cf00000|100%| O|  |TAMS 0x000000010cf00000, 0x000000010ce00000| Untracked 
| 207|0x000000010cf00000, 0x000000010d000000, 0x000000010d000000|100%| O|  |TAMS 0x000000010cf00000, 0x000000010cf00000| Untracked 
| 208|0x000000010d000000, 0x000000010d100000, 0x000000010d100000|100%| O|  |TAMS 0x000000010d100000, 0x000000010d000000| Untracked 
| 209|0x000000010d100000, 0x000000010d200000, 0x000000010d200000|100%| O|  |TAMS 0x000000010d200000, 0x000000010d100000| Untracked 
| 210|0x000000010d200000, 0x000000010d300000, 0x000000010d300000|100%| O|  |TAMS 0x000000010d300000, 0x000000010d200000| Untracked 
| 211|0x000000010d300000, 0x000000010d400000, 0x000000010d400000|100%|HS|  |TAMS 0x000000010d400000, 0x000000010d300000| Complete 
| 212|0x000000010d400000, 0x000000010d500000, 0x000000010d500000|100%|HS|  |TAMS 0x000000010d500000, 0x000000010d400000| Complete 
| 213|0x000000010d500000, 0x000000010d600000, 0x000000010d600000|100%|HS|  |TAMS 0x000000010d600000, 0x000000010d500000| Complete 
| 214|0x000000010d600000, 0x000000010d700000, 0x000000010d700000|100%| O|  |TAMS 0x000000010d600000, 0x000000010d600000| Untracked 
| 215|0x000000010d700000, 0x000000010d800000, 0x000000010d800000|100%| O|  |TAMS 0x000000010d700000, 0x000000010d700000| Untracked 
| 216|0x000000010d800000, 0x000000010d900000, 0x000000010d900000|100%| O|  |TAMS 0x000000010d900000, 0x000000010d800000| Untracked 
| 217|0x000000010d900000, 0x000000010da00000, 0x000000010da00000|100%| O|  |TAMS 0x000000010da00000, 0x000000010d900000| Untracked 
| 218|0x000000010da00000, 0x000000010db00000, 0x000000010db00000|100%| O|  |TAMS 0x000000010db00000, 0x000000010da00000| Untracked 
| 219|0x000000010db00000, 0x000000010dc00000, 0x000000010dc00000|100%| O|  |TAMS 0x000000010dc00000, 0x000000010db00000| Untracked 
| 220|0x000000010dc00000, 0x000000010dd00000, 0x000000010dd00000|100%| O|  |TAMS 0x000000010dc00000, 0x000000010dc00000| Untracked 
| 221|0x000000010dd00000, 0x000000010de00000, 0x000000010de00000|100%| O|  |TAMS 0x000000010de00000, 0x000000010dd00000| Untracked 
| 222|0x000000010de00000, 0x000000010df00000, 0x000000010df00000|100%| O|  |TAMS 0x000000010df00000, 0x000000010de00000| Untracked 
| 223|0x000000010df00000, 0x000000010e000000, 0x000000010e000000|100%| O|  |TAMS 0x000000010e000000, 0x000000010df00000| Untracked 
| 224|0x000000010e000000, 0x000000010e100000, 0x000000010e100000|100%| O|  |TAMS 0x000000010e100000, 0x000000010e000000| Untracked 
| 225|0x000000010e100000, 0x000000010e200000, 0x000000010e200000|100%| O|  |TAMS 0x000000010e100000, 0x000000010e100000| Untracked 
| 226|0x000000010e200000, 0x000000010e300000, 0x000000010e300000|100%| O|  |TAMS 0x000000010e200000, 0x000000010e200000| Untracked 
| 227|0x000000010e300000, 0x000000010e400000, 0x000000010e400000|100%| O|  |TAMS 0x000000010e300000, 0x000000010e300000| Untracked 
| 228|0x000000010e400000, 0x000000010e500000, 0x000000010e500000|100%| O|  |TAMS 0x000000010e400000, 0x000000010e400000| Untracked 
| 229|0x000000010e500000, 0x000000010e600000, 0x000000010e600000|100%| O|  |TAMS 0x000000010e500000, 0x000000010e500000| Untracked 
| 230|0x000000010e600000, 0x000000010e700000, 0x000000010e700000|100%| O|  |TAMS 0x000000010e600000, 0x000000010e600000| Untracked 
| 231|0x000000010e700000, 0x000000010e800000, 0x000000010e800000|100%| O|  |TAMS 0x000000010e700000, 0x000000010e700000| Untracked 
| 232|0x000000010e800000, 0x000000010e900000, 0x000000010e900000|100%| O|  |TAMS 0x000000010e800000, 0x000000010e800000| Untracked 
| 233|0x000000010e900000, 0x000000010ea00000, 0x000000010ea00000|100%| O|  |TAMS 0x000000010e900000, 0x000000010e900000| Untracked 
| 234|0x000000010ea00000, 0x000000010eb00000, 0x000000010eb00000|100%| O|  |TAMS 0x000000010ea00000, 0x000000010ea00000| Untracked 
| 235|0x000000010eb00000, 0x000000010ec00000, 0x000000010ec00000|100%| O|  |TAMS 0x000000010eb00000, 0x000000010eb00000| Untracked 
| 236|0x000000010ec00000, 0x000000010ed00000, 0x000000010ed00000|100%| O|  |TAMS 0x000000010ec00000, 0x000000010ec00000| Untracked 
| 237|0x000000010ed00000, 0x000000010ee00000, 0x000000010ee00000|100%| O|  |TAMS 0x000000010ed00000, 0x000000010ed00000| Untracked 
| 238|0x000000010ee00000, 0x000000010ef00000, 0x000000010ef00000|100%| O|  |TAMS 0x000000010ee00000, 0x000000010ee00000| Untracked 
| 239|0x000000010ef00000, 0x000000010f000000, 0x000000010f000000|100%| O|  |TAMS 0x000000010ef00000, 0x000000010ef00000| Untracked 
| 240|0x000000010f000000, 0x000000010f100000, 0x000000010f100000|100%| O|  |TAMS 0x000000010f000000, 0x000000010f000000| Untracked 
| 241|0x000000010f100000, 0x000000010f200000, 0x000000010f200000|100%| O|  |TAMS 0x000000010f100000, 0x000000010f100000| Untracked 
| 242|0x000000010f200000, 0x000000010f300000, 0x000000010f300000|100%| O|  |TAMS 0x000000010f200000, 0x000000010f200000| Untracked 
| 243|0x000000010f300000, 0x000000010f400000, 0x000000010f400000|100%| O|  |TAMS 0x000000010f300000, 0x000000010f300000| Untracked 
| 244|0x000000010f400000, 0x000000010f500000, 0x000000010f500000|100%| O|  |TAMS 0x000000010f400000, 0x000000010f400000| Untracked 
| 245|0x000000010f500000, 0x000000010f600000, 0x000000010f600000|100%| O|  |TAMS 0x000000010f500000, 0x000000010f500000| Untracked 
| 246|0x000000010f600000, 0x000000010f700000, 0x000000010f700000|100%| O|  |TAMS 0x000000010f600000, 0x000000010f600000| Untracked 
| 247|0x000000010f700000, 0x000000010f800000, 0x000000010f800000|100%| O|  |TAMS 0x000000010f700000, 0x000000010f700000| Untracked 
| 248|0x000000010f800000, 0x000000010f900000, 0x000000010f900000|100%| O|  |TAMS 0x000000010f800000, 0x000000010f800000| Untracked 
| 249|0x000000010f900000, 0x000000010fa00000, 0x000000010fa00000|100%| O|  |TAMS 0x000000010f900000, 0x000000010f900000| Untracked 
| 250|0x000000010fa00000, 0x000000010fb00000, 0x000000010fb00000|100%| O|  |TAMS 0x000000010fa00000, 0x000000010fa00000| Untracked 
| 251|0x000000010fb00000, 0x000000010fc00000, 0x000000010fc00000|100%| O|  |TAMS 0x000000010fb00000, 0x000000010fb00000| Untracked 
| 252|0x000000010fc00000, 0x000000010fd00000, 0x000000010fd00000|100%| O|  |TAMS 0x000000010fc00000, 0x000000010fc00000| Untracked 
| 253|0x000000010fd00000, 0x000000010fe00000, 0x000000010fe00000|100%| O|  |TAMS 0x000000010fd00000, 0x000000010fd00000| Untracked 
| 254|0x000000010fe00000, 0x000000010ff00000, 0x000000010ff00000|100%| O|  |TAMS 0x000000010fe00000, 0x000000010fe00000| Untracked 
| 255|0x000000010ff00000, 0x0000000110000000, 0x0000000110000000|100%| O|  |TAMS 0x000000010ff00000, 0x000000010ff00000| Untracked 
| 256|0x0000000110000000, 0x0000000110100000, 0x0000000110100000|100%| O|  |TAMS 0x0000000110000000, 0x0000000110000000| Untracked 
| 257|0x0000000110100000, 0x0000000110200000, 0x0000000110200000|100%| O|  |TAMS 0x0000000110100000, 0x0000000110100000| Untracked 
| 258|0x0000000110200000, 0x0000000110300000, 0x0000000110300000|100%| O|  |TAMS 0x0000000110200000, 0x0000000110200000| Untracked 
| 259|0x0000000110300000, 0x0000000110400000, 0x0000000110400000|100%| O|  |TAMS 0x0000000110300000, 0x0000000110300000| Untracked 
| 260|0x0000000110400000, 0x0000000110500000, 0x0000000110500000|100%| O|  |TAMS 0x0000000110400000, 0x0000000110400000| Untracked 
| 261|0x0000000110500000, 0x0000000110600000, 0x0000000110600000|100%| O|  |TAMS 0x0000000110500000, 0x0000000110500000| Untracked 
| 262|0x0000000110600000, 0x0000000110700000, 0x0000000110700000|100%| O|  |TAMS 0x0000000110600000, 0x0000000110600000| Untracked 
| 263|0x0000000110700000, 0x0000000110800000, 0x0000000110800000|100%| O|  |TAMS 0x0000000110700000, 0x0000000110700000| Untracked 
| 264|0x0000000110800000, 0x0000000110900000, 0x0000000110900000|100%| O|  |TAMS 0x0000000110800000, 0x0000000110800000| Untracked 
| 265|0x0000000110900000, 0x0000000110a00000, 0x0000000110a00000|100%| O|  |TAMS 0x0000000110900000, 0x0000000110900000| Untracked 
| 266|0x0000000110a00000, 0x0000000110b00000, 0x0000000110b00000|100%| O|  |TAMS 0x0000000110a00000, 0x0000000110a00000| Untracked 
| 267|0x0000000110b00000, 0x0000000110c00000, 0x0000000110c00000|100%| O|  |TAMS 0x0000000110b00000, 0x0000000110b00000| Untracked 
| 268|0x0000000110c00000, 0x0000000110d00000, 0x0000000110d00000|100%| O|  |TAMS 0x0000000110c00000, 0x0000000110c00000| Untracked 
| 269|0x0000000110d00000, 0x0000000110e00000, 0x0000000110e00000|100%| O|  |TAMS 0x0000000110d00000, 0x0000000110d00000| Untracked 
| 270|0x0000000110e00000, 0x0000000110f00000, 0x0000000110f00000|100%| O|  |TAMS 0x0000000110e00000, 0x0000000110e00000| Untracked 
| 271|0x0000000110f00000, 0x0000000111000000, 0x0000000111000000|100%| O|  |TAMS 0x0000000110f00000, 0x0000000110f00000| Untracked 
| 272|0x0000000111000000, 0x0000000111100000, 0x0000000111100000|100%| O|  |TAMS 0x0000000111000000, 0x0000000111000000| Untracked 
| 273|0x0000000111100000, 0x0000000111200000, 0x0000000111200000|100%| O|  |TAMS 0x0000000111100000, 0x0000000111100000| Untracked 
| 274|0x0000000111200000, 0x0000000111300000, 0x0000000111300000|100%| O|  |TAMS 0x0000000111200000, 0x0000000111200000| Untracked 
| 275|0x0000000111300000, 0x0000000111400000, 0x0000000111400000|100%| O|  |TAMS 0x0000000111300000, 0x0000000111300000| Untracked 
| 276|0x0000000111400000, 0x0000000111400000, 0x0000000111500000|  0%| F|  |TAMS 0x0000000111400000, 0x0000000111400000| Untracked 
| 277|0x0000000111500000, 0x0000000111600000, 0x0000000111600000|100%| O|  |TAMS 0x0000000111500000, 0x0000000111500000| Untracked 
| 278|0x0000000111600000, 0x0000000111600000, 0x0000000111700000|  0%| F|  |TAMS 0x0000000111600000, 0x0000000111600000| Untracked 
| 279|0x0000000111700000, 0x0000000111700000, 0x0000000111800000|  0%| F|  |TAMS 0x0000000111700000, 0x0000000111700000| Untracked 
| 280|0x0000000111800000, 0x0000000111800000, 0x0000000111900000|  0%| F|  |TAMS 0x0000000111800000, 0x0000000111800000| Untracked 
| 281|0x0000000111900000, 0x0000000111900000, 0x0000000111a00000|  0%| F|  |TAMS 0x0000000111900000, 0x0000000111900000| Untracked 
| 282|0x0000000111a00000, 0x0000000111a00000, 0x0000000111b00000|  0%| F|  |TAMS 0x0000000111a00000, 0x0000000111a00000| Untracked 
| 283|0x0000000111b00000, 0x0000000111b00000, 0x0000000111c00000|  0%| F|  |TAMS 0x0000000111b00000, 0x0000000111b00000| Untracked 
| 284|0x0000000111c00000, 0x0000000111d00000, 0x0000000111d00000|100%|HS|  |TAMS 0x0000000111c00000, 0x0000000111c00000| Complete 
| 285|0x0000000111d00000, 0x0000000111e00000, 0x0000000111e00000|100%|HC|  |TAMS 0x0000000111d00000, 0x0000000111d00000| Complete 
| 286|0x0000000111e00000, 0x0000000111f00000, 0x0000000111f00000|100%| O|  |TAMS 0x0000000111e00000, 0x0000000111e00000| Untracked 
| 287|0x0000000111f00000, 0x0000000112000000, 0x0000000112000000|100%| O|  |TAMS 0x0000000111f00000, 0x0000000111f00000| Untracked 
| 288|0x0000000112000000, 0x0000000112100000, 0x0000000112100000|100%| O|  |TAMS 0x0000000112000000, 0x0000000112000000| Untracked 
| 289|0x0000000112100000, 0x0000000112200000, 0x0000000112200000|100%| O|  |TAMS 0x0000000112100000, 0x0000000112100000| Untracked 
| 290|0x0000000112200000, 0x0000000112300000, 0x0000000112300000|100%| O|  |TAMS 0x0000000112200000, 0x0000000112200000| Untracked 
| 291|0x0000000112300000, 0x0000000112400000, 0x0000000112400000|100%| O|  |TAMS 0x0000000112300000, 0x0000000112300000| Untracked 
| 292|0x0000000112400000, 0x0000000112500000, 0x0000000112500000|100%| O|  |TAMS 0x0000000112400000, 0x0000000112400000| Untracked 
| 293|0x0000000112500000, 0x0000000112600000, 0x0000000112600000|100%| O|  |TAMS 0x0000000112500000, 0x0000000112500000| Untracked 
| 294|0x0000000112600000, 0x0000000112700000, 0x0000000112700000|100%| O|  |TAMS 0x0000000112600000, 0x0000000112600000| Untracked 
| 295|0x0000000112700000, 0x0000000112800000, 0x0000000112800000|100%| O|  |TAMS 0x0000000112700000, 0x0000000112700000| Untracked 
| 296|0x0000000112800000, 0x0000000112900000, 0x0000000112900000|100%| O|  |TAMS 0x0000000112800000, 0x0000000112800000| Untracked 
| 297|0x0000000112900000, 0x0000000112a00000, 0x0000000112a00000|100%| O|  |TAMS 0x0000000112900000, 0x0000000112900000| Untracked 
| 298|0x0000000112a00000, 0x0000000112b00000, 0x0000000112b00000|100%| O|  |TAMS 0x0000000112a00000, 0x0000000112a00000| Untracked 
| 299|0x0000000112b00000, 0x0000000112c00000, 0x0000000112c00000|100%| O|  |TAMS 0x0000000112b00000, 0x0000000112b00000| Untracked 
| 300|0x0000000112c00000, 0x0000000112d00000, 0x0000000112d00000|100%| O|  |TAMS 0x0000000112c00000, 0x0000000112c00000| Untracked 
| 301|0x0000000112d00000, 0x0000000112e00000, 0x0000000112e00000|100%| O|  |TAMS 0x0000000112d00000, 0x0000000112d00000| Untracked 
| 302|0x0000000112e00000, 0x0000000112f00000, 0x0000000112f00000|100%| O|  |TAMS 0x0000000112e00000, 0x0000000112e00000| Untracked 
| 303|0x0000000112f00000, 0x0000000113000000, 0x0000000113000000|100%| O|  |TAMS 0x0000000112f00000, 0x0000000112f00000| Untracked 
| 304|0x0000000113000000, 0x0000000113100000, 0x0000000113100000|100%| O|  |TAMS 0x0000000113000000, 0x0000000113000000| Untracked 
| 305|0x0000000113100000, 0x0000000113200000, 0x0000000113200000|100%| O|  |TAMS 0x0000000113100000, 0x0000000113100000| Untracked 
| 306|0x0000000113200000, 0x0000000113300000, 0x0000000113300000|100%| O|  |TAMS 0x0000000113200000, 0x0000000113200000| Untracked 
| 307|0x0000000113300000, 0x0000000113400000, 0x0000000113400000|100%| O|  |TAMS 0x0000000113300000, 0x0000000113300000| Untracked 
| 308|0x0000000113400000, 0x0000000113500000, 0x0000000113500000|100%| O|  |TAMS 0x0000000113400000, 0x0000000113400000| Untracked 
| 309|0x0000000113500000, 0x0000000113524200, 0x0000000113600000| 14%| O|  |TAMS 0x0000000113500000, 0x0000000113500000| Untracked 
| 310|0x0000000113600000, 0x0000000113600000, 0x0000000113700000|  0%| F|  |TAMS 0x0000000113600000, 0x0000000113600000| Untracked 
| 311|0x0000000113700000, 0x0000000113700000, 0x0000000113800000|  0%| F|  |TAMS 0x0000000113700000, 0x0000000113700000| Untracked 
| 312|0x0000000113800000, 0x0000000113800000, 0x0000000113900000|  0%| F|  |TAMS 0x0000000113800000, 0x0000000113800000| Untracked 
| 313|0x0000000113900000, 0x0000000113900000, 0x0000000113a00000|  0%| F|  |TAMS 0x0000000113900000, 0x0000000113900000| Untracked 
| 314|0x0000000113a00000, 0x0000000113a00000, 0x0000000113b00000|  0%| F|  |TAMS 0x0000000113a00000, 0x0000000113a00000| Untracked 
| 315|0x0000000113b00000, 0x0000000113b00000, 0x0000000113c00000|  0%| F|  |TAMS 0x0000000113b00000, 0x0000000113b00000| Untracked 
| 316|0x0000000113c00000, 0x0000000113c00000, 0x0000000113d00000|  0%| F|  |TAMS 0x0000000113c00000, 0x0000000113c00000| Untracked 
| 317|0x0000000113d00000, 0x0000000113d00000, 0x0000000113e00000|  0%| F|  |TAMS 0x0000000113d00000, 0x0000000113d00000| Untracked 
| 318|0x0000000113e00000, 0x0000000113e00000, 0x0000000113f00000|  0%| F|  |TAMS 0x0000000113e00000, 0x0000000113e00000| Untracked 
| 319|0x0000000113f00000, 0x0000000113f00000, 0x0000000114000000|  0%| F|  |TAMS 0x0000000113f00000, 0x0000000113f00000| Untracked 
| 320|0x0000000114000000, 0x0000000114000000, 0x0000000114100000|  0%| F|  |TAMS 0x0000000114000000, 0x0000000114000000| Untracked 
| 321|0x0000000114100000, 0x0000000114100000, 0x0000000114200000|  0%| F|  |TAMS 0x0000000114100000, 0x0000000114100000| Untracked 
| 322|0x0000000114200000, 0x0000000114200000, 0x0000000114300000|  0%| F|  |TAMS 0x0000000114200000, 0x0000000114200000| Untracked 
| 323|0x0000000114300000, 0x0000000114400000, 0x0000000114400000|100%| S|CS|TAMS 0x0000000114300000, 0x0000000114300000| Complete 
| 324|0x0000000114400000, 0x0000000114400000, 0x0000000114500000|  0%| F|  |TAMS 0x0000000114400000, 0x0000000114400000| Untracked 
| 325|0x0000000114500000, 0x0000000114600000, 0x0000000114600000|100%| S|CS|TAMS 0x0000000114500000, 0x0000000114500000| Complete 
| 326|0x0000000114600000, 0x0000000114700000, 0x0000000114700000|100%| S|CS|TAMS 0x0000000114600000, 0x0000000114600000| Complete 
| 327|0x0000000114700000, 0x0000000114800000, 0x0000000114800000|100%| S|CS|TAMS 0x0000000114700000, 0x0000000114700000| Complete 
| 328|0x0000000114800000, 0x0000000114900000, 0x0000000114900000|100%| S|CS|TAMS 0x0000000114800000, 0x0000000114800000| Complete 
| 329|0x0000000114900000, 0x0000000114900000, 0x0000000114a00000|  0%| F|  |TAMS 0x0000000114900000, 0x0000000114900000| Untracked 
| 330|0x0000000114a00000, 0x0000000114a00000, 0x0000000114b00000|  0%| F|  |TAMS 0x0000000114a00000, 0x0000000114a00000| Untracked 
| 331|0x0000000114b00000, 0x0000000114b00000, 0x0000000114c00000|  0%| F|  |TAMS 0x0000000114b00000, 0x0000000114b00000| Untracked 
| 332|0x0000000114c00000, 0x0000000114d00000, 0x0000000114d00000|100%| S|CS|TAMS 0x0000000114c00000, 0x0000000114c00000| Complete 
| 333|0x0000000114d00000, 0x0000000114d00000, 0x0000000114e00000|  0%| F|  |TAMS 0x0000000114d00000, 0x0000000114d00000| Untracked 
| 334|0x0000000114e00000, 0x0000000114f00000, 0x0000000114f00000|100%| S|CS|TAMS 0x0000000114e00000, 0x0000000114e00000| Complete 
| 335|0x0000000114f00000, 0x0000000114f00000, 0x0000000115000000|  0%| F|  |TAMS 0x0000000114f00000, 0x0000000114f00000| Untracked 
| 336|0x0000000115000000, 0x0000000115000000, 0x0000000115100000|  0%| F|  |TAMS 0x0000000115000000, 0x0000000115000000| Untracked 
| 337|0x0000000115100000, 0x0000000115200000, 0x0000000115200000|100%| S|CS|TAMS 0x0000000115100000, 0x0000000115100000| Complete 
| 338|0x0000000115200000, 0x0000000115300000, 0x0000000115300000|100%| S|CS|TAMS 0x0000000115200000, 0x0000000115200000| Complete 
| 339|0x0000000115300000, 0x0000000115300000, 0x0000000115400000|  0%| F|  |TAMS 0x0000000115300000, 0x0000000115300000| Untracked 
| 340|0x0000000115400000, 0x0000000115400000, 0x0000000115500000|  0%| F|  |TAMS 0x0000000115400000, 0x0000000115400000| Untracked 
| 341|0x0000000115500000, 0x0000000115500000, 0x0000000115600000|  0%| F|  |TAMS 0x0000000115500000, 0x0000000115500000| Untracked 
| 342|0x0000000115600000, 0x0000000115600000, 0x0000000115700000|  0%| F|  |TAMS 0x0000000115600000, 0x0000000115600000| Untracked 
| 343|0x0000000115700000, 0x0000000115700000, 0x0000000115800000|  0%| F|  |TAMS 0x0000000115700000, 0x0000000115700000| Untracked 
| 344|0x0000000115800000, 0x0000000115800000, 0x0000000115900000|  0%| F|  |TAMS 0x0000000115800000, 0x0000000115800000| Untracked 
| 345|0x0000000115900000, 0x0000000115900000, 0x0000000115a00000|  0%| F|  |TAMS 0x0000000115900000, 0x0000000115900000| Untracked 
| 346|0x0000000115a00000, 0x0000000115a00000, 0x0000000115b00000|  0%| F|  |TAMS 0x0000000115a00000, 0x0000000115a00000| Untracked 
| 347|0x0000000115b00000, 0x0000000115b00000, 0x0000000115c00000|  0%| F|  |TAMS 0x0000000115b00000, 0x0000000115b00000| Untracked 
| 348|0x0000000115c00000, 0x0000000115c00000, 0x0000000115d00000|  0%| F|  |TAMS 0x0000000115c00000, 0x0000000115c00000| Untracked 
| 349|0x0000000115d00000, 0x0000000115d00000, 0x0000000115e00000|  0%| F|  |TAMS 0x0000000115d00000, 0x0000000115d00000| Untracked 
| 350|0x0000000115e00000, 0x0000000115e00000, 0x0000000115f00000|  0%| F|  |TAMS 0x0000000115e00000, 0x0000000115e00000| Untracked 
| 351|0x0000000115f00000, 0x0000000115f00000, 0x0000000116000000|  0%| F|  |TAMS 0x0000000115f00000, 0x0000000115f00000| Untracked 
| 352|0x0000000116000000, 0x0000000116000000, 0x0000000116100000|  0%| F|  |TAMS 0x0000000116000000, 0x0000000116000000| Untracked 
| 353|0x0000000116100000, 0x0000000116100000, 0x0000000116200000|  0%| F|  |TAMS 0x0000000116100000, 0x0000000116100000| Untracked 
| 354|0x0000000116200000, 0x0000000116200000, 0x0000000116300000|  0%| F|  |TAMS 0x0000000116200000, 0x0000000116200000| Untracked 
| 355|0x0000000116300000, 0x0000000116300000, 0x0000000116400000|  0%| F|  |TAMS 0x0000000116300000, 0x0000000116300000| Untracked 
| 356|0x0000000116400000, 0x0000000116400000, 0x0000000116500000|  0%| F|  |TAMS 0x0000000116400000, 0x0000000116400000| Untracked 
| 357|0x0000000116500000, 0x0000000116500000, 0x0000000116600000|  0%| F|  |TAMS 0x0000000116500000, 0x0000000116500000| Untracked 
| 358|0x0000000116600000, 0x0000000116600000, 0x0000000116700000|  0%| F|  |TAMS 0x0000000116600000, 0x0000000116600000| Untracked 
| 359|0x0000000116700000, 0x0000000116700000, 0x0000000116800000|  0%| F|  |TAMS 0x0000000116700000, 0x0000000116700000| Untracked 
| 360|0x0000000116800000, 0x0000000116800000, 0x0000000116900000|  0%| F|  |TAMS 0x0000000116800000, 0x0000000116800000| Untracked 
| 361|0x0000000116900000, 0x0000000116900000, 0x0000000116a00000|  0%| F|  |TAMS 0x0000000116900000, 0x0000000116900000| Untracked 
| 362|0x0000000116a00000, 0x0000000116a00000, 0x0000000116b00000|  0%| F|  |TAMS 0x0000000116a00000, 0x0000000116a00000| Untracked 
| 363|0x0000000116b00000, 0x0000000116b00000, 0x0000000116c00000|  0%| F|  |TAMS 0x0000000116b00000, 0x0000000116b00000| Untracked 
| 364|0x0000000116c00000, 0x0000000116c00000, 0x0000000116d00000|  0%| F|  |TAMS 0x0000000116c00000, 0x0000000116c00000| Untracked 
| 365|0x0000000116d00000, 0x0000000116d00000, 0x0000000116e00000|  0%| F|  |TAMS 0x0000000116d00000, 0x0000000116d00000| Untracked 
| 366|0x0000000116e00000, 0x0000000116e00000, 0x0000000116f00000|  0%| F|  |TAMS 0x0000000116e00000, 0x0000000116e00000| Untracked 
| 367|0x0000000116f00000, 0x0000000116f00000, 0x0000000117000000|  0%| F|  |TAMS 0x0000000116f00000, 0x0000000116f00000| Untracked 
| 368|0x0000000117000000, 0x0000000117000000, 0x0000000117100000|  0%| F|  |TAMS 0x0000000117000000, 0x0000000117000000| Untracked 
| 369|0x0000000117100000, 0x0000000117100000, 0x0000000117200000|  0%| F|  |TAMS 0x0000000117100000, 0x0000000117100000| Untracked 
| 370|0x0000000117200000, 0x0000000117200000, 0x0000000117300000|  0%| F|  |TAMS 0x0000000117200000, 0x0000000117200000| Untracked 
| 371|0x0000000117300000, 0x0000000117300000, 0x0000000117400000|  0%| F|  |TAMS 0x0000000117300000, 0x0000000117300000| Untracked 
| 372|0x0000000117400000, 0x0000000117400000, 0x0000000117500000|  0%| F|  |TAMS 0x0000000117400000, 0x0000000117400000| Untracked 
| 373|0x0000000117500000, 0x0000000117500000, 0x0000000117600000|  0%| F|  |TAMS 0x0000000117500000, 0x0000000117500000| Untracked 
| 374|0x0000000117600000, 0x0000000117600000, 0x0000000117700000|  0%| F|  |TAMS 0x0000000117600000, 0x0000000117600000| Untracked 
| 375|0x0000000117700000, 0x0000000117700000, 0x0000000117800000|  0%| F|  |TAMS 0x0000000117700000, 0x0000000117700000| Untracked 
| 376|0x0000000117800000, 0x0000000117800000, 0x0000000117900000|  0%| F|  |TAMS 0x0000000117800000, 0x0000000117800000| Untracked 
| 377|0x0000000117900000, 0x0000000117900000, 0x0000000117a00000|  0%| F|  |TAMS 0x0000000117900000, 0x0000000117900000| Untracked 
| 378|0x0000000117a00000, 0x0000000117a00000, 0x0000000117b00000|  0%| F|  |TAMS 0x0000000117a00000, 0x0000000117a00000| Untracked 
| 379|0x0000000117b00000, 0x0000000117b00000, 0x0000000117c00000|  0%| F|  |TAMS 0x0000000117b00000, 0x0000000117b00000| Untracked 
| 380|0x0000000117c00000, 0x0000000117c00000, 0x0000000117d00000|  0%| F|  |TAMS 0x0000000117c00000, 0x0000000117c00000| Untracked 
| 381|0x0000000117d00000, 0x0000000117d00000, 0x0000000117e00000|  0%| F|  |TAMS 0x0000000117d00000, 0x0000000117d00000| Untracked 
| 382|0x0000000117e00000, 0x0000000117e00000, 0x0000000117f00000|  0%| F|  |TAMS 0x0000000117e00000, 0x0000000117e00000| Untracked 
| 383|0x0000000117f00000, 0x0000000117f00000, 0x0000000118000000|  0%| F|  |TAMS 0x0000000117f00000, 0x0000000117f00000| Untracked 
| 384|0x0000000118000000, 0x0000000118000000, 0x0000000118100000|  0%| F|  |TAMS 0x0000000118000000, 0x0000000118000000| Untracked 
| 385|0x0000000118100000, 0x0000000118100000, 0x0000000118200000|  0%| F|  |TAMS 0x0000000118100000, 0x0000000118100000| Untracked 
| 386|0x0000000118200000, 0x0000000118200000, 0x0000000118300000|  0%| F|  |TAMS 0x0000000118200000, 0x0000000118200000| Untracked 
| 387|0x0000000118300000, 0x0000000118300000, 0x0000000118400000|  0%| F|  |TAMS 0x0000000118300000, 0x0000000118300000| Untracked 
| 388|0x0000000118400000, 0x0000000118400000, 0x0000000118500000|  0%| F|  |TAMS 0x0000000118400000, 0x0000000118400000| Untracked 
| 389|0x0000000118500000, 0x0000000118500000, 0x0000000118600000|  0%| F|  |TAMS 0x0000000118500000, 0x0000000118500000| Untracked 
| 390|0x0000000118600000, 0x0000000118600000, 0x0000000118700000|  0%| F|  |TAMS 0x0000000118600000, 0x0000000118600000| Untracked 
| 391|0x0000000118700000, 0x0000000118700000, 0x0000000118800000|  0%| F|  |TAMS 0x0000000118700000, 0x0000000118700000| Untracked 
| 392|0x0000000118800000, 0x0000000118800000, 0x0000000118900000|  0%| F|  |TAMS 0x0000000118800000, 0x0000000118800000| Untracked 
| 393|0x0000000118900000, 0x0000000118900000, 0x0000000118a00000|  0%| F|  |TAMS 0x0000000118900000, 0x0000000118900000| Untracked 
| 394|0x0000000118a00000, 0x0000000118a00000, 0x0000000118b00000|  0%| F|  |TAMS 0x0000000118a00000, 0x0000000118a00000| Untracked 
| 395|0x0000000118b00000, 0x0000000118b00000, 0x0000000118c00000|  0%| F|  |TAMS 0x0000000118b00000, 0x0000000118b00000| Untracked 
| 396|0x0000000118c00000, 0x0000000118c00000, 0x0000000118d00000|  0%| F|  |TAMS 0x0000000118c00000, 0x0000000118c00000| Untracked 
| 397|0x0000000118d00000, 0x0000000118d00000, 0x0000000118e00000|  0%| F|  |TAMS 0x0000000118d00000, 0x0000000118d00000| Untracked 
| 398|0x0000000118e00000, 0x0000000118e00000, 0x0000000118f00000|  0%| F|  |TAMS 0x0000000118e00000, 0x0000000118e00000| Untracked 
| 399|0x0000000118f00000, 0x0000000118f848c8, 0x0000000119000000| 51%| E|  |TAMS 0x0000000118f00000, 0x0000000118f00000| Complete 

Card table byte_map: [0x00000224af4b0000,0x00000224af6b0000] _byte_map_base: 0x00000224aecb0000

Marking Bits (Prev, Next): (CMBitMap*) 0x00000224984464b0, (CMBitMap*) 0x0000022498446470
 Prev Bits: [0x00000224b08b0000, 0x00000224b18b0000)
 Next Bits: [0x00000224af8b0000, 0x00000224b08b0000)

Polling page: 0x0000022496330000

Metaspace:

Usage:
  Non-class:    114.84 MB used.
      Class:     18.19 MB used.
       Both:    133.02 MB used.

Virtual space:
  Non-class space:      128.00 MB reserved,     115.94 MB ( 91%) committed,  2 nodes.
      Class space:      208.00 MB reserved,      19.19 MB (  9%) committed,  1 nodes.
             Both:      336.00 MB reserved,     135.12 MB ( 40%) committed. 

Chunk freelists:
   Non-Class:  12.08 MB
       Class:  12.72 MB
        Both:  24.80 MB

MaxMetaspaceSize: 256.00 MB
CompressedClassSpaceSize: 208.00 MB
Initial GC threshold: 21.00 MB
Current GC threshold: 200.00 MB
CDS: on
MetaspaceReclaimPolicy: balanced
 - commit_granule_bytes: 65536.
 - commit_granule_words: 8192.
 - virtual_space_node_default_size: 8388608.
 - enlarge_chunks_in_place: 1.
 - new_chunks_are_fully_committed: 0.
 - uncommit_free_chunks: 1.
 - use_allocation_guard: 0.
 - handle_deallocations: 1.


Internal statistics:

num_allocs_failed_limit: 6.
num_arena_births: 3200.
num_arena_deaths: 0.
num_vsnodes_births: 3.
num_vsnodes_deaths: 0.
num_space_committed: 2161.
num_space_uncommitted: 0.
num_chunks_returned_to_freelist: 6.
num_chunks_taken_from_freelist: 9689.
num_chunk_merges: 6.
num_chunk_splits: 6088.
num_chunks_enlarged: 3542.
num_inconsistent_stats: 0.

CodeHeap 'non-profiled nmethods': size=120064Kb used=13269Kb max_used=13429Kb free=106794Kb
 bounds [0x00000224a7a40000, 0x00000224a8760000, 0x00000224aef80000]
CodeHeap 'profiled nmethods': size=120000Kb used=37887Kb max_used=37887Kb free=82112Kb
 bounds [0x000002249ff80000, 0x00000224a2490000, 0x00000224a74b0000]
CodeHeap 'non-nmethods': size=5696Kb used=2545Kb max_used=2587Kb free=3150Kb
 bounds [0x00000224a74b0000, 0x00000224a7750000, 0x00000224a7a40000]
 total_blobs=20450 nmethods=19365 adapters=996
 compilation: enabled
              stopped_count=0, restarted_count=0
 full_count=0

Compilation events (20 events):
Event: 173.972 Thread 0x00000224b42f1d30 nmethod 24505 0x00000224a2479e10 code [0x00000224a2479fe0, 0x00000224a247a338]
Event: 174.378 Thread 0x00000224b42f1d30 24507       3       com.sun.org.apache.xerces.internal.impl.XMLEntityScanner::peekChar (63 bytes)
Event: 174.379 Thread 0x00000224b42f1d30 nmethod 24507 0x00000224a247a490 code [0x00000224a247a660, 0x00000224a247a908]
Event: 174.384 Thread 0x00000224b42f1d30 24509       3       com.sun.org.apache.xerces.internal.impl.XMLNSDocumentScannerImpl::scanAttribute (834 bytes)
Event: 175.072 Thread 0x00000224b42f1d30 nmethod 24509 0x00000224a247aa90 code [0x00000224a247b080, 0x00000224a247f9c8]
Event: 175.074 Thread 0x00000224b42f1d30 24510       3       com.sun.org.apache.xerces.internal.impl.XMLEntityScanner::scanLiteral (398 bytes)
Event: 175.075 Thread 0x00000224b42f1d30 nmethod 24510 0x00000224a2480d90 code [0x00000224a2481020, 0x00000224a2481c48]
Event: 175.218 Thread 0x00000224b42f1d30 24515       2       com.android.ide.common.resources.ValueResourceParser2::addStyleableItems (182 bytes)
Event: 175.219 Thread 0x00000224b42f1d30 nmethod 24515 0x00000224a2482090 code [0x00000224a24822e0, 0x00000224a24827b8]
Event: 175.476 Thread 0x00000224b42f1d30 24518       2       com.android.ide.common.resources.DataFile::<init> (44 bytes)
Event: 175.477 Thread 0x00000224b42f1d30 nmethod 24518 0x00000224a2482b90 code [0x00000224a2482d80, 0x00000224a2483178]
Event: 175.477 Thread 0x00000224b42f1d30 24517       2       com.android.ide.common.resources.ResourceFile::<init> (11 bytes)
Event: 175.478 Thread 0x00000224b42f1d30 nmethod 24517 0x00000224a2483290 code [0x00000224a2483440, 0x00000224a2483618]
Event: 175.480 Thread 0x00000224b42f1d30 24519       2       com.sun.org.apache.xerces.internal.dom.CoreDocumentImpl::checkDOMNSErr (135 bytes)
Event: 175.481 Thread 0x00000224b42f1d30 nmethod 24519 0x00000224a2483710 code [0x00000224a2483980, 0x00000224a2483ef8]
Event: 175.590 Thread 0x00000224b42f1d30 24520       2       kotlin.text.Regex::matchEntire (25 bytes)
Event: 175.592 Thread 0x00000224b42f1d30 nmethod 24520 0x00000224a2484210 code [0x00000224a2484420, 0x00000224a2484838]
Event: 175.592 Thread 0x00000224b42f1d30 24521       2       kotlin.text.RegexKt::access$matchEntire (6 bytes)
Event: 175.592 Thread 0x00000224b42f1d30 nmethod 24521 0x00000224a2484b10 code [0x00000224a2484cc0, 0x00000224a2484e98]
Event: 175.678 Thread 0x00000224b42f1d30 24524       2       com.sun.org.apache.xerces.internal.impl.XMLScanner::getStringBuffer (76 bytes)

GC Heap History (20 events):
Event: 87.825 GC heap after
{Heap after GC invocations=162 (full 0):
 garbage-first heap   total 409600K, used 262275K [0x0000000100000000, 0x0000000140000000)
  region size 1024K, 13 young (13312K), 13 survivors (13312K)
 Metaspace       used 130468K, committed 132544K, reserved 344064K
  class space    used 18051K, committed 19072K, reserved 212992K
}
Event: 90.320 GC heap before
{Heap before GC invocations=162 (full 0):
 garbage-first heap   total 409600K, used 340099K [0x0000000100000000, 0x0000000140000000)
  region size 1024K, 89 young (91136K), 13 survivors (13312K)
 Metaspace       used 131654K, committed 133824K, reserved 344064K
  class space    used 18233K, committed 19264K, reserved 212992K
}
Event: 90.353 GC heap after
{Heap after GC invocations=163 (full 0):
 garbage-first heap   total 409600K, used 273009K [0x0000000100000000, 0x0000000140000000)
  region size 1024K, 10 young (10240K), 10 survivors (10240K)
 Metaspace       used 131654K, committed 133824K, reserved 344064K
  class space    used 18233K, committed 19264K, reserved 212992K
}
Event: 129.577 GC heap before
{Heap before GC invocations=163 (full 0):
 garbage-first heap   total 409600K, used 348785K [0x0000000100000000, 0x0000000140000000)
  region size 1024K, 80 young (81920K), 10 survivors (10240K)
 Metaspace       used 133227K, committed 135360K, reserved 344064K
  class space    used 18352K, committed 19328K, reserved 212992K
}
Event: 129.743 GC heap after
{Heap after GC invocations=164 (full 0):
 garbage-first heap   total 409600K, used 277931K [0x0000000100000000, 0x0000000140000000)
  region size 1024K, 5 young (5120K), 5 survivors (5120K)
 Metaspace       used 133227K, committed 135360K, reserved 344064K
  class space    used 18352K, committed 19328K, reserved 212992K
}
Event: 133.397 GC heap before
{Heap before GC invocations=164 (full 0):
 garbage-first heap   total 409600K, used 347563K [0x0000000100000000, 0x0000000140000000)
  region size 1024K, 73 young (74752K), 5 survivors (5120K)
 Metaspace       used 133231K, committed 135360K, reserved 344064K
  class space    used 18352K, committed 19328K, reserved 212992K
}
Event: 133.405 GC heap after
{Heap after GC invocations=165 (full 0):
 garbage-first heap   total 409600K, used 279108K [0x0000000100000000, 0x0000000140000000)
  region size 1024K, 6 young (6144K), 6 survivors (6144K)
 Metaspace       used 133231K, committed 135360K, reserved 344064K
  class space    used 18352K, committed 19328K, reserved 212992K
}
Event: 137.902 GC heap before
{Heap before GC invocations=165 (full 0):
 garbage-first heap   total 409600K, used 349764K [0x0000000100000000, 0x0000000140000000)
  region size 1024K, 75 young (76800K), 6 survivors (6144K)
 Metaspace       used 133243K, committed 135360K, reserved 344064K
  class space    used 18352K, committed 19328K, reserved 212992K
}
Event: 137.911 GC heap after
{Heap after GC invocations=166 (full 0):
 garbage-first heap   total 409600K, used 281538K [0x0000000100000000, 0x0000000140000000)
  region size 1024K, 8 young (8192K), 8 survivors (8192K)
 Metaspace       used 133243K, committed 135360K, reserved 344064K
  class space    used 18352K, committed 19328K, reserved 212992K
}
Event: 145.249 GC heap before
{Heap before GC invocations=166 (full 0):
 garbage-first heap   total 409600K, used 351170K [0x0000000100000000, 0x0000000140000000)
  region size 1024K, 76 young (77824K), 8 survivors (8192K)
 Metaspace       used 133512K, committed 135616K, reserved 344064K
  class space    used 18373K, committed 19392K, reserved 212992K
}
Event: 145.264 GC heap after
{Heap after GC invocations=167 (full 0):
 garbage-first heap   total 409600K, used 282959K [0x0000000100000000, 0x0000000140000000)
  region size 1024K, 7 young (7168K), 7 survivors (7168K)
 Metaspace       used 133512K, committed 135616K, reserved 344064K
  class space    used 18373K, committed 19392K, reserved 212992K
}
Event: 148.542 GC heap before
{Heap before GC invocations=167 (full 0):
 garbage-first heap   total 409600K, used 351567K [0x0000000100000000, 0x0000000140000000)
  region size 1024K, 74 young (75776K), 7 survivors (7168K)
 Metaspace       used 133623K, committed 135744K, reserved 344064K
  class space    used 18373K, committed 19392K, reserved 212992K
}
Event: 148.561 GC heap after
{Heap after GC invocations=168 (full 0):
 garbage-first heap   total 409600K, used 284816K [0x0000000100000000, 0x0000000140000000)
  region size 1024K, 6 young (6144K), 6 survivors (6144K)
 Metaspace       used 133623K, committed 135744K, reserved 344064K
  class space    used 18373K, committed 19392K, reserved 212992K
}
Event: 159.503 GC heap before
{Heap before GC invocations=168 (full 0):
 garbage-first heap   total 409600K, used 352400K [0x0000000100000000, 0x0000000140000000)
  region size 1024K, 72 young (73728K), 6 survivors (6144K)
 Metaspace       used 133724K, committed 135808K, reserved 344064K
  class space    used 18373K, committed 19392K, reserved 212992K
}
Event: 159.544 GC heap after
{Heap after GC invocations=169 (full 0):
 garbage-first heap   total 409600K, used 285847K [0x0000000100000000, 0x0000000140000000)
  region size 1024K, 6 young (6144K), 6 survivors (6144K)
 Metaspace       used 133724K, committed 135808K, reserved 344064K
  class space    used 18373K, committed 19392K, reserved 212992K
}
Event: 167.651 GC heap before
{Heap before GC invocations=169 (full 0):
 garbage-first heap   total 409600K, used 351383K [0x0000000100000000, 0x0000000140000000)
  region size 1024K, 71 young (72704K), 6 survivors (6144K)
 Metaspace       used 135498K, committed 137664K, reserved 344064K
  class space    used 18587K, committed 19584K, reserved 212992K
}
Event: 167.674 GC heap after
{Heap after GC invocations=170 (full 0):
 garbage-first heap   total 409600K, used 288288K [0x0000000100000000, 0x0000000140000000)
  region size 1024K, 6 young (6144K), 6 survivors (6144K)
 Metaspace       used 135498K, committed 137664K, reserved 344064K
  class space    used 18587K, committed 19584K, reserved 212992K
}
Event: 169.844 GC heap before
{Heap before GC invocations=170 (full 0):
 garbage-first heap   total 409600K, used 352800K [0x0000000100000000, 0x0000000140000000)
  region size 1024K, 69 young (70656K), 6 survivors (6144K)
 Metaspace       used 135889K, committed 138048K, reserved 344064K
  class space    used 18623K, committed 19648K, reserved 212992K
}
Event: 169.856 GC heap after
{Heap after GC invocations=171 (full 0):
 garbage-first heap   total 409600K, used 290368K [0x0000000100000000, 0x0000000140000000)
  region size 1024K, 7 young (7168K), 7 survivors (7168K)
 Metaspace       used 135889K, committed 138048K, reserved 344064K
  class space    used 18623K, committed 19648K, reserved 212992K
}
Event: 175.678 GC heap before
{Heap before GC invocations=171 (full 0):
 garbage-first heap   total 409600K, used 361024K [0x0000000100000000, 0x0000000140000000)
  region size 1024K, 68 young (69632K), 7 survivors (7168K)
 Metaspace       used 136215K, committed 138368K, reserved 344064K
  class space    used 18624K, committed 19648K, reserved 212992K
}

Dll operation events (15 events):
Event: 0.013 Loaded shared library C:\Program Files\Eclipse Adoptium\jdk-17.0.19.10-hotspot\bin\java.dll
Event: 0.033 Loaded shared library C:\Program Files\Eclipse Adoptium\jdk-17.0.19.10-hotspot\bin\jsvml.dll
Event: 0.086 Loaded shared library C:\Program Files\Eclipse Adoptium\jdk-17.0.19.10-hotspot\bin\zip.dll
Event: 0.090 Loaded shared library C:\Program Files\Eclipse Adoptium\jdk-17.0.19.10-hotspot\bin\instrument.dll
Event: 0.095 Loaded shared library C:\Program Files\Eclipse Adoptium\jdk-17.0.19.10-hotspot\bin\net.dll
Event: 0.096 Loaded shared library C:\Program Files\Eclipse Adoptium\jdk-17.0.19.10-hotspot\bin\nio.dll
Event: 0.099 Loaded shared library C:\Program Files\Eclipse Adoptium\jdk-17.0.19.10-hotspot\bin\zip.dll
Event: 0.393 Loaded shared library C:\Program Files\Eclipse Adoptium\jdk-17.0.19.10-hotspot\bin\jimage.dll
Event: 0.605 Loaded shared library C:\Program Files\Eclipse Adoptium\jdk-17.0.19.10-hotspot\bin\verify.dll
Event: 0.634 Loaded shared library C:\Users\User\.gradle\native\1def1411415f61bf3af743bc5b6707747c0891f09f0c88961ee8f79bc544acac\windows-amd64\native-platform.dll
Event: 0.649 Loaded shared library C:\Users\User\.gradle\native\0.2.8\x86_64-windows-gnu\gradle-fileevents.dll
Event: 1.862 Loaded shared library C:\Program Files\Eclipse Adoptium\jdk-17.0.19.10-hotspot\bin\management.dll
Event: 1.865 Loaded shared library C:\Program Files\Eclipse Adoptium\jdk-17.0.19.10-hotspot\bin\management_ext.dll
Event: 2.047 Loaded shared library C:\Program Files\Eclipse Adoptium\jdk-17.0.19.10-hotspot\bin\extnet.dll
Event: 2.614 Loaded shared library C:\Program Files\Eclipse Adoptium\jdk-17.0.19.10-hotspot\bin\sunmscapi.dll

Deoptimization events (20 events):
Event: 172.830 Thread 0x00000224c903bf20 Uncommon trap: trap_request=0xffffff45 fr.pc=0x00000224a8492aa4 relative=0x00000000000003c4
Event: 172.830 Thread 0x00000224c903bf20 Uncommon trap: reason=unstable_if action=reinterpret pc=0x00000224a8492aa4 method=com.sun.org.apache.xerces.internal.impl.XMLEntityScanner.arrangeCapacity(IZ)Z @ 59 c2
Event: 172.830 Thread 0x00000224c903bf20 DEOPT PACKING pc=0x00000224a8492aa4 sp=0x0000006113738aa0
Event: 172.830 Thread 0x00000224c903bf20 DEOPT UNPACKING pc=0x00000224a750a1a3 sp=0x00000061137389b8 mode 2
Event: 173.757 Thread 0x00000224c903bf20 Uncommon trap: trap_request=0xffffff45 fr.pc=0x00000224a8315ebc relative=0x0000000000002dfc
Event: 173.757 Thread 0x00000224c903bf20 Uncommon trap: reason=unstable_if action=reinterpret pc=0x00000224a8315ebc method=com.sun.org.apache.xerces.internal.impl.XMLDocumentFragmentScannerImpl$FragmentContentDriver.next()I @ 782 c2
Event: 173.757 Thread 0x00000224c903bf20 DEOPT PACKING pc=0x00000224a8315ebc sp=0x0000006113738b20
Event: 173.757 Thread 0x00000224c903bf20 DEOPT UNPACKING pc=0x00000224a750a1a3 sp=0x0000006113738b20 mode 2
Event: 174.378 Thread 0x00000224c903bf20 Uncommon trap: trap_request=0xffffff45 fr.pc=0x00000224a8496f44 relative=0x00000000000000a4
Event: 174.378 Thread 0x00000224c903bf20 Uncommon trap: reason=unstable_if action=reinterpret pc=0x00000224a8496f44 method=com.sun.org.apache.xerces.internal.impl.XMLEntityScanner.peekChar()I @ 14 c2
Event: 174.378 Thread 0x00000224c903bf20 DEOPT PACKING pc=0x00000224a8496f44 sp=0x0000006113738a50
Event: 174.378 Thread 0x00000224c903bf20 DEOPT UNPACKING pc=0x00000224a750a1a3 sp=0x00000061137389d8 mode 2
Event: 174.383 Thread 0x00000224c903bf20 Uncommon trap: trap_request=0xffffff45 fr.pc=0x00000224a85be0cc relative=0x00000000000006ec
Event: 174.383 Thread 0x00000224c903bf20 Uncommon trap: reason=unstable_if action=reinterpret pc=0x00000224a85be0cc method=com.sun.org.apache.xerces.internal.impl.XMLNSDocumentScannerImpl.scanAttribute(Lcom/sun/org/apache/xerces/internal/util/XMLAttributesImpl;)V @ 156 c2
Event: 174.383 Thread 0x00000224c903bf20 DEOPT PACKING pc=0x00000224a85be0cc sp=0x0000006113738910
Event: 174.383 Thread 0x00000224c903bf20 DEOPT UNPACKING pc=0x00000224a750a1a3 sp=0x00000061137388a8 mode 2
Event: 174.387 Thread 0x00000224c903bf20 Uncommon trap: trap_request=0xffffff45 fr.pc=0x00000224a7b985c0 relative=0x0000000000000560
Event: 175.057 Thread 0x00000224c903bf20 Uncommon trap: reason=unstable_if action=reinterpret pc=0x00000224a7b985c0 method=com.sun.org.apache.xerces.internal.impl.XMLEntityScanner.scanLiteral(ILcom/sun/org/apache/xerces/internal/xni/XMLString;Z)I @ 44 c2
Event: 175.073 Thread 0x00000224c903bf20 DEOPT PACKING pc=0x00000224a7b985c0 sp=0x0000006113738770
Event: 175.073 Thread 0x00000224c903bf20 DEOPT UNPACKING pc=0x00000224a750a1a3 sp=0x0000006113738718 mode 2

Classes loaded (20 events):
Event: 166.826 Loading class java/util/concurrent/ConcurrentLinkedDeque$Node
Event: 166.826 Loading class java/util/concurrent/ConcurrentLinkedDeque$Node done
Event: 166.849 Loading class com/sun/org/apache/xerces/internal/dom/DOMImplementationImpl
Event: 166.849 Loading class org/w3c/dom/DOMImplementation
Event: 166.850 Loading class org/w3c/dom/DOMImplementation done
Event: 166.850 Loading class com/sun/org/apache/xerces/internal/dom/CoreDOMImplementationImpl
Event: 166.851 Loading class org/w3c/dom/ls/DOMImplementationLS
Event: 166.851 Loading class org/w3c/dom/ls/DOMImplementationLS done
Event: 166.851 Loading class com/sun/org/apache/xerces/internal/dom/CoreDOMImplementationImpl done
Event: 166.851 Loading class com/sun/org/apache/xerces/internal/dom/DOMImplementationImpl done
Event: 166.851 Loading class com/sun/org/apache/xerces/internal/dom/DeferredDOMImplementationImpl
Event: 166.851 Loading class com/sun/org/apache/xerces/internal/dom/DeferredDOMImplementationImpl done
Event: 167.062 Loading class java/util/stream/Nodes$IntFixedNodeBuilder
Event: 167.063 Loading class java/util/stream/Node$Builder$OfInt
Event: 167.064 Loading class java/util/stream/Node$Builder$OfInt done
Event: 167.064 Loading class java/util/stream/Nodes$IntArrayNode
Event: 167.064 Loading class java/util/stream/Nodes$IntArrayNode done
Event: 167.064 Loading class java/util/stream/Nodes$IntFixedNodeBuilder done
Event: 169.706 Loading class com/sun/org/apache/xerces/internal/dom/AttrNSImpl
Event: 169.707 Loading class com/sun/org/apache/xerces/internal/dom/AttrNSImpl done

Classes unloaded (0 events):
No events

Classes redefined (0 events):
No events

Internal exceptions (20 events):
Event: 166.867 Thread 0x00000224c903bf20 Exception <a 'sun/nio/fs/WindowsException'{0x000000011673d178}> (0x000000011673d178) 
thrown [s\src\hotspot\share\prims\jni.cpp, line 516]
Event: 166.936 Thread 0x00000224c903bf20 Exception <a 'sun/nio/fs/WindowsException'{0x000000011665c200}> (0x000000011665c200) 
thrown [s\src\hotspot\share\prims\jni.cpp, line 516]
Event: 166.969 Thread 0x00000224c903bf20 Exception <a 'sun/nio/fs/WindowsException'{0x00000001166c7f50}> (0x00000001166c7f50) 
thrown [s\src\hotspot\share\prims\jni.cpp, line 516]
Event: 166.992 Thread 0x00000224c903bf20 Exception <a 'sun/nio/fs/WindowsException'{0x00000001165ca8d0}> (0x00000001165ca8d0) 
thrown [s\src\hotspot\share\prims\jni.cpp, line 516]
Event: 167.005 Thread 0x00000224c903bf20 Exception <a 'sun/nio/fs/WindowsException'{0x00000001165f9d90}> (0x00000001165f9d90) 
thrown [s\src\hotspot\share\prims\jni.cpp, line 516]
Event: 167.013 Thread 0x00000224c903bf20 Exception <a 'sun/nio/fs/WindowsException'{0x0000000116485280}> (0x0000000116485280) 
thrown [s\src\hotspot\share\prims\jni.cpp, line 516]
Event: 167.013 Thread 0x00000224c903bf20 Exception <a 'sun/nio/fs/WindowsException'{0x0000000116486498}> (0x0000000116486498) 
thrown [s\src\hotspot\share\prims\jni.cpp, line 516]
Event: 167.013 Thread 0x00000224c903bf20 Exception <a 'sun/nio/fs/WindowsException'{0x00000001164866d0}> (0x00000001164866d0) 
thrown [s\src\hotspot\share\prims\jni.cpp, line 516]
Event: 167.014 Thread 0x00000224c903bf20 Exception <a 'sun/nio/fs/WindowsException'{0x0000000116488dd0}> (0x0000000116488dd0) 
thrown [s\src\hotspot\share\prims\jni.cpp, line 516]
Event: 167.035 Thread 0x00000224c903bf20 Exception <a 'sun/nio/fs/WindowsException'{0x00000001164b42d8}> (0x00000001164b42d8) 
thrown [s\src\hotspot\share\prims\jni.cpp, line 516]
Event: 167.036 Thread 0x00000224c903bf20 Exception <a 'sun/nio/fs/WindowsException'{0x00000001164b6678}> (0x00000001164b6678) 
thrown [s\src\hotspot\share\prims\jni.cpp, line 516]
Event: 167.036 Thread 0x00000224c903bf20 Exception <a 'sun/nio/fs/WindowsException'{0x00000001164b8c20}> (0x00000001164b8c20) 
thrown [s\src\hotspot\share\prims\jni.cpp, line 516]
Event: 167.036 Thread 0x00000224c903bf20 Exception <a 'sun/nio/fs/WindowsException'{0x00000001164bb1c8}> (0x00000001164bb1c8) 
thrown [s\src\hotspot\share\prims\jni.cpp, line 516]
Event: 167.036 Thread 0x00000224c903bf20 Exception <a 'sun/nio/fs/WindowsException'{0x00000001164bdaa0}> (0x00000001164bdaa0) 
thrown [s\src\hotspot\share\prims\jni.cpp, line 516]
Event: 167.051 Thread 0x00000224c903bf20 Exception <a 'sun/nio/fs/WindowsException'{0x00000001163164e0}> (0x00000001163164e0) 
thrown [s\src\hotspot\share\prims\jni.cpp, line 516]
Event: 167.051 Thread 0x00000224c903bf20 Exception <a 'sun/nio/fs/WindowsException'{0x0000000116317690}> (0x0000000116317690) 
thrown [s\src\hotspot\share\prims\jni.cpp, line 516]
Event: 167.052 Thread 0x00000224c903bf20 Exception <a 'sun/nio/fs/WindowsException'{0x0000000116317860}> (0x0000000116317860) 
thrown [s\src\hotspot\share\prims\jni.cpp, line 516]
Event: 167.079 Thread 0x00000224c903bf20 Exception <a 'sun/nio/fs/WindowsException'{0x0000000116374dd8}> (0x0000000116374dd8) 
thrown [s\src\hotspot\share\prims\jni.cpp, line 516]
Event: 169.142 Thread 0x00000224c903bf20 Exception <a 'sun/nio/fs/WindowsException'{0x0000000116204268}> (0x0000000116204268) 
thrown [s\src\hotspot\share\prims\jni.cpp, line 516]
Event: 172.041 Thread 0x00000224c903bf20 Implicit null exception at 0x00000224a7c36c44 to 0x00000224a7c37398

VM Operations (20 events):
Event: 167.390 Executing VM operation: HandshakeAllThreads done
Event: 167.651 Executing VM operation: G1CollectForAllocation
Event: 167.674 Executing VM operation: G1CollectForAllocation done
Event: 168.143 Executing VM operation: HandshakeAllThreads
Event: 168.143 Executing VM operation: HandshakeAllThreads done
Event: 169.144 Executing VM operation: Cleanup
Event: 169.145 Executing VM operation: Cleanup done
Event: 169.844 Executing VM operation: G1CollectForAllocation
Event: 169.856 Executing VM operation: G1CollectForAllocation done
Event: 170.859 Executing VM operation: Cleanup
Event: 170.859 Executing VM operation: Cleanup done
Event: 171.860 Executing VM operation: Cleanup
Event: 171.860 Executing VM operation: Cleanup done
Event: 172.864 Executing VM operation: Cleanup
Event: 172.864 Executing VM operation: Cleanup done
Event: 173.867 Executing VM operation: Cleanup
Event: 173.883 Executing VM operation: Cleanup done
Event: 174.896 Executing VM operation: Cleanup
Event: 175.072 Executing VM operation: Cleanup done
Event: 175.678 Executing VM operation: G1CollectForAllocation

Memory protections (0 events):
No events

Nmethod flushes (20 events):
Event: 168.196 Thread 0x00000224b4302650 flushing  nmethod 0x00000224a2148390
Event: 168.196 Thread 0x00000224b4302650 flushing  nmethod 0x00000224a214a110
Event: 168.196 Thread 0x00000224b4302650 flushing  nmethod 0x00000224a2152b10
Event: 168.196 Thread 0x00000224b4302650 flushing  nmethod 0x00000224a2153a10
Event: 168.196 Thread 0x00000224b4302650 flushing  nmethod 0x00000224a2156f10
Event: 168.196 Thread 0x00000224b4302650 flushing  nmethod 0x00000224a2157d10
Event: 168.196 Thread 0x00000224b4302650 flushing  nmethod 0x00000224a2158990
Event: 168.196 Thread 0x00000224b4302650 flushing  nmethod 0x00000224a2162090
Event: 168.196 Thread 0x00000224b4302650 flushing  nmethod 0x00000224a2165510
Event: 168.196 Thread 0x00000224b4302650 flushing  nmethod 0x00000224a2166a90
Event: 168.196 Thread 0x00000224b4302650 flushing  nmethod 0x00000224a216ac90
Event: 168.196 Thread 0x00000224b4302650 flushing  nmethod 0x00000224a216ff90
Event: 168.196 Thread 0x00000224b4302650 flushing  nmethod 0x00000224a218b210
Event: 168.196 Thread 0x00000224b4302650 flushing  nmethod 0x00000224a219e590
Event: 168.197 Thread 0x00000224b4302650 flushing  nmethod 0x00000224a21a4a10
Event: 168.197 Thread 0x00000224b4302650 flushing  nmethod 0x00000224a21bcc10
Event: 168.197 Thread 0x00000224b4302650 flushing  nmethod 0x00000224a21bdf10
Event: 168.197 Thread 0x00000224b4302650 flushing  nmethod 0x00000224a2273990
Event: 168.199 Thread 0x00000224b4302650 flushing  nmethod 0x00000224a233f410
Event: 168.199 Thread 0x00000224b4302650 flushing  nmethod 0x00000224a234bc90

Events (20 events):
Event: 39.880 Thread 0x00000224c903bf20 Thread added: 0x00000224c9041f50
Event: 44.383 Thread 0x00000224c873a1d0 Thread added: 0x00000224c7931780
Event: 44.899 Thread 0x00000224c873a1d0 Thread added: 0x00000224c792dfd0
Event: 45.016 Thread 0x00000224c873a1d0 Thread added: 0x00000224c792f410
Event: 45.040 Thread 0x00000224c873a1d0 Thread added: 0x00000224c792ef00
Event: 48.078 Thread 0x00000224c873a1d0 Thread added: 0x00000224c792e9f0
Event: 57.929 Thread 0x00000224c873a1d0 Thread added: 0x00000224c7930d60
Event: 57.978 Thread 0x00000224c873a1d0 Thread added: 0x00000224c792f920
Event: 85.673 Thread 0x00000224c903e290 Thread exited: 0x00000224c903e290
Event: 85.673 Thread 0x00000224c903ba10 Thread exited: 0x00000224c903ba10
Event: 85.756 Thread 0x00000224c903ecb0 Thread exited: 0x00000224c903ecb0
Event: 89.878 Thread 0x00000224c903bf20 Thread added: 0x00000224c8c4ded0
Event: 92.044 Thread 0x00000224c903bf20 Thread added: 0x00000224c956c3e0
Event: 97.102 Thread 0x00000224c9041a40 Thread exited: 0x00000224c9041a40
Event: 99.885 Thread 0x00000224c903f6d0 Thread exited: 0x00000224c903f6d0
Event: 100.102 Thread 0x00000224c903fbe0 Thread exited: 0x00000224c903fbe0
Event: 146.783 Thread 0x00000224c903f1c0 Thread exited: 0x00000224c903f1c0
Event: 162.219 Thread 0x00000224c8c51170 Thread exited: 0x00000224c8c51170
Event: 162.221 Thread 0x00000224c8c4fd30 Thread exited: 0x00000224c8c4fd30
Event: 162.221 Thread 0x00000224c8c4e3e0 Thread exited: 0x00000224c8c4e3e0


Dynamic libraries:
0x00007ff7f5e40000 - 0x00007ff7f5e4e000 	C:\Program Files\Eclipse Adoptium\jdk-17.0.19.10-hotspot\bin\java.exe
0x00007ffe8d460000 - 0x00007ffe8d6c6000 	C:\WINDOWS\SYSTEM32\ntdll.dll
0x00007ffe8b640000 - 0x00007ffe8b709000 	C:\WINDOWS\System32\KERNEL32.DLL
0x00007ffe8ada0000 - 0x00007ffe8b19a000 	C:\WINDOWS\System32\KERNELBASE.dll
0x00007ffe8ac50000 - 0x00007ffe8ad9c000 	C:\WINDOWS\System32\ucrtbase.dll
0x00007ffe3cdd0000 - 0x00007ffe3cdee000 	C:\Program Files\Eclipse Adoptium\jdk-17.0.19.10-hotspot\bin\VCRUNTIME140.dll
0x00007ffe387e0000 - 0x00007ffe387f8000 	C:\Program Files\Eclipse Adoptium\jdk-17.0.19.10-hotspot\bin\jli.dll
0x00007ffe8b920000 - 0x00007ffe8bae7000 	C:\WINDOWS\System32\USER32.dll
0x00007ffe8b1a0000 - 0x00007ffe8b1c7000 	C:\WINDOWS\System32\win32u.dll
0x00007ffe6d8d0000 - 0x00007ffe6db62000 	C:\WINDOWS\WinSxS\amd64_microsoft.windows.common-controls_6595b64144ccf1df_6.0.26100.8521_none_3e08b75ce33403b3\COMCTL32.dll
0x00007ffe8cf50000 - 0x00007ffe8cff9000 	C:\WINDOWS\System32\msvcrt.dll
0x00007ffe8d3f0000 - 0x00007ffe8d41b000 	C:\WINDOWS\System32\GDI32.dll
0x00007ffe8a7a0000 - 0x00007ffe8a8cb000 	C:\WINDOWS\System32\gdi32full.dll
0x00007ffe8a8d0000 - 0x00007ffe8a973000 	C:\WINDOWS\System32\msvcp_win.dll
0x00007ffe8c160000 - 0x00007ffe8c192000 	C:\WINDOWS\System32\IMM32.DLL
0x00007ffe44400000 - 0x00007ffe4440c000 	C:\Program Files\Eclipse Adoptium\jdk-17.0.19.10-hotspot\bin\vcruntime140_1.dll
0x00007ffe07840000 - 0x00007ffe078cd000 	C:\Program Files\Eclipse Adoptium\jdk-17.0.19.10-hotspot\bin\msvcp140.dll
0x00007ffd95b30000 - 0x00007ffd9679c000 	C:\Program Files\Eclipse Adoptium\jdk-17.0.19.10-hotspot\bin\server\jvm.dll
0x00007ffe8bba0000 - 0x00007ffe8bc56000 	C:\WINDOWS\System32\ADVAPI32.dll
0x00007ffe8baf0000 - 0x00007ffe8bb9a000 	C:\WINDOWS\System32\sechost.dll
0x00007ffe8c1a0000 - 0x00007ffe8c2b8000 	C:\WINDOWS\System32\RPCRT4.dll
0x00007ffe8bd40000 - 0x00007ffe8bdc0000 	C:\WINDOWS\System32\WS2_32.dll
0x00007ffe8a570000 - 0x00007ffe8a5ce000 	C:\WINDOWS\SYSTEM32\POWRPROF.dll
0x00007ffe7f970000 - 0x00007ffe7f9a6000 	C:\WINDOWS\SYSTEM32\WINMM.dll
0x00007ffe79e30000 - 0x00007ffe79e3b000 	C:\WINDOWS\SYSTEM32\VERSION.dll
0x00007ffe8a550000 - 0x00007ffe8a564000 	C:\WINDOWS\SYSTEM32\UMPDC.dll
0x00007ffe89480000 - 0x00007ffe8949b000 	C:\WINDOWS\SYSTEM32\kernel.appcore.dll
0x00007ffe42fb0000 - 0x00007ffe42fba000 	C:\Program Files\Eclipse Adoptium\jdk-17.0.19.10-hotspot\bin\jimage.dll
0x00007ffe87e70000 - 0x00007ffe880b2000 	C:\WINDOWS\SYSTEM32\DBGHELP.DLL
0x00007ffe8bdd0000 - 0x00007ffe8c153000 	C:\WINDOWS\System32\combase.dll
0x00007ffe8bc60000 - 0x00007ffe8bd39000 	C:\WINDOWS\System32\OLEAUT32.dll
0x00007ffe69910000 - 0x00007ffe6994b000 	C:\WINDOWS\SYSTEM32\dbgcore.DLL
0x00007ffe8a6f0000 - 0x00007ffe8a798000 	C:\WINDOWS\System32\bcryptPrimitives.dll
0x00007ffe41570000 - 0x00007ffe4157e000 	C:\Program Files\Eclipse Adoptium\jdk-17.0.19.10-hotspot\bin\instrument.dll
0x00007ffe0a0e0000 - 0x00007ffe0a105000 	C:\Program Files\Eclipse Adoptium\jdk-17.0.19.10-hotspot\bin\java.dll
0x00007ffdf9a20000 - 0x00007ffdf9af7000 	C:\Program Files\Eclipse Adoptium\jdk-17.0.19.10-hotspot\bin\jsvml.dll
0x00007ffe8c2c0000 - 0x00007ffe8ca44000 	C:\WINDOWS\System32\SHELL32.dll
0x00007ffe88280000 - 0x00007ffe88b00000 	C:\WINDOWS\SYSTEM32\windows.storage.dll
0x00007ffe8b810000 - 0x00007ffe8b906000 	C:\WINDOWS\System32\SHCORE.dll
0x00007ffe8d300000 - 0x00007ffe8d367000 	C:\WINDOWS\System32\shlwapi.dll
0x00007ffe8a610000 - 0x00007ffe8a639000 	C:\WINDOWS\SYSTEM32\profapi.dll
0x00007ffe17360000 - 0x00007ffe17378000 	C:\Program Files\Eclipse Adoptium\jdk-17.0.19.10-hotspot\bin\zip.dll
0x00007ffe38710000 - 0x00007ffe3872a000 	C:\Program Files\Eclipse Adoptium\jdk-17.0.19.10-hotspot\bin\net.dll
0x00007ffe7f800000 - 0x00007ffe7f929000 	C:\WINDOWS\SYSTEM32\WINHTTP.dll
0x00007ffe899f0000 - 0x00007ffe89a5c000 	C:\WINDOWS\system32\mswsock.dll
0x00007ffe38630000 - 0x00007ffe38646000 	C:\Program Files\Eclipse Adoptium\jdk-17.0.19.10-hotspot\bin\nio.dll
0x00007ffe42380000 - 0x00007ffe42390000 	C:\Program Files\Eclipse Adoptium\jdk-17.0.19.10-hotspot\bin\verify.dll
0x00007ffe07ba0000 - 0x00007ffe07bc7000 	C:\Users\User\.gradle\native\1def1411415f61bf3af743bc5b6707747c0891f09f0c88961ee8f79bc544acac\windows-amd64\native-platform.dll
0x00007ffdfca10000 - 0x00007ffdfca87000 	C:\Users\User\.gradle\native\0.2.8\x86_64-windows-gnu\gradle-fileevents.dll
0x00007ffe42e90000 - 0x00007ffe42e9a000 	C:\Program Files\Eclipse Adoptium\jdk-17.0.19.10-hotspot\bin\management.dll
0x00007ffe42630000 - 0x00007ffe4263c000 	C:\Program Files\Eclipse Adoptium\jdk-17.0.19.10-hotspot\bin\management_ext.dll
0x00007ffe8b1d0000 - 0x00007ffe8b1d8000 	C:\WINDOWS\System32\PSAPI.DLL
0x00007ffe88e30000 - 0x00007ffe88e63000 	C:\WINDOWS\SYSTEM32\IPHLPAPI.DLL
0x00007ffe8b330000 - 0x00007ffe8b33a000 	C:\WINDOWS\System32\NSI.dll
0x00007ffe819d0000 - 0x00007ffe819ed000 	C:\WINDOWS\SYSTEM32\dhcpcsvc6.DLL
0x00007ffe819a0000 - 0x00007ffe819c5000 	C:\WINDOWS\SYSTEM32\dhcpcsvc.DLL
0x00007ffe88e70000 - 0x00007ffe88fba000 	C:\WINDOWS\SYSTEM32\DNSAPI.dll
0x00007ffe89810000 - 0x00007ffe8981d000 	C:\WINDOWS\SYSTEM32\DSPARSE.dll
0x00007ffe422a0000 - 0x00007ffe422a9000 	C:\Program Files\Eclipse Adoptium\jdk-17.0.19.10-hotspot\bin\extnet.dll
0x00007ffe89cd0000 - 0x00007ffe89ceb000 	C:\WINDOWS\SYSTEM32\CRYPTSP.dll
0x00007ffe893c0000 - 0x00007ffe893f9000 	C:\WINDOWS\system32\rsaenh.dll
0x00007ffe89aa0000 - 0x00007ffe89ad3000 	C:\WINDOWS\SYSTEM32\USERENV.dll
0x00007ffe8a5e0000 - 0x00007ffe8a60a000 	C:\WINDOWS\SYSTEM32\bcrypt.dll
0x00007ffe89cf0000 - 0x00007ffe89cfc000 	C:\WINDOWS\SYSTEM32\CRYPTBASE.dll
0x00007ffe3c5b0000 - 0x00007ffe3c5be000 	C:\Program Files\Eclipse Adoptium\jdk-17.0.19.10-hotspot\bin\sunmscapi.dll
0x00007ffe8aad0000 - 0x00007ffe8ac48000 	C:\WINDOWS\System32\CRYPT32.dll
0x00007ffe89ef0000 - 0x00007ffe89f20000 	C:\WINDOWS\SYSTEM32\ncrypt.dll
0x00007ffe89ea0000 - 0x00007ffe89edf000 	C:\WINDOWS\SYSTEM32\NTASN1.dll
0x00007ffe6a7f0000 - 0x00007ffe6a7f8000 	C:\WINDOWS\system32\wshunix.dll
0x00007ffe7ef30000 - 0x00007ffe7ef3b000 	C:\Windows\System32\rasadhlp.dll
0x00007ffe81be0000 - 0x00007ffe81c66000 	C:\WINDOWS\System32\fwpuclnt.dll
0x00007ffe895a0000 - 0x00007ffe895d6000 	C:\WINDOWS\SYSTEM32\ntmarta.dll

dbghelp: loaded successfully - version: 4.0.5 - missing functions: none
symbol engine: initialized successfully - sym options: 0x614 - pdb path: .;C:\Program Files\Eclipse Adoptium\jdk-17.0.19.10-hotspot\bin;C:\WINDOWS\SYSTEM32;C:\WINDOWS\WinSxS\amd64_microsoft.windows.common-controls_6595b64144ccf1df_6.0.26100.8521_none_3e08b75ce33403b3;C:\Program Files\Eclipse Adoptium\jdk-17.0.19.10-hotspot\bin\server;C:\Users\User\.gradle\native\1def1411415f61bf3af743bc5b6707747c0891f09f0c88961ee8f79bc544acac\windows-amd64;C:\Users\User\.gradle\native\0.2.8\x86_64-windows-gnu

VM Arguments:
jvm_args: --add-opens=java.base/java.lang=ALL-UNNAMED --add-opens=java.base/java.lang.invoke=ALL-UNNAMED --add-opens=java.base/java.util=ALL-UNNAMED --add-opens=java.prefs/java.util.prefs=ALL-UNNAMED --add-exports=jdk.compiler/com.sun.tools.javac.api=ALL-UNNAMED --add-exports=jdk.compiler/com.sun.tools.javac.util=ALL-UNNAMED --add-opens=java.base/java.util=ALL-UNNAMED --add-opens=java.prefs/java.util.prefs=ALL-UNNAMED --add-opens=java.base/java.nio.charset=ALL-UNNAMED --add-opens=java.base/java.net=ALL-UNNAMED --add-opens=java.base/java.util.concurrent=ALL-UNNAMED --add-opens=java.base/java.util.concurrent.atomic=ALL-UNNAMED --add-opens=java.xml/javax.xml.namespace=ALL-UNNAMED -XX:MaxMetaspaceSize=256m -XX:HeapBaseMinAddress=4g -XX:CICompilerCount=2 -Xss256k -Xmx1024m -Dfile.encoding=windows-1252 -Duser.country=IN -Duser.language=en -Duser.variant -javaagent:C:\Users\User\.gradle\wrapper\dists\gradle-9.0.0-bin\d6wjpkvcgsg3oed0qlfss3wgl\gradle-9.0.0\lib\agents\gradle-instrumentation-agent-9.0.0.jar 
java_command: org.gradle.launcher.daemon.bootstrap.GradleDaemon 9.0.0
java_class_path (initial): C:\Users\User\.gradle\wrapper\dists\gradle-9.0.0-bin\d6wjpkvcgsg3oed0qlfss3wgl\gradle-9.0.0\lib\gradle-daemon-main-9.0.0.jar
Launcher Type: SUN_STANDARD

[Global flags]
     intx CICompilerCount                          = 2                                         {product} {command line}
   size_t CompressedClassSpaceSize                 = 218103808                                 {product} {ergonomic}
     uint ConcGCThreads                            = 2                                         {product} {ergonomic}
     uint G1ConcRefinementThreads                  = 8                                         {product} {ergonomic}
   size_t G1HeapRegionSize                         = 1048576                                   {product} {ergonomic}
    uintx GCDrainStackTargetSize                   = 64                                        {product} {ergonomic}
   size_t HeapBaseMinAddress                       = 4294967296                             {pd product} {command line}
   size_t InitialHeapSize                          = 132120576                                 {product} {ergonomic}
   size_t MarkStackSize                            = 4194304                                   {product} {ergonomic}
   size_t MaxHeapSize                              = 1073741824                                {product} {command line}
   size_t MaxMetaspaceSize                         = 268435456                                 {product} {command line}
   size_t MaxNewSize                               = 643825664                                 {product} {ergonomic}
   size_t MinHeapDeltaBytes                        = 1048576                                   {product} {ergonomic}
   size_t MinHeapSize                              = 8388608                                   {product} {ergonomic}
    uintx NonNMethodCodeHeapSize                   = 5826188                                {pd product} {ergonomic}
    uintx NonProfiledCodeHeapSize                  = 122916026                              {pd product} {ergonomic}
    uintx ProfiledCodeHeapSize                     = 122916026                              {pd product} {ergonomic}
    uintx ReservedCodeCacheSize                    = 251658240                              {pd product} {ergonomic}
     bool SegmentedCodeCache                       = true                                      {product} {ergonomic}
   size_t SoftMaxHeapSize                          = 1073741824                             {manageable} {ergonomic}
     intx ThreadStackSize                          = 256                                    {pd product} {command line}
     bool UseCompressedClassPointers               = true                           {product lp64_product} {ergonomic}
     bool UseCompressedOops                        = true                           {product lp64_product} {ergonomic}
     bool UseG1GC                                  = true                                      {product} {ergonomic}
     bool UseLargePagesIndividualAllocation        = false                                  {pd product} {ergonomic}

Logging:
Log output configuration:
 #0: stdout all=warning uptime,level,tags
 #1: stderr all=off uptime,level,tags

Environment Variables:
JAVA_HOME=C:\Program Files\Eclipse Adoptium\jdk-17.0.19.10-hotspot
PATH=D:\Hinduja\SyncFound\codebase\syncfound-mobile-frontend\node_modules\.bin;D:\Hinduja\SyncFound\codebase\node_modules\.bin;D:\Hinduja\SyncFound\node_modules\.bin;D:\Hinduja\node_modules\.bin;D:\node_modules\.bin;C:\Users\User\AppData\Roaming\npm\node_modules\npm\node_modules\@npmcli\run-script\lib\node-gyp-bin;c:\Users\User\AppData\Roaming\Code\User\globalStorage\github.copilot-chat\debugCommand;c:\Users\User\AppData\Roaming\Code\User\globalStorage\github.copilot-chat\copilotCli;C:\Program Files\Eclipse Adoptium\jdk-17.0.19.10-hotspot\bin;C:\Python314\Scripts\;C:\Python314\;D:\Installation\Python311\Scripts\;D:\Installation\Python311\;C:\Windows\system32;C:\Windows;C:\Windows\System32\Wbem;C:\Windows\System32\WindowsPowerShell\v1.0\;C:\Windows\System32\OpenSSH\;D:\Installation\Git\cmd;C:\Program Files\Docker\Docker\resources\bin;C:\Program Files\Kubernetes\Minikube;C:\ProgramData\chocolatey\bin;C:\Program Files\Microsoft SQL Server\150\Tools\Binn\;C:\Program Files\Microsoft SQL Server\Client SDK\ODBC\170\Tools\Binn\;C:\Program Files\dotnet\;C:\Program Files (x86)\Windows Kits\10\Windows Performance Toolkit\;C:\Program Files (x86)\Yarn\bin\;D:\Installation\Go\bin;C:\WINDOWS\system32;C:\WINDOWS;C:\WINDOWS\System32\Wbem;C:\WINDOWS\System32\WindowsPowerShell\v1.0\;C:\WINDOWS\System32\OpenSSH\;D:\Installation\Void\bin;C:\Program Files\Meld\;D:\Installation\nodejs\;C:\Users\User\scoop\shims;C:\Users\User\AppData\Local\Microsoft\WindowsApps;D:\Installations\JetBrains\PyCharm Community Edition 2022.3.1\bin;;D:\Installation\flutter\bin;C:\Program Files\Eclipse Adoptium\jdk-17.0.19.10-hotspot\bin;D:\Installation\Python311;D:\Installation\Python311\Scripts\;D:\Installation\nodejs\;D:\Installation\Microsoft VS Code\bin;D:\Installation\Kubernetes;C:\Program Files\Kubernetes\Minikube;C:\ProgramData\chocolatey;C:\Program Files\MySQL\MySQL Server 8.0\bin;C:\Users\User\.dotnet\tools;C:\Users\User\AppData\Roaming\npm\node_modules\serverless\bin;D:\Installation\JetBrains\IntelliJ IDEA Community Edition 2022.3.3\bin;;D:\Installation\PostgreSQL\15\bin;C:\Users\User\AppData\Local\Yarn\bin;C:\Users\User\AppData\Local\Android\Sdk\platform-tools;D:\Installation\Anaconda3\condabin;D:\Installation\apache-maven-3.9.2\bin;C:\Users\User\AppData\Local\Pandoc\;C:\Users\User\go\bin;D:\Installation\Go\bin;C:\Users\User\AppData\Local\Programs\cursor\resources\app\bin;C:\Users\User\AppData\Local\GitHubDesktop\bin;C:\Users\User\AppData\Local\Programs\Ollama;C:\Users\User\AppData\Local\Android\Sdk\platform-tools;C:\Users\User\AppData\Roaming\npm;D:\Installation\Antigravity\bin;D:\Installation\Google\Cloud SDK\google-cloud-sdk\bin;C:\Program Files\Eclipse Adoptium\jdk-17.0.19.10-hotspot\bin;c:\Users\User\.vscode\extensions\vscjava.vscode-java-debug-0.59.0\bundled\scripts\noConfigScripts;c:\Users\User\.vscode\extensions\ms-python.debugpy-2026.6.0-win32-x64\bundled\scripts\noConfigScripts
USERNAME=User
LANG=en_US.UTF-8
OS=Windows_NT
PROCESSOR_IDENTIFIER=Intel64 Family 6 Model 140 Stepping 2, GenuineIntel
TMP=C:\Users\User\AppData\Local\Temp
TEMP=C:\Users\User\AppData\Local\Temp



Periodic native trim disabled


---------------  S Y S T E M  ---------------

OS:
 Windows 11 , 64 bit Build 26100 (10.0.26100.8521)
OS uptime: 1 days 13:27 hours
Hyper-V role detected

CPU: total 8 (initial active 8) (4 cores per cpu, 2 threads per core) family 6 model 140 stepping 2 microcode 0x2c, cx8, cmov, fxsr, ht, mmx, 3dnowpref, sse, sse2, sse3, ssse3, sse4.1, sse4.2, popcnt, lzcnt, tsc, tscinvbit, avx, avx2, aes, erms, clmul, bmi1, bmi2, adx, avx512f, avx512dq, avx512cd, avx512bw, avx512vl, sha, fma, vzeroupper, avx512_vpopcntdq, avx512_vpclmulqdq, avx512_vaes, avx512_vnni, clflush, clflushopt, clwb, avx512_vbmi2, avx512_vbmi, hv
Processor Information for processor 0
  Max Mhz: 2496, Current Mhz: 2496, Mhz Limit: 2496
Processor Information for processor 1
  Max Mhz: 2496, Current Mhz: 2496, Mhz Limit: 2496
Processor Information for processor 2
  Max Mhz: 2496, Current Mhz: 2496, Mhz Limit: 2496
Processor Information for processor 3
  Max Mhz: 2496, Current Mhz: 2496, Mhz Limit: 2496
Processor Information for processor 4
  Max Mhz: 2496, Current Mhz: 2496, Mhz Limit: 2496
Processor Information for processor 5
  Max Mhz: 2496, Current Mhz: 2496, Mhz Limit: 2496
Processor Information for processor 6
  Max Mhz: 2496, Current Mhz: 2496, Mhz Limit: 2496
Processor Information for processor 7
  Max Mhz: 2496, Current Mhz: 1198, Mhz Limit: 2496

Memory: 4k page, system-wide physical 7941M (324M free)
TotalPageFile size 32517M (AvailPageFile size 5M)
current process WorkingSet (physical memory assigned to process): 308M, peak: 495M
current process commit charge ("private bytes"): 807M, peak: 808M

vm_info: OpenJDK 64-Bit Server VM (17.0.19+10) for windows-amd64 JRE (17.0.19+10), built on Apr 25 2026 08:04:44 by "admin" with MS VC++ 17.12 (VS2022)

END.
